"DiscountPercentage","InitialPlannedQuantity","Name","PricebookEntryId","SalesAgreementId","SalesPrice"
"2.0","162","Hammer H500","01uB00000011k0TIAQ","0YAB00000008QE6OAM","3066.0"
"8.0","36","Pulverizer P10","01uB00000011k0VIAQ","0YAB00000008QDzOAM","4365.0"
"2.0","108","Sweeper S1000","01uB00000011k0MIAQ","0YAB00000008QD1OAM","6450.0"
"15.0","84","Pulverizer P10","01uB00000011k0VIAQ","0YAB00000008QDkOAM","3420.0"
"20.0","36","Backhoe Attachment R2","01uB00000011k0LIAQ","0YAB00000008QD8OAM","15785.0"
"10.0","588","Ripper 27","01uB00000011k0bIAA","0YAB00000008QCtOAM","970.0"
"13.0","36","Hammer H500","01uB00000011k0TIAQ","0YAB00000008QDkOAM","2940.0"
"14.0","36","Compactor 3500","01uB00000011k0XIAQ","0YAB00000008QD2OAM","4025.0"
"2.0","24","Compactor 9500","01uB00000011k0ZIAQ","0YAB00000008QDuOAM","9100.0"
"7.0","288","Pulverizer P20","01uB00000011k0WIAQ","0YAB00000008QDHOA2","4560.0"
"15.0","2592","Ripper 34","01uB00000011k0cIAA","0YAB00000008QDxOAM","958.0"
"8.0","144","Trencher T36","01uB00000011k0QIAQ","0YAB00000008QD8OAM","4320.0"
"7.0","72","Backhoe Attachment R2","01uB00000011k0LIAQ","0YAB00000008QDqOAM","19475.0"
"11.0","18","Pickup Broom PB100","01uB00000011k0NIAQ","0YAB00000008QD3OAM","6279.0"
"4.0","318","Ripper 27","01uB00000011k0bIAA","0YAB00000008QDfOAM","890.0"
"1.0","486","Hammer H700","01uB00000011k0UIAQ","0YAB00000008QE9OAM","4600.0"
"0.0","42","Utility Broom UB1000","01uB00000011k0PIAQ","0YAB00000008QCsOAM","3600.0"
"14.0","36","Pickup Broom PB100","01uB00000011k0NIAQ","0YAB00000008QCmOAM","6555.0"
"9.0","48","Trencher T48","01uB00000011k0RIAQ","0YAB00000008QDKOA2","5056.0"
"12.0","162","Pickup Broom PB100","01uB00000011k0NIAQ","0YAB00000008QD4OAM","5244.0"
"11.0","180","Sweeper S1000","01uB00000011k0MIAQ","0YAB00000008QE4OAM","7125.0"
"1.0","1","Backhoe Attachment R1","01uB00000011k0KIAQ","0YAB00000008QD7OAM","16770.0"
"17.0","1764","Ripper 27","01uB00000011k0bIAA","0YAB00000008QCyOAM","970.0"
"17.0","60","Pickup Broom PB200","01uB00000011k0OIAQ","0YAB00000008QDZOA2","5475.0"
"0.0","360","Pulverizer P20","01uB00000011k0WIAQ","0YAB00000008QEIOA2","3895.0"
"9.0","324","Pulverizer P10","01uB00000011k0VIAQ","0YAB00000008QDNOA2","4050.0"
"16.0","2430","Ripper 34","01uB00000011k0cIAA","0YAB00000008QDWOA2","1012.0"
"8.0","216","Pickup Broom PB100","01uB00000011k0NIAQ","0YAB00000008QE7OAM","4830.0"
"14.0","54","Compactor 9500","01uB00000011k0ZIAQ","0YAB00000008QCkOAM","11830.0"
"13.0","378","Hammer H700","01uB00000011k0UIAQ","0YAB00000008QCbOAM","5520.0"
"19.0","288","Ripper 27","01uB00000011k0bIAA","0YAB00000008QD3OAM","1000.0"
"11.0","72","Pickup Broom PB100","01uB00000011k0NIAQ","0YAB00000008QCwOAM","4968.0"
"18.0","144","Compactor 9500","01uB00000011k0ZIAQ","0YAB00000008QEFOA2","9360.0"
"14.0","378","Ripper 27","01uB00000011k0bIAA","0YAB00000008QEBOA2","760.0"
"0.0","252","Utility Broom UB1000","01uB00000011k0PIAQ","0YAB00000008QEIOA2","3825.0"
"5.0","162","Compactor 9000","01uB00000011k0YIAQ","0YAB00000008QE9OAM","8100.0"
"3.0","48","Pickup Broom PB200","01uB00000011k0OIAQ","0YAB00000008QDSOA2","6900.0"
"20.0","18","Pickup Broom PB100","01uB00000011k0NIAQ","0YAB00000008QE1OAM","5520.0"
"16.0","90","Sweeper S1000","01uB00000011k0MIAQ","0YAB00000008QD8OAM","7425.0"
"5.0","108","Compactor 9000","01uB00000011k0YIAQ","0YAB00000008QCpOAM","7695.0"
"0.0","126","Hammer H700","01uB00000011k0UIAQ","0YAB00000008QCeOAM","5635.0"
"17.0","324","Sweeper S1000","01uB00000011k0MIAQ","0YAB00000008QCcOAM","6075.0"
"1.0","18","Pickup Broom PB100","01uB00000011k0NIAQ","0YAB00000008QDuOAM","6417.0"
"13.0","108","Pickup Broom PB100","01uB00000011k0NIAQ","0YAB00000008QE5OAM","6141.0"
"16.0","12","Backhoe Attachment R1","01uB00000011k0KIAQ","0YAB00000008QCvOAM","14430.0"
"1.0","120","Pulverizer P20","01uB00000011k0WIAQ","0YAB00000008QDROA2","3752.0"
"1.0","378","Trencher T48","01uB00000011k0RIAQ","0YAB00000008QDTOA2","5888.0"
"15.0","216","Ripper 34","01uB00000011k0cIAA","0YAB00000008QDKOA2","1255.0"
"18.0","12","Backhoe Attachment R2","01uB00000011k0LIAQ","0YAB00000008QECOA2","17220.0"
"19.0","432","Pulverizer P10","01uB00000011k0VIAQ","0YAB00000008QE8OAM","3195.0"
"1.0","1728","Ripper 19","01uB00000011k0aIAA","0YAB00000008QDVOA2","584.0"
"9.0","24","Pickup Broom PB200","01uB00000011k0OIAQ","0YAB00000008QDyOAM","7275.0"
"8.0","360","Ripper 19","01uB00000011k0aIAA","0YAB00000008QDCOA2","624.0"
"9.0","108","Pickup Broom PB100","01uB00000011k0NIAQ","0YAB00000008QCqOAM","6072.0"
"5.0","324","Ripper 37","01uB00000011k0dIAA","0YAB00000008QCcOAM","1720.0"
"20.0","288","Hammer H700","01uB00000011k0UIAQ","0YAB00000008QDnOAM","5117.0"
"1.0","54","Hammer H700","01uB00000011k0UIAQ","0YAB00000008QDKOA2","4657.0"
"12.0","6","Trencher T60","01uB00000011k0SIAQ","0YAB00000008QCsOAM","8910.0"
"20.0","378","Utility Broom UB1000","01uB00000011k0PIAQ","0YAB00000008QE7OAM","3735.0"
"20.0","36","Ripper 37","01uB00000011k0dIAA","0YAB00000008QDeOAM","1780.0"
"3.0","162","Compactor 9000","01uB00000011k0YIAQ","0YAB00000008QDVOA2","7695.0"
"15.0","36","Hammer H500","01uB00000011k0TIAQ","0YAB00000008QDPOA2","3486.0"
"16.0","72","Backhoe Attachment R2","01uB00000011k0LIAQ","0YAB00000008QDjOAM","15785.0"
"12.0","84","Utility Broom UB1000","01uB00000011k0PIAQ","0YAB00000008QDlOAM","3735.0"
"0.0","216","Pulverizer P10","01uB00000011k0VIAQ","0YAB00000008QE5OAM","4455.0"
"9.0","1","Backhoe Attachment R1","01uB00000011k0KIAQ","0YAB00000008QEFOA2","15015.0"
"14.0","252","Utility Broom UB1000","01uB00000011k0PIAQ","0YAB00000008QClOAM","3915.0"
"10.0","30","Sweeper S1000","01uB00000011k0MIAQ","0YAB00000008QDKOA2","7050.0"
"7.0","48","Trencher T36","01uB00000011k0QIAQ","0YAB00000008QDuOAM","4200.0"
"17.0","24","Backhoe Attachment R2","01uB00000011k0LIAQ","0YAB00000008QDOOA2","16195.0"
"5.0","216","Ripper 37","01uB00000011k0dIAA","0YAB00000008QCyOAM","1700.0"
"13.0","288","Pulverizer P20","01uB00000011k0WIAQ","0YAB00000008QCzOAM","4750.0"
"9.0","18","Trencher T60","01uB00000011k0SIAQ","0YAB00000008QD1OAM","7830.0"
"3.0","36","Trencher T60","01uB00000011k0SIAQ","0YAB00000008QDHOA2","7110.0"
"0.0","252","Trencher T36","01uB00000011k0QIAQ","0YAB00000008QD6OAM","5040.0"
"2.0","72","Pickup Broom PB200","01uB00000011k0OIAQ","0YAB00000008QCoOAM","7500.0"
"6.0","96","Pulverizer P20","01uB00000011k0WIAQ","0YAB00000008QDkOAM","4655.0"
"9.0","216","Compactor 9000","01uB00000011k0YIAQ","0YAB00000008QDGOA2","6885.0"
"0.0","72","Compactor 3500","01uB00000011k0XIAQ","0YAB00000008QDqOAM","4082.0"
"1.0","198","Pulverizer P20","01uB00000011k0WIAQ","0YAB00000008QCeOAM","3657.0"
"20.0","360","Pulverizer P20","01uB00000011k0WIAQ","0YAB00000008QDoOAM","3752.0"
"9.0","18","Hammer H500","01uB00000011k0TIAQ","0YAB00000008QDKOA2","3318.0"
"9.0","42","Sweeper S1000","01uB00000011k0MIAQ","0YAB00000008QDsOAM","5400.0"
"12.0","216","Compactor 9500","01uB00000011k0ZIAQ","0YAB00000008QE8OAM","9620.0"
"2.0","162","Pickup Broom PB100","01uB00000011k0NIAQ","0YAB00000008QDxOAM","6141.0"
"11.0","48","Pulverizer P10","01uB00000011k0VIAQ","0YAB00000008QE0OAM","3330.0"
"14.0","252","Trencher T36","01uB00000011k0QIAQ","0YAB00000008QD7OAM","4620.0"
"19.0","1764","Ripper 27","01uB00000011k0bIAA","0YAB00000008QDhOAM","970.0"
"13.0","108","Pulverizer P10","01uB00000011k0VIAQ","0YAB00000008QD2OAM","4365.0"
"11.0","540","Pulverizer P20","01uB00000011k0WIAQ","0YAB00000008QDVOA2","3942.0"
"8.0","468","Ripper 19","01uB00000011k0aIAA","0YAB00000008QDMOA2","728.0"
"19.0","54","Trencher T48","01uB00000011k0RIAQ","0YAB00000008QEBOA2","4480.0"
"10.0","306","Ripper 27","01uB00000011k0bIAA","0YAB00000008QDyOAM","940.0"
"17.0","36","Backhoe Attachment R2","01uB00000011k0LIAQ","0YAB00000008QD2OAM","15375.0"
"2.0","162","Compactor 9500","01uB00000011k0ZIAQ","0YAB00000008QCbOAM","12350.0"
"19.0","72","Utility Broom UB1000","01uB00000011k0PIAQ","0YAB00000008QCmOAM","4230.0"
"16.0","288","Utility Broom UB1000","01uB00000011k0PIAQ","0YAB00000008QDqOAM","3375.0"
"6.0","96","Pulverizer P10","01uB00000011k0VIAQ","0YAB00000008QDvOAM","3195.0"
"17.0","24","Compactor 9500","01uB00000011k0ZIAQ","0YAB00000008QDsOAM","9100.0"
"2.0","36","Trencher T60","01uB00000011k0SIAQ","0YAB00000008QD7OAM","6840.0"
"8.0","360","Hammer H700","01uB00000011k0UIAQ","0YAB00000008QCzOAM","4082.0"
"14.0","72","Sweeper S1000","01uB00000011k0MIAQ","0YAB00000008QDSOA2","6750.0"
"1.0","108","Compactor 9500","01uB00000011k0ZIAQ","0YAB00000008QDjOAM","11440.0"
"7.0","18","Hammer H500","01uB00000011k0TIAQ","0YAB00000008QDuOAM","3570.0"
"3.0","72","Pickup Broom PB200","01uB00000011k0OIAQ","0YAB00000008QD2OAM","7275.0"
"19.0","156","Ripper 19","01uB00000011k0aIAA","0YAB00000008QDtOAM","728.0"
"9.0","108","Trencher T36","01uB00000011k0QIAQ","0YAB00000008QDYOA2","6000.0"
"12.0","42","Trencher T36","01uB00000011k0QIAQ","0YAB00000008QECOA2","5040.0"
"8.0","1728","Ripper 27","01uB00000011k0bIAA","0YAB00000008QEIOA2","1000.0"
"18.0","54","Compactor 9500","01uB00000011k0ZIAQ","0YAB00000008QDXOA2","12740.0"
"19.0","360","Pulverizer P20","01uB00000011k0WIAQ","0YAB00000008QE2OAM","3752.0"
"18.0","36","Utility Broom UB1000","01uB00000011k0PIAQ","0YAB00000008QD3OAM","4005.0"
"1.0","54","Compactor 9000","01uB00000011k0YIAQ","0YAB00000008QDFOA2","7695.0"
"16.0","126","Pulverizer P10","01uB00000011k0VIAQ","0YAB00000008QDLOA2","3600.0"
"0.0","432","Hammer H700","01uB00000011k0UIAQ","0YAB00000008QCcOAM","5290.0"
"5.0","3186","Ripper 27","01uB00000011k0bIAA","0YAB00000008QE7OAM","810.0"
"15.0","108","Trencher T60","01uB00000011k0SIAQ","0YAB00000008QD4OAM","6480.0"
"11.0","24","Backhoe Attachment R2","01uB00000011k0LIAQ","0YAB00000008QDvOAM","19475.0"
"5.0","48","Compactor 9000","01uB00000011k0YIAQ","0YAB00000008QDCOA2","5670.0"
"19.0","12","Compactor 3500","01uB00000011k0XIAQ","0YAB00000008QEAOA2","4025.0"
"5.0","360","Pulverizer P20","01uB00000011k0WIAQ","0YAB00000008QE3OAM","3752.0"
"8.0","144","Ripper 19","01uB00000011k0aIAA","0YAB00000008QECOA2","768.0"
"2.0","384","Ripper 19","01uB00000011k0aIAA","0YAB00000008QDBOA2","576.0"
"8.0","288","Ripper 19","01uB00000011k0aIAA","0YAB00000008QDkOAM","784.0"
"15.0","48","Pulverizer P20","01uB00000011k0WIAQ","0YAB00000008QDyOAM","4560.0"
"9.0","72","Trencher T36","01uB00000011k0QIAQ","0YAB00000008QDOOA2","6000.0"
"1.0","66","Pulverizer P20","01uB00000011k0WIAQ","0YAB00000008QDIOA2","3420.0"
"12.0","162","Pickup Broom PB100","01uB00000011k0NIAQ","0YAB00000008QDVOA2","5175.0"
"18.0","294","Ripper 27","01uB00000011k0bIAA","0YAB00000008QE0OAM","970.0"
"7.0","18","Compactor 9500","01uB00000011k0ZIAQ","0YAB00000008QDeOAM","12740.0"
"2.0","216","Ripper 37","01uB00000011k0dIAA","0YAB00000008QE3OAM","1600.0"
"2.0","48","Pickup Broom PB100","01uB00000011k0NIAQ","0YAB00000008QDROA2","4968.0"
"19.0","84","Trencher T48","01uB00000011k0RIAQ","0YAB00000008QDPOA2","5312.0"
"2.0","42","Hammer H700","01uB00000011k0UIAQ","0YAB00000008QE1OAM","5692.0"
"13.0","42","Hammer H700","01uB00000011k0UIAQ","0YAB00000008QCsOAM","5520.0"
"1.0","48","Pulverizer P20","01uB00000011k0WIAQ","0YAB00000008QDKOA2","4560.0"
"10.0","60","Hammer H700","01uB00000011k0UIAQ","0YAB00000008QDdOAM","4370.0"
"4.0","252","Trencher T36","01uB00000011k0QIAQ","0YAB00000008QDoOAM","4740.0"
"6.0","378","Ripper 37","01uB00000011k0dIAA","0YAB00000008QE8OAM","1560.0"
"12.0","66","Pulverizer P20","01uB00000011k0WIAQ","0YAB00000008QDfOAM","3562.0"
"11.0","54","Compactor 3500","01uB00000011k0XIAQ","0YAB00000008QE7OAM","5462.0"
"8.0","1","Backhoe Attachment R1","01uB00000011k0KIAQ","0YAB00000008QCkOAM","16770.0"
"0.0","36","Ripper 37","01uB00000011k0dIAA","0YAB00000008QEBOA2","1740.0"
"12.0","54","Trencher T60","01uB00000011k0SIAQ","0YAB00000008QDNOA2","8820.0"
"5.0","1404","Ripper 34","01uB00000011k0cIAA","0YAB00000008QEEOA2","1161.0"
"13.0","108","Compactor 9500","01uB00000011k0ZIAQ","0YAB00000008QE5OAM","11440.0"
"9.0","48","Trencher T36","01uB00000011k0QIAQ","0YAB00000008QDzOAM","4320.0"
"5.0","528","Ripper 34","01uB00000011k0cIAA","0YAB00000008QDROA2","1039.0"
"20.0","48","Pickup Broom PB100","01uB00000011k0NIAQ","0YAB00000008QDSOA2","4830.0"
"6.0","720","Ripper 27","01uB00000011k0bIAA","0YAB00000008QDkOAM","800.0"
"20.0","108","Pickup Broom PB100","01uB00000011k0NIAQ","0YAB00000008QCzOAM","5037.0"
"10.0","36","Compactor 9500","01uB00000011k0ZIAQ","0YAB00000008QDPOA2","13000.0"
"11.0","3456","Ripper 27","01uB00000011k0bIAA","0YAB00000008QDTOA2","740.0"
"5.0","54","Hammer H700","01uB00000011k0UIAQ","0YAB00000008QECOA2","4427.0"
"3.0","288","Utility Broom UB1000","01uB00000011k0PIAQ","0YAB00000008QDgOAM","3465.0"
"5.0","36","Trencher T60","01uB00000011k0SIAQ","0YAB00000008QE5OAM","8370.0"
"15.0","48","Hammer H700","01uB00000011k0UIAQ","0YAB00000008QE0OAM","5462.0"
"6.0","216","Ripper 34","01uB00000011k0cIAA","0YAB00000008QD3OAM","1255.0"
"14.0","276","Ripper 34","01uB00000011k0cIAA","0YAB00000008QEAOA2","999.0"
"14.0","864","Ripper 27","01uB00000011k0bIAA","0YAB00000008QD0OAM","990.0"
"13.0","72","Compactor 9000","01uB00000011k0YIAQ","0YAB00000008QD8OAM","6561.0"
"6.0","24","Pickup Broom PB200","01uB00000011k0OIAQ","0YAB00000008QDfOAM","7500.0"
"16.0","216","Ripper 37","01uB00000011k0dIAA","0YAB00000008QD6OAM","1620.0"
"18.0","12","Hammer H500","01uB00000011k0TIAQ","0YAB00000008QDsOAM","3990.0"
"19.0","108","Pickup Broom PB100","01uB00000011k0NIAQ","0YAB00000008QD6OAM","5934.0"
"9.0","240","Ripper 34","01uB00000011k0cIAA","0YAB00000008QDfOAM","1134.0"
"12.0","150","Ripper 19","01uB00000011k0aIAA","0YAB00000008QCiOAM","736.0"
"16.0","2160","Ripper 27","01uB00000011k0bIAA","0YAB00000008QE3OAM","800.0"
"6.0","42","Trencher T48","01uB00000011k0RIAQ","0YAB00000008QEHOA2","5824.0"
"18.0","72","Pulverizer P20","01uB00000011k0WIAQ","0YAB00000008QECOA2","3372.0"
"14.0","300","Ripper 19","01uB00000011k0aIAA","0YAB00000008QCtOAM","736.0"
"15.0","1","Backhoe Attachment R1","01uB00000011k0KIAQ","0YAB00000008QCbOAM","15405.0"
"1.0","36","Compactor 9500","01uB00000011k0ZIAQ","0YAB00000008QDROA2","12090.0"
"17.0","1","Backhoe Attachment R1","01uB00000011k0KIAQ","0YAB00000008QCtOAM","18135.0"
"14.0","432","Ripper 19","01uB00000011k0aIAA","0YAB00000008QDQOA2","768.0"
"13.0","288","Trencher T48","01uB00000011k0RIAQ","0YAB00000008QDwOAM","5056.0"
"15.0","252","Trencher T36","01uB00000011k0QIAQ","0YAB00000008QDnOAM","4980.0"
"18.0","24","Pickup Broom PB200","01uB00000011k0OIAQ","0YAB00000008QECOA2","6075.0"
"20.0","48","Trencher T48","01uB00000011k0RIAQ","0YAB00000008QDeOAM","4736.0"
"19.0","36","Compactor 9500","01uB00000011k0ZIAQ","0YAB00000008QCvOAM","11310.0"
"16.0","36","Trencher T60","01uB00000011k0SIAQ","0YAB00000008QEIOA2","7380.0"
"12.0","198","Pulverizer P20","01uB00000011k0WIAQ","0YAB00000008QCkOAM","3610.0"
"7.0","108","Backhoe Attachment R2","01uB00000011k0LIAQ","0YAB00000008QE9OAM","16810.0"
"8.0","216","Pickup Broom PB100","01uB00000011k0NIAQ","0YAB00000008QEGOA2","4899.0"
"0.0","180","Pulverizer P20","01uB00000011k0WIAQ","0YAB00000008QD9OAM","4085.0"
"16.0","450","Ripper 19","01uB00000011k0aIAA","0YAB00000008QCwOAM","760.0"
"9.0","18","Compactor 9000","01uB00000011k0YIAQ","0YAB00000008QDIOA2","7209.0"
"3.0","72","Pickup Broom PB200","01uB00000011k0OIAQ","0YAB00000008QD8OAM","7500.0"
"10.0","54","Pickup Broom PB100","01uB00000011k0NIAQ","0YAB00000008QDmOAM","5313.0"
"13.0","180","Sweeper S1000","01uB00000011k0MIAQ","0YAB00000008QDwOAM","7050.0"
"15.0","216","Compactor 9000","01uB00000011k0YIAQ","0YAB00000008QDWOA2","6318.0"
"8.0","84","Sweeper S1000","01uB00000011k0MIAQ","0YAB00000008QDPOA2","5850.0"
"14.0","24","Trencher T60","01uB00000011k0SIAQ","0YAB00000008QDEOA2","6300.0"
"10.0","24","Pickup Broom PB100","01uB00000011k0NIAQ","0YAB00000008QDEOA2","6762.0"
"13.0","216","Pickup Broom PB200","01uB00000011k0OIAQ","0YAB00000008QCbOAM","7350.0"
"6.0","36","Pickup Broom PB100","01uB00000011k0NIAQ","0YAB00000008QDvOAM","6555.0"
"1.0","12","Backhoe Attachment R2","01uB00000011k0LIAQ","0YAB00000008QDfOAM","14760.0"
"3.0","72","Pickup Broom PB100","01uB00000011k0NIAQ","0YAB00000008QDDOA2","4968.0"
"20.0","54","Backhoe Attachment R1","01uB00000011k0KIAQ","0YAB00000008QDWOA2","14040.0"
"18.0","72","Pulverizer P20","01uB00000011k0WIAQ","0YAB00000008QDzOAM","3372.0"
"5.0","540","Hammer H700","01uB00000011k0UIAQ","0YAB00000008QDGOA2","4140.0"
"17.0","456","Ripper 34","01uB00000011k0cIAA","0YAB00000008QDZOA2","1201.0"
"16.0","18","Compactor 9000","01uB00000011k0YIAQ","0YAB00000008QDsOAM","7857.0"
"6.0","108","Pickup Broom PB100","01uB00000011k0NIAQ","0YAB00000008QEFOA2","6555.0"
"20.0","144","Compactor 9000","01uB00000011k0YIAQ","0YAB00000008QE2OAM","6399.0"
"20.0","252","Pulverizer P10","01uB00000011k0VIAQ","0YAB00000008QCzOAM","3555.0"
"17.0","684","Ripper 34","01uB00000011k0cIAA","0YAB00000008QD1OAM","1188.0"
"9.0","156","Ripper 19","01uB00000011k0aIAA","0YAB00000008QDuOAM","720.0"
"15.0","1224","Ripper 34","01uB00000011k0cIAA","0YAB00000008QCyOAM","1323.0"
"19.0","60","Pickup Broom PB200","01uB00000011k0OIAQ","0YAB00000008QDEOA2","5550.0"
"11.0","162","Hammer H700","01uB00000011k0UIAQ","0YAB00000008QCkOAM","4600.0"
"2.0","360","Ripper 19","01uB00000011k0aIAA","0YAB00000008QDROA2","632.0"
"11.0","684","Ripper 27","01uB00000011k0bIAA","0YAB00000008QCxOAM","830.0"
"16.0","108","Pickup Broom PB100","01uB00000011k0NIAQ","0YAB00000008QCpOAM","5382.0"
"13.0","180","Ripper 37","01uB00000011k0dIAA","0YAB00000008QEFOA2","1980.0"
"9.0","18","Trencher T60","01uB00000011k0SIAQ","0YAB00000008QD5OAM","7830.0"
"5.0","18","Compactor 9500","01uB00000011k0ZIAQ","0YAB00000008QECOA2","10400.0"
"10.0","54","Compactor 3500","01uB00000011k0XIAQ","0YAB00000008QDTOA2","5635.0"
"17.0","252","Pulverizer P10","01uB00000011k0VIAQ","0YAB00000008QD7OAM","3555.0"
"11.0","48","Pulverizer P10","01uB00000011k0VIAQ","0YAB00000008QECOA2","3330.0"
"15.0","72","Backhoe Attachment R2","01uB00000011k0LIAQ","0YAB00000008QD7OAM","17015.0"
"12.0","408","Ripper 27","01uB00000011k0bIAA","0YAB00000008QCsOAM","700.0"
"20.0","24","Hammer H500","01uB00000011k0TIAQ","0YAB00000008QEDOA2","4116.0"
"5.0","18","Compactor 3500","01uB00000011k0XIAQ","0YAB00000008QDQOA2","5520.0"
"8.0","54","Hammer H700","01uB00000011k0UIAQ","0YAB00000008QDIOA2","4600.0"
"8.0","252","Trencher T36","01uB00000011k0QIAQ","0YAB00000008QCnOAM","4620.0"
"3.0","36","Backhoe Attachment R2","01uB00000011k0LIAQ","0YAB00000008QDJOA2","14760.0"
"3.0","18","Pickup Broom PB100","01uB00000011k0NIAQ","0YAB00000008QEAOA2","5106.0"
"20.0","96","Hammer H700","01uB00000011k0UIAQ","0YAB00000008QCvOAM","4945.0"
"19.0","96","Trencher T48","01uB00000011k0RIAQ","0YAB00000008QDROA2","4928.0"
"18.0","288","Utility Broom UB1000","01uB00000011k0PIAQ","0YAB00000008QEFOA2","3195.0"
"10.0","72","Trencher T48","01uB00000011k0RIAQ","0YAB00000008QDlOAM","6400.0"
"12.0","36","Sweeper S1000","01uB00000011k0MIAQ","0YAB00000008QEBOA2","6750.0"
"20.0","1","Backhoe Attachment R1","01uB00000011k0KIAQ","0YAB00000008QEJOA2","16965.0"
"8.0","2646","Ripper 27","01uB00000011k0bIAA","0YAB00000008QE9OAM","970.0"
"8.0","144","Pickup Broom PB200","01uB00000011k0OIAQ","0YAB00000008QDqOAM","6150.0"
"15.0","432","Pulverizer P20","01uB00000011k0WIAQ","0YAB00000008QClOAM","3372.0"
"3.0","108","Pickup Broom PB100","01uB00000011k0NIAQ","0YAB00000008QE4OAM","5520.0"
"13.0","180","Hammer H700","01uB00000011k0UIAQ","0YAB00000008QDFOA2","4140.0"
"5.0","54","Compactor 9500","01uB00000011k0ZIAQ","0YAB00000008QD9OAM","10790.0"
"5.0","180","Hammer H700","01uB00000011k0UIAQ","0YAB00000008QD9OAM","4197.0"
"5.0","624","Ripper 27","01uB00000011k0bIAA","0YAB00000008QDCOA2","910.0"
"0.0","12","Backhoe Attachment R2","01uB00000011k0LIAQ","0YAB00000008QE1OAM","18450.0"
"2.0","378","Utility Broom UB1000","01uB00000011k0PIAQ","0YAB00000008QEGOA2","3510.0"
"14.0","42","Pulverizer P10","01uB00000011k0VIAQ","0YAB00000008QDfOAM","3600.0"
"16.0","1","Backhoe Attachment R1","01uB00000011k0KIAQ","0YAB00000008QDYOA2","17160.0"
"2.0","216","Utility Broom UB1000","01uB00000011k0PIAQ","0YAB00000008QDnOAM","4050.0"
"19.0","30","Sweeper S1000","01uB00000011k0MIAQ","0YAB00000008QEAOA2","7350.0"
"14.0","12","Trencher T60","01uB00000011k0SIAQ","0YAB00000008QDZOA2","8100.0"
"11.0","324","Utility Broom UB1000","01uB00000011k0PIAQ","0YAB00000008QCcOAM","4500.0"
"2.0","54","Compactor 9500","01uB00000011k0ZIAQ","0YAB00000008QDFOA2","13000.0"
"14.0","378","Ripper 37","01uB00000011k0dIAA","0YAB00000008QCbOAM","1460.0"
"12.0","144","Compactor 9000","01uB00000011k0YIAQ","0YAB00000008QE3OAM","6561.0"
"13.0","162","Hammer H500","01uB00000011k0TIAQ","0YAB00000008QDWOA2","3192.0"
"14.0","108","Backhoe Attachment R2","01uB00000011k0LIAQ","0YAB00000008QEFOA2","14555.0"
"19.0","108","Compactor 9500","01uB00000011k0ZIAQ","0YAB00000008QDnOAM","12480.0"
"9.0","108","Sweeper S1000","01uB00000011k0MIAQ","0YAB00000008QDMOA2","6750.0"
"12.0","216","Utility Broom UB1000","01uB00000011k0PIAQ","0YAB00000008QD7OAM","4185.0"
"11.0","36","Ripper 37","01uB00000011k0dIAA","0YAB00000008QEHOA2","1580.0"
"12.0","432","Utility Broom UB1000","01uB00000011k0PIAQ","0YAB00000008QEJOA2","3375.0"
"14.0","54","Compactor 9500","01uB00000011k0ZIAQ","0YAB00000008QD2OAM","10270.0"
"3.0","18","Trencher T60","01uB00000011k0SIAQ","0YAB00000008QDpOAM","7740.0"
"1.0","42","Utility Broom UB1000","01uB00000011k0PIAQ","0YAB00000008QDKOA2","3825.0"
"2.0","108","Pulverizer P10","01uB00000011k0VIAQ","0YAB00000008QDXOA2","3870.0"
"11.0","6","Trencher T60","01uB00000011k0SIAQ","0YAB00000008QD3OAM","8460.0"
"6.0","252","Hammer H700","01uB00000011k0UIAQ","0YAB00000008QDhOAM","5750.0"
"16.0","54","Pickup Broom PB100","01uB00000011k0NIAQ","0YAB00000008QDFOA2","6141.0"
"3.0","324","Sweeper S1000","01uB00000011k0MIAQ","0YAB00000008QDNOA2","6525.0"
"3.0","1","Backhoe Attachment R1","01uB00000011k0KIAQ","0YAB00000008QD4OAM","17745.0"
"18.0","108","Compactor 9500","01uB00000011k0ZIAQ","0YAB00000008QE3OAM","12480.0"
"1.0","108","Hammer H500","01uB00000011k0TIAQ","0YAB00000008QDVOA2","3864.0"
"7.0","216","Pickup Broom PB200","01uB00000011k0OIAQ","0YAB00000008QDWOA2","6525.0"
"14.0","396","Ripper 19","01uB00000011k0aIAA","0YAB00000008QDSOA2","568.0"
"11.0","126","Trencher T36","01uB00000011k0QIAQ","0YAB00000008QDFOA2","4560.0"
"5.0","432","Trencher T36","01uB00000011k0QIAQ","0YAB00000008QE8OAM","4380.0"
"2.0","684","Ripper 27","01uB00000011k0bIAA","0YAB00000008QEDOA2","840.0"
"12.0","108","Compactor 9500","01uB00000011k0ZIAQ","0YAB00000008QDhOAM","11050.0"
"5.0","216","Pulverizer P20","01uB00000011k0WIAQ","0YAB00000008QDmOAM","3325.0"
"17.0","72","Utility Broom UB1000","01uB00000011k0PIAQ","0YAB00000008QDEOA2","4365.0"
"9.0","36","Trencher T36","01uB00000011k0QIAQ","0YAB00000008QDIOA2","5280.0"
"16.0","72","Trencher T36","01uB00000011k0QIAQ","0YAB00000008QDvOAM","5820.0"
"17.0","48","Pulverizer P20","01uB00000011k0WIAQ","0YAB00000008QDeOAM","4655.0"
"0.0","270","Pickup Broom PB200","01uB00000011k0OIAQ","0YAB00000008QCcOAM","5325.0"
"8.0","108","Pulverizer P20","01uB00000011k0WIAQ","0YAB00000008QDPOA2","4370.0"
"2.0","12","Compactor 3500","01uB00000011k0XIAQ","0YAB00000008QDCOA2","5577.0"
"19.0","660","Ripper 27","01uB00000011k0bIAA","0YAB00000008QDOOA2","860.0"
"12.0","36","Hammer H500","01uB00000011k0TIAQ","0YAB00000008QD0OAM","3948.0"
"17.0","36","Sweeper S1000","01uB00000011k0MIAQ","0YAB00000008QDeOAM","6000.0"
"3.0","18","Compactor 9500","01uB00000011k0ZIAQ","0YAB00000008QDdOAM","11180.0"
"18.0","126","Pulverizer P10","01uB00000011k0VIAQ","0YAB00000008QD1OAM","3690.0"
"18.0","324","Trencher T36","01uB00000011k0QIAQ","0YAB00000008QE9OAM","5580.0"
"3.0","3348","Ripper 27","01uB00000011k0bIAA","0YAB00000008QDGOA2","770.0"
"17.0","432","Pulverizer P10","01uB00000011k0VIAQ","0YAB00000008QDWOA2","3285.0"
"8.0","648","Pulverizer P20","01uB00000011k0WIAQ","0YAB00000008QDGOA2","3372.0"
"16.0","432","Trencher T48","01uB00000011k0RIAQ","0YAB00000008QCbOAM","4736.0"
"6.0","1080","Ripper 27","01uB00000011k0bIAA","0YAB00000008QDUOA2","800.0"
"16.0","144","Pulverizer P20","01uB00000011k0WIAQ","0YAB00000008QDXOA2","4750.0"
"0.0","864","Ripper 27","01uB00000011k0bIAA","0YAB00000008QCoOAM","1000.0"
"2.0","90","Ripper 37","01uB00000011k0dIAA","0YAB00000008QCwOAM","1920.0"
"18.0","378","Trencher T48","01uB00000011k0RIAQ","0YAB00000008QE8OAM","5568.0"
"0.0","378","Hammer H700","01uB00000011k0UIAQ","0YAB00000008QE7OAM","5520.0"
"5.0","180","Hammer H700","01uB00000011k0UIAQ","0YAB00000008QDYOA2","4197.0"
"6.0","540","Pulverizer P20","01uB00000011k0WIAQ","0YAB00000008QE7OAM","3752.0"
"2.0","432","Trencher T36","01uB00000011k0QIAQ","0YAB00000008QEGOA2","4380.0"
"20.0","162","Pulverizer P20","01uB00000011k0WIAQ","0YAB00000008QDYOA2","4275.0"
"4.0","54","Compactor 3500","01uB00000011k0XIAQ","0YAB00000008QDAOA2","5117.0"
"13.0","1","Backhoe Attachment R1","01uB00000011k0KIAQ","0YAB00000008QCzOAM","17550.0"
"16.0","36","Ripper 37","01uB00000011k0dIAA","0YAB00000008QDuOAM","1720.0"
"10.0","54","Trencher T60","01uB00000011k0SIAQ","0YAB00000008QCrOAM","7200.0"
"19.0","72","Compactor 9500","01uB00000011k0ZIAQ","0YAB00000008QDLOA2","9230.0"
"5.0","108","Compactor 9000","01uB00000011k0YIAQ","0YAB00000008QDhOAM","7371.0"
"19.0","54","Trencher T60","01uB00000011k0SIAQ","0YAB00000008QEJOA2","6570.0"
"0.0","378","Pulverizer P10","01uB00000011k0VIAQ","0YAB00000008QCcOAM","3645.0"
"12.0","48","Hammer H700","01uB00000011k0UIAQ","0YAB00000008QDfOAM","5290.0"
"9.0","54","Trencher T60","01uB00000011k0SIAQ","0YAB00000008QE9OAM","7290.0"
"9.0","18","Trencher T60","01uB00000011k0SIAQ","0YAB00000008QDJOA2","6930.0"
"16.0","3186","Ripper 27","01uB00000011k0bIAA","0YAB00000008QCrOAM","810.0"
"13.0","900","Ripper 19","01uB00000011k0aIAA","0YAB00000008QCzOAM","760.0"
"17.0","108","Backhoe Attachment R2","01uB00000011k0LIAQ","0YAB00000008QDVOA2","15170.0"
"9.0","24","Compactor 9000","01uB00000011k0YIAQ","0YAB00000008QDyOAM","6480.0"
"17.0","18","Compactor 9500","01uB00000011k0ZIAQ","0YAB00000008QDyOAM","12350.0"
"7.0","12","Compactor 3500","01uB00000011k0XIAQ","0YAB00000008QCtOAM","5692.0"
"19.0","1350","Ripper 19","01uB00000011k0aIAA","0YAB00000008QE7OAM","760.0"
"20.0","1242","Ripper 19","01uB00000011k0aIAA","0YAB00000008QDAOA2","792.0"
"16.0","198","Ripper 19","01uB00000011k0aIAA","0YAB00000008QEAOA2","568.0"
"4.0","12","Trencher T60","01uB00000011k0SIAQ","0YAB00000008QDIOA2","6480.0"
"7.0","1944","Ripper 34","01uB00000011k0cIAA","0YAB00000008QD4OAM","1255.0"
"18.0","228","Ripper 34","01uB00000011k0cIAA","0YAB00000008QE1OAM","1188.0"
"6.0","24","Backhoe Attachment R2","01uB00000011k0LIAQ","0YAB00000008QCxOAM","18040.0"
"5.0","162","Compactor 9000","01uB00000011k0YIAQ","0YAB00000008QDxOAM","7614.0"
"14.0","144","Pickup Broom PB200","01uB00000011k0OIAQ","0YAB00000008QCqOAM","7500.0"
"20.0","270","Ripper 37","01uB00000011k0dIAA","0YAB00000008QDGOA2","1880.0"
"10.0","12","Hammer H500","01uB00000011k0TIAQ","0YAB00000008QD3OAM","4074.0"
"2.0","24","Pickup Broom PB100","01uB00000011k0NIAQ","0YAB00000008QCiOAM","4899.0"
"14.0","30","Ripper 37","01uB00000011k0dIAA","0YAB00000008QE1OAM","1920.0"
"18.0","444","Ripper 34","01uB00000011k0cIAA","0YAB00000008QDSOA2","1215.0"
"0.0","390","Ripper 27","01uB00000011k0bIAA","0YAB00000008QDzOAM","730.0"
"6.0","96","Trencher T48","01uB00000011k0RIAQ","0YAB00000008QDEOA2","5056.0"
"14.0","2160","Ripper 27","01uB00000011k0bIAA","0YAB00000008QDoOAM","800.0"
"20.0","192","Ripper 19","01uB00000011k0aIAA","0YAB00000008QDsOAM","584.0"
"18.0","1","Backhoe Attachment R1","01uB00000011k0KIAQ","0YAB00000008QEDOA2","18720.0"
"7.0","144","Trencher T36","01uB00000011k0QIAQ","0YAB00000008QDQOA2","4260.0"
"1.0","162","Pickup Broom PB100","01uB00000011k0NIAQ","0YAB00000008QCbOAM","6486.0"
"9.0","2160","Ripper 27","01uB00000011k0bIAA","0YAB00000008QCqOAM","800.0"
"5.0","144","Compactor 9500","01uB00000011k0ZIAQ","0YAB00000008QCpOAM","9620.0"
"7.0","612","Ripper 27","01uB00000011k0bIAA","0YAB00000008QCuOAM","940.0"
"19.0","1026","Ripper 27","01uB00000011k0bIAA","0YAB00000008QD8OAM","840.0"
"12.0","144","Pickup Broom PB200","01uB00000011k0OIAQ","0YAB00000008QCyOAM","7200.0"
"4.0","18","Pickup Broom PB100","01uB00000011k0NIAQ","0YAB00000008QDzOAM","6003.0"
"7.0","108","Compactor 9000","01uB00000011k0YIAQ","0YAB00000008QEIOA2","7209.0"
"2.0","252","Hammer H700","01uB00000011k0UIAQ","0YAB00000008QEFOA2","5520.0"
"14.0","126","Sweeper S1000","01uB00000011k0MIAQ","0YAB00000008QDXOA2","5550.0"
"13.0","12","Trencher T60","01uB00000011k0SIAQ","0YAB00000008QDzOAM","6390.0"
"2.0","24","Pickup Broom PB100","01uB00000011k0NIAQ","0YAB00000008QDfOAM","4968.0"
"17.0","432","Pulverizer P20","01uB00000011k0WIAQ","0YAB00000008QE8OAM","4655.0"
"5.0","126","Trencher T48","01uB00000011k0RIAQ","0YAB00000008QDYOA2","5312.0"
"18.0","2268","Ripper 34","01uB00000011k0cIAA","0YAB00000008QCcOAM","1093.0"
"20.0","24","Compactor 9000","01uB00000011k0YIAQ","0YAB00000008QDcOAM","6885.0"
"1.0","162","Compactor 9000","01uB00000011k0YIAQ","0YAB00000008QDTOA2","7128.0"
"5.0","864","Ripper 34","01uB00000011k0cIAA","0YAB00000008QCoOAM","958.0"
"8.0","1224","Ripper 34","01uB00000011k0cIAA","0YAB00000008QDjOAM","1323.0"
"0.0","1","Backhoe Attachment R1","01uB00000011k0KIAQ","0YAB00000008QDcOAM","19500.0"
"0.0","150","Backhoe Attachment R1","01uB00000011k0KIAQ","0YAB00000008QELOA2","19500.0"
"0.0","250","Backhoe Attachment R2","01uB00000011k0LIAQ","0YAB00000008QELOA2","20500.0"
"0.0","235","Compactor 3500","01uB00000011k0XIAQ","0YAB00000008QELOA2","5750.0"
"0.0","980","Compactor 9000","01uB00000011k0YIAQ","0YAB00000008QELOA2","8100.0"
"16.0","108","Compactor 9500","01uB00000011k0ZIAQ","0YAB00000008QEIOA2","12220.0"
"14.0","1","Backhoe Attachment R1","01uB00000011k0KIAQ","0YAB00000008QD9OAM","19110.0"
"0.0","576","Ripper 19","01uB00000011k0aIAA","0YAB00000008QDFOA2","584.0"
"16.0","288","Trencher T48","01uB00000011k0RIAQ","0YAB00000008QEIOA2","4800.0"
"9.0","108","Hammer H700","01uB00000011k0UIAQ","0YAB00000008QDrOAM","4830.0"
"18.0","36","Trencher T36","01uB00000011k0QIAQ","0YAB00000008QCsOAM","5880.0"
"2.0","216","Pickup Broom PB200","01uB00000011k0OIAQ","0YAB00000008QDNOA2","7275.0"
"18.0","48","Trencher T48","01uB00000011k0RIAQ","0YAB00000008QECOA2","5248.0"
"13.0","6","Trencher T60","01uB00000011k0SIAQ","0YAB00000008QEBOA2","7380.0"
"18.0","162","Compactor 9500","01uB00000011k0ZIAQ","0YAB00000008QEJOA2","10790.0"
"9.0","120","Pulverizer P20","01uB00000011k0WIAQ","0YAB00000008QCmOAM","3895.0"
"10.0","72","Compactor 9000","01uB00000011k0YIAQ","0YAB00000008QDXOA2","6318.0"
"2.0","12","Backhoe Attachment R2","01uB00000011k0LIAQ","0YAB00000008QEBOA2","18450.0"
"5.0","54","Pickup Broom PB100","01uB00000011k0NIAQ","0YAB00000008QD0OAM","5313.0"
"12.0","54","Pulverizer P20","01uB00000011k0WIAQ","0YAB00000008QE0OAM","4132.0"
"3.0","12","Trencher T60","01uB00000011k0SIAQ","0YAB00000008QDSOA2","6570.0"
"7.0","360","Ripper 19","01uB00000011k0aIAA","0YAB00000008QCuOAM","632.0"
"13.0","54","Compactor 3500","01uB00000011k0XIAQ","0YAB00000008QE6OAM","5347.0"
"12.0","24","Hammer H500","01uB00000011k0TIAQ","0YAB00000008QCuOAM","4116.0"
"18.0","324","Pulverizer P10","01uB00000011k0VIAQ","0YAB00000008QEGOA2","4050.0"
"9.0","180","Sweeper S1000","01uB00000011k0MIAQ","0YAB00000008QDnOAM","6975.0"
"11.0","288","Pulverizer P10","01uB00000011k0VIAQ","0YAB00000008QCnOAM","3330.0"
"8.0","72","Backhoe Attachment R2","01uB00000011k0LIAQ","0YAB00000008QDhOAM","17425.0"
"15.0","768","Ripper 27","01uB00000011k0bIAA","0YAB00000008QDSOA2","750.0"
"13.0","72","Hammer H500","01uB00000011k0TIAQ","0YAB00000008QDiOAM","3864.0"
"19.0","12","Compactor 3500","01uB00000011k0XIAQ","0YAB00000008QD3OAM","4025.0"
"2.0","162","Compactor 9500","01uB00000011k0ZIAQ","0YAB00000008QDWOA2","10010.0"
"2.0","432","Pulverizer P20","01uB00000011k0WIAQ","0YAB00000008QEJOA2","4655.0"
"6.0","180","Hammer H700","01uB00000011k0UIAQ","0YAB00000008QD1OAM","4197.0"
"12.0","666","Ripper 34","01uB00000011k0cIAA","0YAB00000008QCwOAM","1228.0"
"4.0","72","Backhoe Attachment R2","01uB00000011k0LIAQ","0YAB00000008QDoOAM","20500.0"
"5.0","324","Hammer H700","01uB00000011k0UIAQ","0YAB00000008QDgOAM","4715.0"
"17.0","432","Trencher T48","01uB00000011k0RIAQ","0YAB00000008QDNOA2","4864.0"
"2.0","108","Utility Broom UB1000","01uB00000011k0PIAQ","0YAB00000008QDYOA2","4500.0"
"16.0","24","Pickup Broom PB100","01uB00000011k0NIAQ","0YAB00000008QCuOAM","6900.0"
"3.0","126","Trencher T48","01uB00000011k0RIAQ","0YAB00000008QCwOAM","5760.0"
"16.0","216","Sweeper S1000","01uB00000011k0MIAQ","0YAB00000008QDiOAM","6825.0"
"19.0","1","Backhoe Attachment R1","01uB00000011k0KIAQ","0YAB00000008QD8OAM","15015.0"
"0.0","90","Pickup Broom PB200","01uB00000011k0OIAQ","0YAB00000008QDFOA2","5250.0"
"19.0","252","Pulverizer P10","01uB00000011k0VIAQ","0YAB00000008QEEOA2","3690.0"
"16.0","228","Ripper 34","01uB00000011k0cIAA","0YAB00000008QCsOAM","1188.0"
"15.0","378","Hammer H700","01uB00000011k0UIAQ","0YAB00000008QEGOA2","5750.0"
"5.0","18","Compactor 9500","01uB00000011k0ZIAQ","0YAB00000008QDzOAM","10530.0"
"16.0","486","Hammer H700","01uB00000011k0UIAQ","0YAB00000008QDTOA2","4772.0"
"0.0","216","Utility Broom UB1000","01uB00000011k0PIAQ","0YAB00000008QEEOA2","4275.0"
"12.0","108","Pulverizer P10","01uB00000011k0VIAQ","0YAB00000008QCwOAM","4320.0"
"2.0","6","Backhoe Attachment R1","01uB00000011k0KIAQ","0YAB00000008QD3OAM","14820.0"
"16.0","126","Utility Broom UB1000","01uB00000011k0PIAQ","0YAB00000008QD5OAM","3915.0"
"20.0","324","Sweeper S1000","01uB00000011k0MIAQ","0YAB00000008QDxOAM","6600.0"
"10.0","378","Trencher T36","01uB00000011k0QIAQ","0YAB00000008QDGOA2","4740.0"
"4.0","72","Backhoe Attachment R2","01uB00000011k0LIAQ","0YAB00000008QE2OAM","19885.0"
"0.0","126","Ripper 37","01uB00000011k0dIAA","0YAB00000008QDYOA2","1420.0"
"16.0","120","Pulverizer P20","01uB00000011k0WIAQ","0YAB00000008QCvOAM","3752.0"
"1.0","6","Trencher T60","01uB00000011k0SIAQ","0YAB00000008QE1OAM","7110.0"
"14.0","84","Trencher T36","01uB00000011k0QIAQ","0YAB00000008QDPOA2","4620.0"
"18.0","48","Pickup Broom PB200","01uB00000011k0OIAQ","0YAB00000008QDPOA2","6600.0"
"1.0","594","Pulverizer P20","01uB00000011k0WIAQ","0YAB00000008QDWOA2","3562.0"
"12.0","24","Compactor 9000","01uB00000011k0YIAQ","0YAB00000008QDtOAM","6885.0"
"7.0","24","Compactor 3500","01uB00000011k0XIAQ","0YAB00000008QDlOAM","4715.0"
"0.0","288","Pulverizer P20","01uB00000011k0WIAQ","0YAB00000008QE5OAM","4607.0"
"6.0","36","Hammer H500","01uB00000011k0TIAQ","0YAB00000008QCxOAM","3066.0"
"6.0","108","Sweeper S1000","01uB00000011k0MIAQ","0YAB00000008QD2OAM","6075.0"
"11.0","162","Compactor 9500","01uB00000011k0ZIAQ","0YAB00000008QDxOAM","11960.0"
"13.0","54","Pickup Broom PB100","01uB00000011k0NIAQ","0YAB00000008QDQOA2","6072.0"
"17.0","432","Pulverizer P10","01uB00000011k0VIAQ","0YAB00000008QDTOA2","3150.0"
"17.0","42","Trencher T36","01uB00000011k0QIAQ","0YAB00000008QD3OAM","4860.0"
"3.0","366","Ripper 27","01uB00000011k0bIAA","0YAB00000008QDdOAM","780.0"
"5.0","1458","Ripper 19","01uB00000011k0aIAA","0YAB00000008QDWOA2","696.0"
"12.0","72","Trencher T48","01uB00000011k0RIAQ","0YAB00000008QCuOAM","6272.0"
"20.0","432","Pulverizer P10","01uB00000011k0VIAQ","0YAB00000008QE6OAM","3240.0"
"13.0","1980","Ripper 27","01uB00000011k0bIAA","0YAB00000008QDjOAM","860.0"
"14.0","54","Pulverizer P20","01uB00000011k0WIAQ","0YAB00000008QD3OAM","4275.0"
"6.0","126","Trencher T36","01uB00000011k0QIAQ","0YAB00000008QD5OAM","5100.0"
"20.0","162","Pulverizer P20","01uB00000011k0WIAQ","0YAB00000008QD1OAM","4512.0"
"6.0","360","Ripper 27","01uB00000011k0bIAA","0YAB00000008QECOA2","790.0"
"6.0","72","Compactor 9500","01uB00000011k0ZIAQ","0YAB00000008QCoOAM","9490.0"
"0.0","180","Ripper 37","01uB00000011k0dIAA","0YAB00000008QDHOA2","1960.0"
"18.0","252","Trencher T48","01uB00000011k0RIAQ","0YAB00000008QDiOAM","5312.0"
"3.0","54","Hammer H700","01uB00000011k0UIAQ","0YAB00000008QEHOA2","4887.0"
"5.0","162","Pulverizer P20","01uB00000011k0WIAQ","0YAB00000008QDFOA2","4417.0"
"5.0","288","Hammer H700","01uB00000011k0UIAQ","0YAB00000008QDiOAM","5175.0"
"17.0","72","Compactor 3500","01uB00000011k0XIAQ","0YAB00000008QDjOAM","4025.0"
"13.0","1","Backhoe Attachment R1","01uB00000011k0KIAQ","0YAB00000008QDeOAM","19110.0"
"4.0","810","Ripper 34","01uB00000011k0cIAA","0YAB00000008QDpOAM","1012.0"
"0.0","54","Compactor 9500","01uB00000011k0ZIAQ","0YAB00000008QCwOAM","12220.0"
"16.0","1890","Ripper 34","01uB00000011k0cIAA","0YAB00000008QDVOA2","1282.0"
"6.0","1170","Ripper 27","01uB00000011k0bIAA","0YAB00000008QCkOAM","730.0"
"13.0","54","Compactor 9500","01uB00000011k0ZIAQ","0YAB00000008QDUOA2","11570.0"
"10.0","864","Ripper 27","01uB00000011k0bIAA","0YAB00000008QDDOA2","1000.0"
"16.0","162","Hammer H700","01uB00000011k0UIAQ","0YAB00000008QDJOA2","4657.0"
"9.0","126","Utility Broom UB1000","01uB00000011k0PIAQ","0YAB00000008QD9OAM","3960.0"
"1.0","612","Ripper 27","01uB00000011k0bIAA","0YAB00000008QDrOAM","940.0"
"4.0","204","Ripper 34","01uB00000011k0cIAA","0YAB00000008QDdOAM","1323.0"
"10.0","24","Pickup Broom PB200","01uB00000011k0OIAQ","0YAB00000008QDIOA2","6075.0"
"15.0","108","Pickup Broom PB100","01uB00000011k0NIAQ","0YAB00000008QDnOAM","6624.0"
"11.0","180","Sweeper S1000","01uB00000011k0MIAQ","0YAB00000008QE2OAM","6975.0"
"0.0","108","Compactor 9000","01uB00000011k0YIAQ","0YAB00000008QCzOAM","7371.0"
"20.0","180","Hammer H700","01uB00000011k0UIAQ","0YAB00000008QDMOA2","4025.0"
"11.0","6","Trencher T60","01uB00000011k0SIAQ","0YAB00000008QDyOAM","8190.0"
"4.0","18","Trencher T60","01uB00000011k0SIAQ","0YAB00000008QDQOA2","8010.0"
"5.0","54","Pickup Broom PB100","01uB00000011k0NIAQ","0YAB00000008QDXOA2","5934.0"
"4.0","48","Pickup Broom PB200","01uB00000011k0OIAQ","0YAB00000008QEDOA2","6975.0"
"12.0","162","Pickup Broom PB100","01uB00000011k0NIAQ","0YAB00000008QDTOA2","5934.0"
"19.0","36","Backhoe Attachment R2","01uB00000011k0LIAQ","0YAB00000008QDmOAM","20295.0"
"5.0","36","Pickup Broom PB100","01uB00000011k0NIAQ","0YAB00000008QDBOA2","5727.0"
"7.0","1","Backhoe Attachment R1","01uB00000011k0KIAQ","0YAB00000008QCsOAM","15210.0"
"0.0","144","Trencher T48","01uB00000011k0RIAQ","0YAB00000008QDXOA2","4992.0"
"0.0","54","Hammer H700","01uB00000011k0UIAQ","0YAB00000008QDuOAM","4600.0"
"16.0","2214","Ripper 34","01uB00000011k0cIAA","0YAB00000008QDGOA2","1120.0"
"20.0","18","Compactor 9000","01uB00000011k0YIAQ","0YAB00000008QEAOA2","7209.0"
"0.0","12","Trencher T60","01uB00000011k0SIAQ","0YAB00000008QCtOAM","8550.0"
"9.0","108","Backhoe Attachment R2","01uB00000011k0LIAQ","0YAB00000008QDWOA2","20295.0"
"6.0","36","Compactor 9000","01uB00000011k0YIAQ","0YAB00000008QDZOA2","7614.0"
"18.0","222","Ripper 34","01uB00000011k0cIAA","0YAB00000008QDcOAM","1215.0"
"4.0","186","Ripper 19","01uB00000011k0aIAA","0YAB00000008QEBOA2","600.0"
"19.0","180","Pickup Broom PB200","01uB00000011k0OIAQ","0YAB00000008QDgOAM","5700.0"
"13.0","486","Hammer H700","01uB00000011k0UIAQ","0YAB00000008QDAOA2","4715.0"
"14.0","1008","Ripper 19","01uB00000011k0aIAA","0YAB00000008QDgOAM","672.0"
"14.0","18","Pickup Broom PB100","01uB00000011k0NIAQ","0YAB00000008QDIOA2","5865.0"
"0.0","624","Ripper 27","01uB00000011k0bIAA","0YAB00000008QDZOA2","910.0"
"0.0","378","Ripper 37","01uB00000011k0dIAA","0YAB00000008QEJOA2","1560.0"
"4.0","216","Ripper 37","01uB00000011k0dIAA","0YAB00000008QDnOAM","1700.0"
"9.0","18","Trencher T60","01uB00000011k0SIAQ","0YAB00000008QCeOAM","7740.0"
"17.0","96","Hammer H700","01uB00000011k0UIAQ","0YAB00000008QDvOAM","5232.0"
"0.0","1000","Backhoe R1","01uB00000011k0KIAQ","0YAB00000008QChOAM","19500.0"
"0.0","800","Backhoe R2","01uB00000011k0LIAQ","0YAB00000008QChOAM","20500.0"
"3.0","200","Compactor 3500","01uB00000011k0XIAQ","0YAB00000008QCgOAM","5750.0"
"4.0","150","Compactor 9000","01uB00000011k0YIAQ","0YAB00000008QCgOAM","8100.0"
"5.0","800","Trencher T36","01uB00000011k0QIAQ","0YAB00000008QCjOAM","6000.0"
"5.0","700","Trencher T48","01uB00000011k0RIAQ","0YAB00000008QCjOAM","6400.0"
"5.0","800","Trencher T60","01uB00000011k0SIAQ","0YAB00000008QCjOAM","9000.0"
"0.0","1000","Pickup Broom PB100","01uB00000011k0NIAQ","0YAB00000008QDbOAM","6900.0"
"0.0","1000","Pickup Broom PB200","01uB00000011k0OIAQ","0YAB00000008QDbOAM","7500.0"
"0.0","1000","Hammer H500","01uB00000011k0TIAQ","0YAB00000008QCfOAM","4200.0"
"0.0","1000","Hammer H700","01uB00000011k0UIAQ","0YAB00000008QCfOAM","5750.0"
"8.0","3402","Ripper 27","01uB00000011k0bIAA","0YAB00000008QDVOA2","760.0"
"19.0","36","Compactor 9500","01uB00000011k0ZIAQ","0YAB00000008QDOOA2","10010.0"
"19.0","54","Compactor 9500","01uB00000011k0ZIAQ","0YAB00000008QCeOAM","12090.0"
"0.0","144","Utility Broom UB1000","01uB00000011k0PIAQ","0YAB00000008QDXOA2","3420.0"
"2.0","108","Compactor 9500","01uB00000011k0ZIAQ","0YAB00000008QClOAM","10920.0"
"19.0","72","Ripper 37","01uB00000011k0dIAA","0YAB00000008QCxOAM","1600.0"
"11.0","54","Hammer H500","01uB00000011k0TIAQ","0YAB00000008QD9OAM","3066.0"
"4.0","24","Backhoe Attachment R2","01uB00000011k0LIAQ","0YAB00000008QDROA2","15990.0"
"0.0","162","Compactor 9500","01uB00000011k0ZIAQ","0YAB00000008QE9OAM","10530.0"
"5.0","270","Sweeper S1000","01uB00000011k0MIAQ","0YAB00000008QDWOA2","7275.0"
"5.0","108","Utility Broom UB1000","01uB00000011k0PIAQ","0YAB00000008QDDOA2","4185.0"
"11.0","6","Trencher T60","01uB00000011k0SIAQ","0YAB00000008QDsOAM","6750.0"
"5.0","126","Utility Broom UB1000","01uB00000011k0PIAQ","0YAB00000008QCoOAM","3690.0"
"3.0","324","Pulverizer P10","01uB00000011k0VIAQ","0YAB00000008QDVOA2","4365.0"
"10.0","18","Compactor 9500","01uB00000011k0ZIAQ","0YAB00000008QE0OAM","11830.0"
"8.0","6","Trencher T60","01uB00000011k0SIAQ","0YAB00000008QECOA2","9000.0"
"18.0","144","Hammer H700","01uB00000011k0UIAQ","0YAB00000008QDXOA2","5462.0"
"0.0","252","Sweeper S1000","01uB00000011k0MIAQ","0YAB00000008QDhOAM","5775.0"
"1.0","1","Backhoe Attachment R1","01uB00000011k0KIAQ","0YAB00000008QDwOAM","18135.0"
"6.0","108","Compactor 9500","01uB00000011k0ZIAQ","0YAB00000008QCnOAM","12870.0"
"4.0","54","Hammer H500","01uB00000011k0TIAQ","0YAB00000008QDMOA2","3486.0"
"8.0","144","Pickup Broom PB200","01uB00000011k0OIAQ","0YAB00000008QE5OAM","6375.0"
"18.0","972","Ripper 19","01uB00000011k0aIAA","0YAB00000008QDwOAM","696.0"
"15.0","432","Trencher T36","01uB00000011k0QIAQ","0YAB00000008QE6OAM","4260.0"
"17.0","936","Ripper 27","01uB00000011k0bIAA","0YAB00000008QDYOA2","920.0"
"0.0","162","Hammer H700","01uB00000011k0UIAQ","0YAB00000008QD8OAM","4542.0"
"1.0","120","Pulverizer P20","01uB00000011k0WIAQ","0YAB00000008QDSOA2","3942.0"
"14.0","42","Utility Broom UB1000","01uB00000011k0PIAQ","0YAB00000008QDeOAM","3915.0"
"2.0","72","Compactor 9000","01uB00000011k0YIAQ","0YAB00000008QDLOA2","5994.0"
"8.0","324","Pulverizer P10","01uB00000011k0VIAQ","0YAB00000008QE9OAM","3870.0"
"5.0","540","Hammer H700","01uB00000011k0UIAQ","0YAB00000008QE8OAM","4025.0"
"0.0","222","Ripper 34","01uB00000011k0cIAA","0YAB00000008QDuOAM","1242.0"
"4.0","12","Trencher T60","01uB00000011k0SIAQ","0YAB00000008QDkOAM","6930.0"
"16.0","180","Ripper 37","01uB00000011k0dIAA","0YAB00000008QD7OAM","1900.0"
"3.0","36","Pickup Broom PB100","01uB00000011k0NIAQ","0YAB00000008QDCOA2","6072.0"
"12.0","42","Trencher T48","01uB00000011k0RIAQ","0YAB00000008QDIOA2","5568.0"
"3.0","360","Hammer H700","01uB00000011k0UIAQ","0YAB00000008QEEOA2","4025.0"
"16.0","288","Hammer H700","01uB00000011k0UIAQ","0YAB00000008QEIOA2","5347.0"
"11.0","324","Pulverizer P20","01uB00000011k0WIAQ","0YAB00000008QD7OAM","4370.0"
"16.0","288","Hammer H700","01uB00000011k0UIAQ","0YAB00000008QDwOAM","5405.0"
"1.0","162","Hammer H700","01uB00000011k0UIAQ","0YAB00000008QD0OAM","4427.0"
"19.0","48","Trencher T36","01uB00000011k0QIAQ","0YAB00000008QDKOA2","4260.0"
"4.0","126","Ripper 37","01uB00000011k0dIAA","0YAB00000008QDMOA2","1440.0"
"17.0","72","Trencher T36","01uB00000011k0QIAQ","0YAB00000008QDSOA2","5340.0"
"9.0","132","Pulverizer P20","01uB00000011k0WIAQ","0YAB00000008QDlOAM","3610.0"
"18.0","18","Compactor 3500","01uB00000011k0XIAQ","0YAB00000008QDpOAM","5117.0"
"2.0","36","Backhoe Attachment R1","01uB00000011k0KIAQ","0YAB00000008QCyOAM","13650.0"
"1.0","36","Ripper 37","01uB00000011k0dIAA","0YAB00000008QDKOA2","1780.0"
"9.0","36","Trencher T60","01uB00000011k0SIAQ","0YAB00000008QEEOA2","8730.0"
"19.0","774","Ripper 34","01uB00000011k0cIAA","0YAB00000008QDUOA2","1053.0"
"9.0","108","Compactor 9500","01uB00000011k0ZIAQ","0YAB00000008QE4OAM","10790.0"
"10.0","108","Trencher T36","01uB00000011k0QIAQ","0YAB00000008QDLOA2","5640.0"
"3.0","528","Ripper 34","01uB00000011k0cIAA","0YAB00000008QDkOAM","1039.0"
"11.0","18","Pickup Broom PB100","01uB00000011k0NIAQ","0YAB00000008QDtOAM","6279.0"
"8.0","300","Ripper 27","01uB00000011k0bIAA","0YAB00000008QDeOAM","960.0"
"18.0","54","Pickup Broom PB100","01uB00000011k0NIAQ","0YAB00000008QD2OAM","6279.0"
"15.0","162","Compactor 9500","01uB00000011k0ZIAQ","0YAB00000008QCrOAM","12220.0"
"10.0","672","Ripper 27","01uB00000011k0bIAA","0YAB00000008QDvOAM","850.0"
"3.0","42","Hammer H700","01uB00000011k0UIAQ","0YAB00000008QDeOAM","5750.0"
"3.0","288","Utility Broom UB1000","01uB00000011k0PIAQ","0YAB00000008QDhOAM","3150.0"
"20.0","384","Ripper 27","01uB00000011k0bIAA","0YAB00000008QEHOA2","750.0"
"12.0","144","Compactor 9000","01uB00000011k0YIAQ","0YAB00000008QDiOAM","6804.0"
"4.0","630","Ripper 34","01uB00000011k0cIAA","0YAB00000008QD0OAM","1296.0"
"17.0","48","Pickup Broom PB200","01uB00000011k0OIAQ","0YAB00000008QCmOAM","6600.0"
"14.0","18","Trencher T60","01uB00000011k0SIAQ","0YAB00000008QD2OAM","7020.0"
"20.0","96","Hammer H700","01uB00000011k0UIAQ","0YAB00000008QDlOAM","5060.0"
"19.0","36","Hammer H500","01uB00000011k0TIAQ","0YAB00000008QDYOA2","3990.0"
"0.0","2700","Ripper 27","01uB00000011k0bIAA","0YAB00000008QDxOAM","960.0"
"11.0","54","Trencher T60","01uB00000011k0SIAQ","0YAB00000008QE8OAM","7380.0"
"4.0","144","Ripper 19","01uB00000011k0aIAA","0YAB00000008QE0OAM","768.0"
"10.0","108","Backhoe Attachment R2","01uB00000011k0LIAQ","0YAB00000008QDwOAM","14555.0"
"11.0","144","Compactor 9000","01uB00000011k0YIAQ","0YAB00000008QDjOAM","6885.0"
"3.0","162","Compactor 9500","01uB00000011k0ZIAQ","0YAB00000008QDVOA2","11050.0"
"1.0","72","Compactor 3500","01uB00000011k0XIAQ","0YAB00000008QE4OAM","4255.0"
"17.0","972","Ripper 19","01uB00000011k0aIAA","0YAB00000008QDnOAM","696.0"
"17.0","1224","Ripper 34","01uB00000011k0cIAA","0YAB00000008QDHOA2","1336.0"
"0.0","1404","Ripper 34","01uB00000011k0cIAA","0YAB00000008QDoOAM","1161.0"
"12.0","108","Backhoe Attachment R2","01uB00000011k0LIAQ","0YAB00000008QDAOA2","19270.0"
"3.0","216","Compactor 9000","01uB00000011k0YIAQ","0YAB00000008QE8OAM","6642.0"
"17.0","90","Pickup Broom PB200","01uB00000011k0OIAQ","0YAB00000008QD9OAM","5700.0"
"11.0","30","Ripper 37","01uB00000011k0dIAA","0YAB00000008QCsOAM","1900.0"
"17.0","108","Hammer H500","01uB00000011k0TIAQ","0YAB00000008QE9OAM","4116.0"
"19.0","18","Pickup Broom PB100","01uB00000011k0NIAQ","0YAB00000008QDsOAM","6210.0"
"20.0","216","Ripper 37","01uB00000011k0dIAA","0YAB00000008QEIOA2","1640.0"
"13.0","612","Ripper 34","01uB00000011k0cIAA","0YAB00000008QDYOA2","1336.0"
"7.0","144","Trencher T48","01uB00000011k0RIAQ","0YAB00000008QD9OAM","5120.0"
"9.0","120","Pulverizer P20","01uB00000011k0WIAQ","0YAB00000008QDvOAM","3990.0"
"10.0","756","Ripper 27","01uB00000011k0bIAA","0YAB00000008QDEOA2","760.0"
"7.0","864","Ripper 19","01uB00000011k0aIAA","0YAB00000008QDiOAM","776.0"
"17.0","1","Backhoe Attachment R1","01uB00000011k0KIAQ","0YAB00000008QDZOA2","18135.0"
"12.0","18","Compactor 9500","01uB00000011k0ZIAQ","0YAB00000008QE1OAM","11440.0"
"17.0","1","Backhoe Attachment R1","01uB00000011k0KIAQ","0YAB00000008QDDOA2","17940.0"
"9.0","936","Ripper 27","01uB00000011k0bIAA","0YAB00000008QDpOAM","910.0"
"7.0","288","Trencher T48","01uB00000011k0RIAQ","0YAB00000008QEEOA2","5184.0"
"11.0","84","Trencher T36","01uB00000011k0QIAQ","0YAB00000008QDlOAM","4920.0"
"4.0","72","Pickup Broom PB100","01uB00000011k0NIAQ","0YAB00000008QEIOA2","6831.0"
"9.0","108","Sweeper S1000","01uB00000011k0MIAQ","0YAB00000008QDQOA2","6450.0"
"18.0","162","Compactor 9000","01uB00000011k0YIAQ","0YAB00000008QE6OAM","7452.0"
"2.0","120","Hammer H700","01uB00000011k0UIAQ","0YAB00000008QDZOA2","4312.0"
"2.0","180","Sweeper S1000","01uB00000011k0MIAQ","0YAB00000008QEEOA2","7275.0"
"1.0","6","Trencher T60","01uB00000011k0SIAQ","0YAB00000008QDeOAM","6750.0"
"7.0","54","Pickup Broom PB100","01uB00000011k0NIAQ","0YAB00000008QDpOAM","5037.0"
"6.0","216","Pickup Broom PB200","01uB00000011k0OIAQ","0YAB00000008QE9OAM","7050.0"
"5.0","162","Pickup Broom PB100","01uB00000011k0NIAQ","0YAB00000008QDWOA2","5658.0"
"0.0","24","Backhoe Attachment R2","01uB00000011k0LIAQ","0YAB00000008QDSOA2","17630.0"
"10.0","48","Pickup Broom PB100","01uB00000011k0NIAQ","0YAB00000008QDPOA2","4830.0"
"9.0","12","Backhoe Attachment R1","01uB00000011k0KIAQ","0YAB00000008QDOOA2","13650.0"
"15.0","120","Pulverizer P20","01uB00000011k0WIAQ","0YAB00000008QDBOA2","3847.0"
"6.0","42","Trencher T48","01uB00000011k0RIAQ","0YAB00000008QDyOAM","5632.0"
"12.0","486","Hammer H700","01uB00000011k0UIAQ","0YAB00000008QDVOA2","4772.0"
"6.0","468","Ripper 34","01uB00000011k0cIAA","0YAB00000008QCvOAM","1161.0"
"15.0","48","Compactor 9000","01uB00000011k0YIAQ","0YAB00000008QDkOAM","6885.0"
"3.0","18","Trencher T60","01uB00000011k0SIAQ","0YAB00000008QDYOA2","7650.0"
"10.0","18","Pickup Broom PB100","01uB00000011k0NIAQ","0YAB00000008QDyOAM","5865.0"
"9.0","24","Backhoe Attachment R2","01uB00000011k0LIAQ","0YAB00000008QDkOAM","17015.0"
"9.0","216","Compactor 9000","01uB00000011k0YIAQ","0YAB00000008QCbOAM","5751.0"
"11.0","108","Pulverizer P10","01uB00000011k0VIAQ","0YAB00000008QD0OAM","3870.0"
"11.0","810","Ripper 34","01uB00000011k0cIAA","0YAB00000008QDXOA2","1012.0"
"6.0","522","Ripper 19","01uB00000011k0aIAA","0YAB00000008QDJOA2","640.0"
"17.0","864","Ripper 34","01uB00000011k0cIAA","0YAB00000008QDFOA2","945.0"
"11.0","108","Hammer H700","01uB00000011k0UIAQ","0YAB00000008QDOOA2","4830.0"
"13.0","1404","Ripper 19","01uB00000011k0aIAA","0YAB00000008QE8OAM","720.0"
"15.0","36","Pickup Broom PB100","01uB00000011k0NIAQ","0YAB00000008QDZOA2","5727.0"
"6.0","3024","Ripper 27","01uB00000011k0bIAA","0YAB00000008QCcOAM","850.0"
"12.0","54","Pickup Broom PB100","01uB00000011k0NIAQ","0YAB00000008QD8OAM","6210.0"
"9.0","108","Ripper 37","01uB00000011k0dIAA","0YAB00000008QDUOA2","1680.0"
"10.0","36","Ripper 37","01uB00000011k0dIAA","0YAB00000008QDsOAM","1760.0"
"8.0","36","Trencher T60","01uB00000011k0SIAQ","0YAB00000008QCpOAM","7470.0"
"11.0","324","Hammer H700","01uB00000011k0UIAQ","0YAB00000008QD6OAM","4657.0"
"4.0","36","Compactor 9500","01uB00000011k0ZIAQ","0YAB00000008QDvOAM","10660.0"
"5.0","180","Hammer H700","01uB00000011k0UIAQ","0YAB00000008QDQOA2","4255.0"
"4.0","6","Trencher T60","01uB00000011k0SIAQ","0YAB00000008QDKOA2","7110.0"
"12.0","96","Utility Broom UB1000","01uB00000011k0PIAQ","0YAB00000008QCtOAM","3420.0"
"5.0","162","Compactor 9500","01uB00000011k0ZIAQ","0YAB00000008QE6OAM","10400.0"
"16.0","36","Ripper 37","01uB00000011k0dIAA","0YAB00000008QDIOA2","1640.0"
"19.0","144","Compactor 9000","01uB00000011k0YIAQ","0YAB00000008QEFOA2","6399.0"
"15.0","54","Hammer H500","01uB00000011k0TIAQ","0YAB00000008QDpOAM","3234.0"
"6.0","12","Backhoe Attachment R2","01uB00000011k0LIAQ","0YAB00000008QDsOAM","20500.0"
"19.0","36","Compactor 9500","01uB00000011k0ZIAQ","0YAB00000008QDZOA2","10530.0"
"7.0","72","Sweeper S1000","01uB00000011k0MIAQ","0YAB00000008QEDOA2","6000.0"
"7.0","96","Utility Broom UB1000","01uB00000011k0PIAQ","0YAB00000008QEDOA2","3420.0"
"13.0","108","Utility Broom UB1000","01uB00000011k0PIAQ","0YAB00000008QD0OAM","4185.0"
"8.0","54","Compactor 9500","01uB00000011k0ZIAQ","0YAB00000008QDDOA2","13000.0"
"16.0","36","Trencher T60","01uB00000011k0SIAQ","0YAB00000008QEFOA2","8100.0"
"6.0","378","Pulverizer P10","01uB00000011k0VIAQ","0YAB00000008QCbOAM","3735.0"
"4.0","18","Compactor 9500","01uB00000011k0ZIAQ","0YAB00000008QCsOAM","10530.0"
"8.0","36","Trencher T60","01uB00000011k0SIAQ","0YAB00000008QDgOAM","7830.0"
"14.0","180","Hammer H700","01uB00000011k0UIAQ","0YAB00000008QD2OAM","4255.0"
"14.0","162","Pickup Broom PB100","01uB00000011k0NIAQ","0YAB00000008QDGOA2","5451.0"
"3.0","108","Sweeper S1000","01uB00000011k0MIAQ","0YAB00000008QDUOA2","6525.0"
"8.0","1","Backhoe Attachment R1","01uB00000011k0KIAQ","0YAB00000008QCrOAM","15015.0"
"18.0","36","Compactor 9500","01uB00000011k0ZIAQ","0YAB00000008QDBOA2","11050.0"
"20.0","162","Hammer H500","01uB00000011k0TIAQ","0YAB00000008QCcOAM","3192.0"
"12.0","72","Pickup Broom PB200","01uB00000011k0OIAQ","0YAB00000008QDUOA2","7425.0"
"16.0","558","Ripper 19","01uB00000011k0aIAA","0YAB00000008QD1OAM","608.0"
"17.0","108","Trencher T36","01uB00000011k0QIAQ","0YAB00000008QD2OAM","5520.0"
"4.0","36","Trencher T36","01uB00000011k0QIAQ","0YAB00000008QDyOAM","5760.0"
"2.0","54","Trencher T60","01uB00000011k0SIAQ","0YAB00000008QE7OAM","8460.0"
"12.0","54","Trencher T60","01uB00000011k0SIAQ","0YAB00000008QE6OAM","8010.0"
"16.0","324","Pulverizer P20","01uB00000011k0WIAQ","0YAB00000008QDiOAM","4370.0"
"1.0","18","Compactor 9000","01uB00000011k0YIAQ","0YAB00000008QDKOA2","7452.0"
"8.0","108","Backhoe Attachment R2","01uB00000011k0LIAQ","0YAB00000008QDTOA2","18860.0"
"12.0","18","Pickup Broom PB100","01uB00000011k0NIAQ","0YAB00000008QCsOAM","6279.0"
"18.0","900","Ripper 19","01uB00000011k0aIAA","0YAB00000008QDhOAM","744.0"
"13.0","12","Compactor 3500","01uB00000011k0XIAQ","0YAB00000008QDkOAM","5520.0"
"16.0","162","Hammer H500","01uB00000011k0TIAQ","0YAB00000008QDNOA2","3108.0"
"19.0","42","Pulverizer P10","01uB00000011k0VIAQ","0YAB00000008QDsOAM","3645.0"
"1.0","3672","Ripper 27","01uB00000011k0bIAA","0YAB00000008QEJOA2","700.0"
"12.0","18","Compactor 9500","01uB00000011k0ZIAQ","0YAB00000008QEAOA2","13000.0"
"8.0","60","Pulverizer P20","01uB00000011k0WIAQ","0YAB00000008QCiOAM","3895.0"
"14.0","432","Utility Broom UB1000","01uB00000011k0PIAQ","0YAB00000008QE8OAM","3420.0"
"6.0","18","Compactor 9000","01uB00000011k0YIAQ","0YAB00000008QEHOA2","7047.0"
"9.0","36","Trencher T60","01uB00000011k0SIAQ","0YAB00000008QDwOAM","7650.0"
"16.0","36","Pulverizer P10","01uB00000011k0VIAQ","0YAB00000008QE1OAM","3960.0"
"1.0","378","Hammer H700","01uB00000011k0UIAQ","0YAB00000008QEJOA2","5692.0"
"8.0","1656","Ripper 34","01uB00000011k0cIAA","0YAB00000008QEFOA2","985.0"
"3.0","12","Trencher T60","01uB00000011k0SIAQ","0YAB00000008QDROA2","7560.0"
"11.0","12","Trencher T60","01uB00000011k0SIAQ","0YAB00000008QDlOAM","7290.0"
"15.0","252","Hammer H700","01uB00000011k0UIAQ","0YAB00000008QD7OAM","5577.0"
"20.0","72","Hammer H500","01uB00000011k0TIAQ","0YAB00000008QE2OAM","3780.0"
"15.0","576","Ripper 27","01uB00000011k0bIAA","0YAB00000008QDlOAM","990.0"
"3.0","18","Trencher T60","01uB00000011k0SIAQ","0YAB00000008QDMOA2","7200.0"
"9.0","900","Ripper 19","01uB00000011k0aIAA","0YAB00000008QCnOAM","752.0"
"11.0","36","Backhoe Attachment R2","01uB00000011k0LIAQ","0YAB00000008QDYOA2","15375.0"
"13.0","36","Compactor 9000","01uB00000011k0YIAQ","0YAB00000008QDEOA2","8019.0"
"14.0","18","Compactor 9500","01uB00000011k0ZIAQ","0YAB00000008QD3OAM","12480.0"
"20.0","108","Compactor 3500","01uB00000011k0XIAQ","0YAB00000008QEJOA2","4945.0"
"19.0","132","Pulverizer P20","01uB00000011k0WIAQ","0YAB00000008QCxOAM","3562.0"
"4.0","336","Ripper 19","01uB00000011k0aIAA","0YAB00000008QDPOA2","672.0"
"3.0","1404","Ripper 19","01uB00000011k0aIAA","0YAB00000008QDNOA2","728.0"
"20.0","900","Ripper 19","01uB00000011k0aIAA","0YAB00000008QE5OAM","736.0"
"3.0","36","Trencher T60","01uB00000011k0SIAQ","0YAB00000008QDFOA2","6300.0"
"20.0","360","Hammer H700","01uB00000011k0UIAQ","0YAB00000008QDoOAM","4025.0"
"2.0","1890","Ripper 34","01uB00000011k0cIAA","0YAB00000008QDTOA2","1309.0"
"12.0","222","Ripper 34","01uB00000011k0cIAA","0YAB00000008QDIOA2","1215.0"
"2.0","36","Backhoe Attachment R2","01uB00000011k0LIAQ","0YAB00000008QD0OAM","20500.0"
"2.0","2970","Ripper 27","01uB00000011k0bIAA","0YAB00000008QCbOAM","870.0"
"7.0","144","Compactor 9000","01uB00000011k0YIAQ","0YAB00000008QEEOA2","6480.0"
"9.0","42","Sweeper S1000","01uB00000011k0MIAQ","0YAB00000008QCsOAM","5325.0"
"18.0","54","Backhoe Attachment R2","01uB00000011k0LIAQ","0YAB00000008QDQOA2","14350.0"
"14.0","1098","Ripper 27","01uB00000011k0bIAA","0YAB00000008QDLOA2","780.0"
"5.0","108","Hammer H500","01uB00000011k0TIAQ","0YAB00000008QCzOAM","3150.0"
"12.0","108","Compactor 3500","01uB00000011k0XIAQ","0YAB00000008QDVOA2","4600.0"
"17.0","594","Pulverizer P20","01uB00000011k0WIAQ","0YAB00000008QDTOA2","3657.0"
"8.0","48","Hammer H700","01uB00000011k0UIAQ","0YAB00000008QEBOA2","5002.0"
"20.0","252","Trencher T48","01uB00000011k0RIAQ","0YAB00000008QE3OAM","5952.0"
"5.0","126","Utility Broom UB1000","01uB00000011k0PIAQ","0YAB00000008QDLOA2","3870.0"
"6.0","108","Pickup Broom PB100","01uB00000011k0NIAQ","0YAB00000008QDhOAM","5865.0"
"0.0","216","Trencher T48","01uB00000011k0RIAQ","0YAB00000008QE5OAM","6144.0"
"13.0","216","Sweeper S1000","01uB00000011k0MIAQ","0YAB00000008QEFOA2","6375.0"
"13.0","1","Backhoe Attachment R1","01uB00000011k0KIAQ","0YAB00000008QDBOA2","16575.0"
"4.0","2088","Ripper 27","01uB00000011k0bIAA","0YAB00000008QEFOA2","820.0"
"15.0","24","Pickup Broom PB200","01uB00000011k0OIAQ","0YAB00000008QEAOA2","6600.0"
"7.0","126","Pulverizer P10","01uB00000011k0VIAQ","0YAB00000008QDYOA2","3690.0"
"16.0","54","Compactor 9500","01uB00000011k0ZIAQ","0YAB00000008QDQOA2","12610.0"
"17.0","24","Backhoe Attachment R2","01uB00000011k0LIAQ","0YAB00000008QDCOA2","18040.0"
"11.0","216","Utility Broom UB1000","01uB00000011k0PIAQ","0YAB00000008QE5OAM","4230.0"
"11.0","216","Pulverizer P10","01uB00000011k0VIAQ","0YAB00000008QE3OAM","4275.0"
"19.0","1","Backhoe Attachment R1","01uB00000011k0KIAQ","0YAB00000008QEEOA2","15015.0"
"0.0","72","Utility Broom UB1000","01uB00000011k0PIAQ","0YAB00000008QCxOAM","4275.0"
"0.0","252","Sweeper S1000","01uB00000011k0MIAQ","0YAB00000008QD7OAM","5850.0"
"6.0","42","Trencher T36","01uB00000011k0QIAQ","0YAB00000008QDtOAM","4980.0"
"11.0","36","Backhoe Attachment R2","01uB00000011k0LIAQ","0YAB00000008QDDOA2","18040.0"
"12.0","90","Ripper 37","01uB00000011k0dIAA","0YAB00000008QDpOAM","1920.0"
"14.0","54","Pulverizer P20","01uB00000011k0WIAQ","0YAB00000008QEBOA2","4370.0"
"0.0","6","Trencher T60","01uB00000011k0SIAQ","0YAB00000008QDdOAM","8100.0"
"18.0","54","Trencher T60","01uB00000011k0SIAQ","0YAB00000008QDAOA2","6570.0"
"4.0","42","Trencher T36","01uB00000011k0QIAQ","0YAB00000008QDsOAM","5100.0"
"20.0","180","Pickup Broom PB200","01uB00000011k0OIAQ","0YAB00000008QEEOA2","5625.0"
"14.0","270","Ripper 37","01uB00000011k0dIAA","0YAB00000008QDTOA2","2000.0"
"6.0","162","Hammer H500","01uB00000011k0TIAQ","0YAB00000008QDAOA2","3318.0"
"2.0","36","Pickup Broom PB100","01uB00000011k0NIAQ","0YAB00000008QCtOAM","5865.0"
"7.0","126","Ripper 37","01uB00000011k0dIAA","0YAB00000008QD2OAM","1480.0"
"3.0","1584","Ripper 34","01uB00000011k0cIAA","0YAB00000008QDiOAM","1026.0"
"4.0","1458","Ripper 19","01uB00000011k0aIAA","0YAB00000008QCcOAM","696.0"
"10.0","624","Ripper 27","01uB00000011k0bIAA","0YAB00000008QDROA2","920.0"
"10.0","288","Trencher T48","01uB00000011k0RIAQ","0YAB00000008QDhOAM","4992.0"
"19.0","144","Pulverizer P20","01uB00000011k0WIAQ","0YAB00000008QD8OAM","4560.0"
"1.0","1836","Ripper 27","01uB00000011k0bIAA","0YAB00000008QDqOAM","940.0"
"11.0","300","Ripper 19","01uB00000011k0aIAA","0YAB00000008QDEOA2","760.0"
"11.0","1","Backhoe Attachment R1","01uB00000011k0KIAQ","0YAB00000008QE1OAM","15405.0"
"2.0","18","Compactor 9500","01uB00000011k0ZIAQ","0YAB00000008QDIOA2","9880.0"
"7.0","12","Backhoe Attachment R1","01uB00000011k0KIAQ","0YAB00000008QDEOA2","13845.0"
"2.0","402","Ripper 27","01uB00000011k0bIAA","0YAB00000008QDuOAM","710.0"
"18.0","972","Ripper 19","01uB00000011k0aIAA","0YAB00000008QClOAM","680.0"
"7.0","378","Trencher T48","01uB00000011k0RIAQ","0YAB00000008QDVOA2","5760.0"
"9.0","108","Trencher T36","01uB00000011k0QIAQ","0YAB00000008QDpOAM","5580.0"
"11.0","60","Pickup Broom PB200","01uB00000011k0OIAQ","0YAB00000008QDROA2","5850.0"
"18.0","42","Trencher T48","01uB00000011k0RIAQ","0YAB00000008QCsOAM","5440.0"
"15.0","12","Trencher T60","01uB00000011k0SIAQ","0YAB00000008QDOOA2","7920.0"
"4.0","108","Compactor 9500","01uB00000011k0ZIAQ","0YAB00000008QD7OAM","12350.0"
"19.0","12","Trencher T60","01uB00000011k0SIAQ","0YAB00000008QDPOA2","7110.0"
"16.0","144","Pickup Broom PB200","01uB00000011k0OIAQ","0YAB00000008QDHOA2","7050.0"
"0.0","432","Pulverizer P20","01uB00000011k0WIAQ","0YAB00000008QDAOA2","4560.0"
"14.0","48","Compactor 9000","01uB00000011k0YIAQ","0YAB00000008QDvOAM","6966.0"
"0.0","72","Backhoe Attachment R2","01uB00000011k0LIAQ","0YAB00000008QDgOAM","19475.0"
"17.0","162","Pickup Broom PB100","01uB00000011k0NIAQ","0YAB00000008QDNOA2","6003.0"
"3.0","396","Pulverizer P20","01uB00000011k0WIAQ","0YAB00000008QCyOAM","3657.0"
"17.0","324","Ripper 19","01uB00000011k0aIAA","0YAB00000008QDlOAM","688.0"
"16.0","36","Compactor 3500","01uB00000011k0XIAQ","0YAB00000008QDUOA2","4887.0"
"17.0","108","Compactor 9000","01uB00000011k0YIAQ","0YAB00000008QCyOAM","7857.0"
"14.0","12","Compactor 3500","01uB00000011k0XIAQ","0YAB00000008QDyOAM","4945.0"
"20.0","12","Hammer H500","01uB00000011k0TIAQ","0YAB00000008QE1OAM","3822.0"
"4.0","84","Sweeper S1000","01uB00000011k0MIAQ","0YAB00000008QCvOAM","5550.0"
"8.0","36","Compactor 9500","01uB00000011k0ZIAQ","0YAB00000008QEDOA2","12350.0"
"3.0","108","Pickup Broom PB100","01uB00000011k0NIAQ","0YAB00000008QDoOAM","5175.0"
"0.0","144","Pulverizer P10","01uB00000011k0VIAQ","0YAB00000008QDJOA2","3375.0"
"11.0","216","Trencher T36","01uB00000011k0QIAQ","0YAB00000008QE5OAM","5940.0"
"13.0","366","Ripper 27","01uB00000011k0bIAA","0YAB00000008QE1OAM","780.0"
"3.0","252","Pulverizer P10","01uB00000011k0VIAQ","0YAB00000008QDwOAM","3825.0"
"17.0","396","Pulverizer P20","01uB00000011k0WIAQ","0YAB00000008QCnOAM","3610.0"
"4.0","1404","Ripper 19","01uB00000011k0aIAA","0YAB00000008QD4OAM","712.0"
"12.0","486","Pulverizer P20","01uB00000011k0WIAQ","0YAB00000008QEGOA2","4322.0"
"15.0","108","Pickup Broom PB100","01uB00000011k0NIAQ","0YAB00000008QCyOAM","6072.0"
"8.0","1026","Ripper 27","01uB00000011k0bIAA","0YAB00000008QD1OAM","830.0"
"5.0","324","Ripper 37","01uB00000011k0dIAA","0YAB00000008QE6OAM","1780.0"
"7.0","72","Pickup Broom PB100","01uB00000011k0NIAQ","0YAB00000008QD7OAM","6693.0"
"19.0","252","Trencher T48","01uB00000011k0RIAQ","0YAB00000008QDHOA2","5568.0"
"17.0","486","Hammer H700","01uB00000011k0UIAQ","0YAB00000008QE6OAM","4715.0"
"15.0","324","Pulverizer P20","01uB00000011k0WIAQ","0YAB00000008QDgOAM","4417.0"
"9.0","54","Hammer H700","01uB00000011k0UIAQ","0YAB00000008QEAOA2","4600.0"
"17.0","108","Trencher T36","01uB00000011k0QIAQ","0YAB00000008QD1OAM","6000.0"
"10.0","180","Ripper 37","01uB00000011k0dIAA","0YAB00000008QDqOAM","1920.0"
"10.0","378","Trencher T36","01uB00000011k0QIAQ","0YAB00000008QDTOA2","4740.0"
"10.0","162","Pulverizer P20","01uB00000011k0WIAQ","0YAB00000008QDUOA2","4322.0"
"3.0","18","Compactor 3500","01uB00000011k0XIAQ","0YAB00000008QDXOA2","5117.0"
"20.0","1","Backhoe Attachment R1","01uB00000011k0KIAQ","0YAB00000008QDHOA2","15015.0"
"5.0","36","Trencher T60","01uB00000011k0SIAQ","0YAB00000008QDqOAM","8460.0"
"11.0","1656","Ripper 34","01uB00000011k0cIAA","0YAB00000008QEIOA2","985.0"
"6.0","54","Pickup Broom PB100","01uB00000011k0NIAQ","0YAB00000008QDYOA2","6279.0"
"7.0","936","Ripper 27","01uB00000011k0bIAA","0YAB00000008QDJOA2","920.0"
