"Id","External_ID__c","ServiceResourceId","ServiceAppointmentId","ActualTravelTime","EstimatedTravelTime"
"03r0b000000M8blAAC","AssignedResource.823","0Hn0b000000TgY0CAK","08p0b000000MSx1AAG","43.0","10.0"
"03r0b000000M8bnAAC","AssignedResource.620","0Hn0b000000TgY1CAK","08p0b000000MSx2AAG","41.0","13.0"
"03r0b000000M8boAAC","AssignedResource.462","0Hn0b000000TgY2CAK","08p0b000000MSvvAAG","28.0","49.0"
"03r0b000000M8bpAAC","AssignedResource.503","0Hn0b000000TgXuCAK","08p0b000000MSstAAG","7.0","19.0"
"03r0b000000M8bqAAC","AssignedResource.299","0Hn0b000000TgY1CAK","08p0b000000MSsuAAG","56.0","12.0"
"03r0b000000M8brAAC","AssignedResource.504","0Hn0b000000TgXwCAK","08p0b000000MSsvAAG","43.0","20.0"
"03r0b000000M8bsAAC","AssignedResource.418","0Hn0b000000TgXwCAK","08p0b000000MStfAAG","25.0","11.0"
"03r0b000000M8btAAC","AssignedResource.650","0Hn0b000000TgY0CAK","08p0b000000MStgAAG","33.0","14.0"
"03r0b000000M8buAAC","AssignedResource.505","0Hn0b000000TgXuCAK","08p0b000000MStjAAG","41.0","10.0"
"03r0b000000M8bvAAC","AssignedResource.301","0Hn0b000000TgXwCAK","08p0b000000MSuvAAG","15.0","14.0"
"03r0b000000M8bwAAC","AssignedResource.285","0Hn0b000000TgXwCAK","08p0b000000MSvnAAG","50.0","9.0"
"03r0b000000M8bxAAC","AssignedResource.710","0Hn0b000000TgXwCAK","08p0b000000MSwrAAG","40.0","7.0"
"03r0b000000M8byAAC","AssignedResource.330","0Hn0b000000TgY1CAK","08p0b000000MSwsAAG","25.0","25.0"
"03r0b000000M8bzAAC","AssignedResource.426","0Hn0b000000TgY1CAK","08p0b000000MSwnAAG","54.0","9.0"
"03r0b000000M8c0AAC","AssignedResource.427","0Hn0b000000TgXyCAK","08p0b000000MSwpAAG","50.0","7.0"
"03r0b000000M8c1AAC","AssignedResource.824","0Hn0b000000TgXzCAK","08p0b000000MStkAAG","54.0","13.0"
"03r0b000000M8c2AAC","AssignedResource.678","0Hn0b000000TgXvCAK","08p0b000000MStlAAG","34.0","48.0"
"03r0b000000M8c3AAC","AssignedResource.825","0Hn0b000000TgXyCAK","08p0b000000MStmAAG","42.0","24.0"
"03r0b000000M8c4AAC","AssignedResource.507","0Hn0b000000TgXvCAK","08p0b000000MSw1AAG","22.0","15.0"
"03r0b000000M8c5AAC","AssignedResource.714","0Hn0b000000TgY2CAK","08p0b000000MSvoAAG","9.0","4.0"
"03r0b000000M8c6AAC","AssignedResource.711","0Hn0b000000TgXvCAK","08p0b000000MSvpAAG","12.0","13.0"
"03r0b000000M8c7AAC","AssignedResource.877","0Hn0b000000TgXzCAK","08p0b000000MSvqAAG","2.0","31.0"
"03r0b000000M8c8AAC","AssignedResource.267","0Hn0b000000TgY2CAK","08p0b000000MSvrAAG","4.5","14.0"
"03r0b000000M8c9AAC","AssignedResource.306","0Hn0b000000TgXvCAK","08p0b000000MSvsAAG","19.0","20.0"
"03r0b000000M8cAAAS","AssignedResource.878","0Hn0b000000TgXzCAK","08p0b000000MSvtAAG","9.0","18.0"
"03r0b000000M8cBAAS","AssignedResource.521","0Hn0b000000TgXzCAK","08p0b000000MSvuAAG","17.0","11.0"
"03r0b000000M8cCAAS","AssignedResource.653","0Hn0b000000TgY2CAK","08p0b000000MSvwAAG","5.0","15.0"
"03r0b000000M8cDAAS","AssignedResource.712","0Hn0b000000TgXvCAK","08p0b000000MSvxAAG","33.0","10.0"
"03r0b000000M8cEAAS","AssignedResource.268","0Hn0b000000TgXuCAK","08p0b000000MSvyAAG","1.0","21.0"
"03r0b000000M8cvAAC","AssignedResource.698","0Hn0b000000TgXxCAK","08p0b000000MSqNAAW","59.0","25.0"
"03r0b000000M8cwAAC","AssignedResource.630","0Hn0b000000TgXxCAK","08p0b000000MSqOAAW","47.0","21.0"
"03r0b000000M8cxAAC","AssignedResource.629","0Hn0b000000TgXxCAK","08p0b000000MSqPAAW","22.0","34.0"
"03r0b000000M8cyAAC","AssignedResource.627","0Hn0b000000TgXwCAK","08p0b000000MSqQAAW","40.0","11.0"
"03r0b000000M8czAAC","AssignedResource.510","0Hn0b000000TgXtCAK","08p0b000000MSqRAAW","44.0","11.0"
"03r0b000000M8d0AAC","AssignedResource.699","0Hn0b000000TgY0CAK","08p0b000000MSqTAAW","56.0","7.0"
"03r0b000000M8d1AAC","AssignedResource.631","0Hn0b000000TgXvCAK","08p0b000000MSqUAAW","53.0","12.0"
"03r0b000000M8d2AAC","AssignedResource.478","0Hn0b000000TgXuCAK","08p0b000000MSqeAAG","18.0","8.0"
"03r0b000000M8d3AAC","AssignedResource.764","0Hn0b000000TgY1CAK","08p0b000000MSqfAAG","54.0","29.0"
"03r0b000000M8d4AAC","AssignedResource.531","0Hn0b000000TgY1CAK","08p0b000000MSqgAAG","12.0","7.0"
"03r0b000000M8d5AAC","AssignedResource.300","0Hn0b000000TgXyCAK","08p0b000000MSukAAG","5.0","29.0"
"03r0b000000M8d6AAC","AssignedResource.303","0Hn0b000000TgXyCAK","08p0b000000MSucAAG","41.0","7.0"
"03r0b000000M8d7AAC","AssignedResource.868","0Hn0b000000TgXzCAK","08p0b000000MSudAAG","12.0","28.0"
"03r0b000000M8d8AAC","AssignedResource.767","0Hn0b000000TgXtCAK","08p0b000000MSueAAG","21.0","4.0"
"03r0b000000M8d9AAC","AssignedResource.511","0Hn0b000000TgXtCAK","08p0b000000MSufAAG","4.0","10.0"
"03r0b000000M8dAAAS","AssignedResource.787","0Hn0b000000TgXzCAK","08p0b000000MSugAAG","60.0","12.0"
"03r0b000000M8dBAAS","AssignedResource.597","0Hn0b000000TgXxCAK","08p0b000000MSuhAAG","32.0","5.0"
"03r0b000000M8dCAAS","AssignedResource.512","0Hn0b000000TgXuCAK","08p0b000000MSuiAAG","49.0","6.0"
"03r0b000000M8dDAAS","AssignedResource.607","0Hn0b000000TgXxCAK","08p0b000000MSujAAG","21.0","60.0"
"03r0b000000M8dEAAS","AssignedResource.363","0Hn0b000000TgY2CAK","08p0b000000MSwQAAW","14.0","9.0"
"03r0b000000M8dFAAS","AssignedResource.360","0Hn0b000000TgXxCAK","08p0b000000MSwMAAW","30.0","16.0"
"03r0b000000M8dGAAS","AssignedResource.782","0Hn0b000000TgXwCAK","08p0b000000MSwNAAW","46.0","20.0"
"03r0b000000M8dHAAS","AssignedResource.791","0Hn0b000000TgY1CAK","08p0b000000MSwOAAW","22.0","18.0"
"03r0b000000M8dIAAS","AssignedResource.600","0Hn0b000000TgXxCAK","08p0b000000MSwPAAW","46.0","19.0"
"03r0b000000M8dJAAS","AssignedResource.717","0Hn0b000000TgXvCAK","08p0b000000MSqhAAG","48.0","4.0"
"03r0b000000M8dKAAS","AssignedResource.513","0Hn0b000000TgXwCAK","08p0b000000MSqiAAG","22.0","14.0"
"03r0b000000M8dLAAS","AssignedResource.514","0Hn0b000000TgXyCAK","08p0b000000MSqjAAG","5.0","14.0"
"03r0b000000M8dMAAS","AssignedResource.307","0Hn0b000000TgY0CAK","08p0b000000MSqkAAG","3.0","17.0"
"03r0b000000M8dNAAS","AssignedResource.468","0Hn0b000000TgXuCAK","08p0b000000MSqlAAG","29.0","24.0"
"03r0b000000M8dOAAS","AssignedResource.533","0Hn0b000000TgY2CAK","08p0b000000MSqmAAG","17.0","10.0"
"03r0b000000M8dPAAS","AssignedResource.829","0Hn0b000000TgXtCAK","08p0b000000MSuxAAG","39.0","8.0"
"03r0b000000M8dQAAS","AssignedResource.469","0Hn0b000000TgXyCAK","08p0b000000MSuyAAG","13.0","6.0"
"03r0b000000M8dRAAS","AssignedResource.560","0Hn0b000000TgY1CAK","08p0b000000MSuzAAG","14.0","22.0"
"03r0b000000M8dSAAS","AssignedResource.279","0Hn0b000000TgXwCAK","08p0b000000MSv0AAG","58.0","14.0"
"03r0b000000M8dTAAS","AssignedResource.280","0Hn0b000000TgY2CAK","08p0b000000MSv1AAG","5.5","13.0"
"03r0b000000M8dUAAS","AssignedResource.470","0Hn0b000000TgXtCAK","08p0b000000MSwVAAW","6.0","38.0"
"03r0b000000M8dVAAS","AssignedResource.836","0Hn0b000000TgY0CAK","08p0b000000MSwRAAW","25.0","27.0"
"03r0b000000M8dWAAS","AssignedResource.291","0Hn0b000000TgXvCAK","08p0b000000MSwSAAW","52.0","28.0"
"03r0b000000M8dXAAS","AssignedResource.777","0Hn0b000000TgXzCAK","08p0b000000MSwTAAW","8.0","15.0"
"03r0b000000M8dYAAS","AssignedResource.450","0Hn0b000000TgXyCAK","08p0b000000MSwUAAW","47.0","6.0"
"03r0b000000M8dZAAS","AssignedResource.672","0Hn0b000000TgXuCAK","08p0b000000MSwWAAW","3.0","38.0"
"03r0b000000M8daAAC","AssignedResource.826","0Hn0b000000TgXxCAK","08p0b000000MSwXAAW","34.0","14.0"
"03r0b000000M8dbAAC","AssignedResource.765","0Hn0b000000TgXvCAK","08p0b000000MSwYAAW","15.0","15.0"
"03r0b000000M8dcAAC","AssignedResource.766","0Hn0b000000TgXvCAK","08p0b000000MSv3AAG","50.0","7.0"
"03r0b000000M8ddAAC","AssignedResource.881","0Hn0b000000TgY2CAK","08p0b000000MSqnAAG","26.0","56.0"
"03r0b000000M8deAAC","AssignedResource.490","0Hn0b000000TgXzCAK","08p0b000000MSqoAAG","53.0","6.0"
"03r0b000000M8dfAAC","AssignedResource.422","0Hn0b000000TgXwCAK","08p0b000000MSulAAG","19.0","18.0"
"03r0b000000M8dgAAC","AssignedResource.884","0Hn0b000000TgXyCAK","08p0b000000MSv2AAG","29.0","33.0"
"03r0b000000M8dhAAC","AssignedResource.811","0Hn0b000000TgY1CAK","08p0b000000MSv4AAG","42.0","6.0"
"03r0b000000M8diAAC","AssignedResource.288","0Hn0b000000TgY0CAK","08p0b000000MSv5AAG","43.0","20.0"
"03r0b000000M8djAAC","AssignedResource.784","0Hn0b000000TgXzCAK","08p0b000000MSseAAG","1.0","21.0"
"03r0b000000M8dkAAC","AssignedResource.718","0Hn0b000000TgXxCAK","08p0b000000MSzKAAW","20.0","10.0"
"03r0b000000M8dlAAC","AssignedResource.701","0Hn0b000000TgY0CAK","08p0b000000MSzOAAW","14.0","5.0"
"03r0b000000M8dmAAC","AssignedResource.338","0Hn0b000000TgXwCAK","08p0b000000MSqDAAW","36.0","1.0"
"03r0b000000M8dnAAC","AssignedResource.336","0Hn0b000000TgXtCAK","08p0b000000MT07AAG","46.0","4.0"
"03r0b000000M8doAAC","AssignedResource.515","0Hn0b000000TgY1CAK","08p0b000000MSv6AAG","48.0","21.0"
"03r0b000000M8dpAAC","AssignedResource.702","0Hn0b000000TgXtCAK","08p0b000000MSv7AAG","32.0","22.0"
"03r0b000000M8dqAAC","AssignedResource.523","0Hn0b000000TgXtCAK","08p0b000000MSv8AAG","4.0","11.0"
"03r0b000000M8drAAC","AssignedResource.522","0Hn0b000000TgY1CAK","08p0b000000MSshAAG","41.0","18.0"
"03r0b000000M8dsAAC","AssignedResource.719","0Hn0b000000TgXtCAK","08p0b000000MSsdAAG","49.0","3.0"
"03r0b000000M8dtAAC","AssignedResource.720","0Hn0b000000TgXzCAK","08p0b000000MSsfAAG","52.0","12.0"
"03r0b000000M8duAAC","AssignedResource.604","0Hn0b000000TgXtCAK","08p0b000000MSsgAAG","52.0","6.0"
"03r0b000000M8cFAAS","AssignedResource.355","0Hn0b000000TgY0CAK","08p0b000000MSvzAAG","40.0","27.0"
"03r0b000000M8cGAAS","AssignedResource.477","0Hn0b000000TgXxCAK","08p0b000000MSw0AAG","26.0","41.0"
"03r0b000000M8cHAAS","AssignedResource.790","0Hn0b000000TgXxCAK","08p0b000000MSvKAAW","53.0","13.0"
"03r0b000000M8cIAAS","AssignedResource.622","0Hn0b000000TgXxCAK","08p0b000000MSvLAAW","23.0","23.0"
"03r0b000000M8cJAAS","AssignedResource.818","0Hn0b000000TgY1CAK","08p0b000000MSvMAAW","34.0","1.0"
"03r0b000000M8cKAAS","AssignedResource.841","0Hn0b000000TgXuCAK","08p0b000000MSvNAAW","52.0","25.0"
"03r0b000000M8cLAAS","AssignedResource.867","0Hn0b000000TgXyCAK","08p0b000000MSwtAAG","43.0","9.0"
"03r0b000000M8cMAAS","AssignedResource.463","0Hn0b000000TgXxCAK","08p0b000000MSvOAAW","51.0","26.0"
"03r0b000000M8cNAAS","AssignedResource.284","0Hn0b000000TgXwCAK","08p0b000000MSx3AAG","43.0","27.0"
"03r0b000000M8cOAAS","AssignedResource.551","0Hn0b000000TgXwCAK","08p0b000000MSx4AAG","23.0","11.0"
"03r0b000000M8cPAAS","AssignedResource.713","0Hn0b000000TgY2CAK","08p0b000000MSvTAAW","16.5","7.0"
"03r0b000000M8cQAAS","AssignedResource.715","0Hn0b000000TgXyCAK","08p0b000000MSvXAAW","29.0","11.0"
"03r0b000000M8cRAAS","AssignedResource.763","0Hn0b000000TgY1CAK","08p0b000000MSvUAAW","17.0","10.0"
"03r0b000000M8cSAAS","AssignedResource.520","0Hn0b000000TgY0CAK","08p0b000000MSvVAAW","33.0","7.0"
"03r0b000000M8cTAAS","AssignedResource.679","0Hn0b000000TgXtCAK","08p0b000000MSvWAAW","4.0","5.0"
"03r0b000000M8cUAAS","AssignedResource.447","0Hn0b000000TgY2CAK","08p0b000000MSvdAAG","9.0","14.0"
"03r0b000000M8cVAAS","AssignedResource.625","0Hn0b000000TgY1CAK","08p0b000000MSveAAG","31.0","4.0"
"03r0b000000M8cWAAS","AssignedResource.305","0Hn0b000000TgXtCAK","08p0b000000MSvgAAG","50.0","12.0"
"03r0b000000M8cXAAS","AssignedResource.716","0Hn0b000000TgXtCAK","08p0b000000MSzxAAG","24.0","4.0"
"03r0b000000M8cYAAS","AssignedResource.366","0Hn0b000000TgXtCAK","08p0b000000MSvhAAG","53.0","6.0"
"03r0b000000M8cZAAS","AssignedResource.554","0Hn0b000000TgXuCAK","08p0b000000MSviAAG","42.0","13.0"
"03r0b000000M8caAAC","AssignedResource.530","0Hn0b000000TgXyCAK","08p0b000000MSvjAAG","7.0","10.0"
"03r0b000000M8cbAAC","AssignedResource.506","0Hn0b000000TgY0CAK","08p0b000000MSvkAAG","43.0","6.0"
"03r0b000000M8ccAAC","AssignedResource.628","0Hn0b000000TgXuCAK","08p0b000000MSvlAAG","43.0","11.0"
"03r0b000000M8cdAAC","AssignedResource.421","0Hn0b000000TgXwCAK","08p0b000000MSzyAAG","40.0","15.0"
"03r0b000000M8ceAAC","AssignedResource.359","0Hn0b000000TgY2CAK","08p0b000000MSvmAAG","29.0","8.0"
"03r0b000000M8cfAAC","AssignedResource.423","0Hn0b000000TgXtCAK","08p0b000000MSzzAAG","32.0","19.0"
"03r0b000000M8cgAAC","AssignedResource.466","0Hn0b000000TgY0CAK","08p0b000000MT02AAG","22.0","3.0"
"03r0b000000M8chAAC","AssignedResource.550","0Hn0b000000TgXwCAK","08p0b000000MT00AAG","58.0","12.0"
"03r0b000000M8ciAAC","AssignedResource.465","0Hn0b000000TgY2CAK","08p0b000000MT01AAG","7.0","7.0"
"03r0b000000M8cjAAC","AssignedResource.527","0Hn0b000000TgY0CAK","08p0b000000MT03AAG","29.0","10.0"
"03r0b000000M8ckAAC","AssignedResource.270","0Hn0b000000TgXvCAK","08p0b000000MT04AAG","57.0","14.0"
"03r0b000000M8clAAC","AssignedResource.271","0Hn0b000000TgY2CAK","08p0b000000MT05AAG","25.5","11.0"
"03r0b000000M8cmAAC","AssignedResource.340","0Hn0b000000TgY2CAK","08p0b000000MT06AAG","25.0","14.0"
"03r0b000000M8cnAAC","AssignedResource.393","0Hn0b000000TgXvCAK","08p0b000000MStnAAG","37.0","36.0"
"03r0b000000M8coAAC","AssignedResource.794","0Hn0b000000TgXvCAK","08p0b000000MStoAAG","23.0","23.0"
"03r0b000000M8cpAAC","AssignedResource.467","0Hn0b000000TgXyCAK","08p0b000000MStqAAG","52.0","30.0"
"03r0b000000M8cqAAC","AssignedResource.651","0Hn0b000000TgXzCAK","08p0b000000MStpAAG","18.0","43.0"
"03r0b000000M8crAAC","AssignedResource.508","0Hn0b000000TgXzCAK","08p0b000000MStrAAG","54.0","10.0"
"03r0b000000M8csAAC","AssignedResource.272","0Hn0b000000TgXzCAK","08p0b000000MSttAAG","25.0","23.0"
"03r0b000000M8ctAAC","AssignedResource.509","0Hn0b000000TgXxCAK","08p0b000000MSqLAAW","28.0","23.0"
"03r0b000000M8cuAAC","AssignedResource.424","0Hn0b000000TgXzCAK","08p0b000000MSqMAAW","59.0","20.0"
"03r0b000000M8YdAAK","AssignedResource.687","0Hn0b000000TgXuCAK","08p0b000000MSz7AAG","32.0","14.0"
"03r0b000000M8YeAAK","AssignedResource.282","0Hn0b000000TgY0CAK","08p0b000000MSz8AAG","21.0","9.0"
"03r0b000000M8YfAAK","AssignedResource.349","0Hn0b000000TgXzCAK","08p0b000000MSz9AAG","24.0","17.0"
"03r0b000000M8YgAAK","AssignedResource.445","0Hn0b000000TgY1CAK","08p0b000000MStSAAW","39.0","14.0"
"03r0b000000M8YhAAK","AssignedResource.368","0Hn0b000000TgY1CAK","08p0b000000MSzBAAW","30.0","11.0"
"03r0b000000M8YiAAK","AssignedResource.842","0Hn0b000000TgXzCAK","08p0b000000MSzCAAW","55.0","11.0"
"03r0b000000M8YjAAK","AssignedResource.780","0Hn0b000000TgXzCAK","08p0b000000MSyEAAW","53.0","16.0"
"03r0b000000M8YkAAK","AssignedResource.348","0Hn0b000000TgY1CAK","08p0b000000MSyGAAW","28.0","21.0"
"03r0b000000M8YlAAK","AssignedResource.394","0Hn0b000000TgY1CAK","08p0b000000MSyHAAW","40.0","8.0"
"03r0b000000M8YmAAK","AssignedResource.595","0Hn0b000000TgXwCAK","08p0b000000MSyIAAW","12.0","33.0"
"03r0b000000M8YnAAK","AssignedResource.670","0Hn0b000000TgXyCAK","08p0b000000MSyJAAW","57.0","13.0"
"03r0b000000M8YoAAK","AssignedResource.830","0Hn0b000000TgXwCAK","08p0b000000MSyLAAW","53.0","23.0"
"03r0b000000M8YpAAK","AssignedResource.831","0Hn0b000000TgY2CAK","08p0b000000MSybAAG","14.5","6.0"
"03r0b000000M8YqAAK","AssignedResource.688","0Hn0b000000TgY2CAK","08p0b000000MSyOAAW","4.0","11.0"
"03r0b000000M8YrAAK","AssignedResource.809","0Hn0b000000TgXzCAK","08p0b000000MSyPAAW","1.0","4.0"
"03r0b000000M8YsAAK","AssignedResource.415","0Hn0b000000TgY1CAK","08p0b000000MT0GAAW","10.0","19.0"
"03r0b000000M8YtAAK","AssignedResource.570","0Hn0b000000TgY0CAK","08p0b000000MT0CAAW","4.0","9.0"
"03r0b000000M8YuAAK","AssignedResource.843","0Hn0b000000TgY2CAK","08p0b000000MT0EAAW","10.5","13.0"
"03r0b000000M8YvAAK","AssignedResource.444","0Hn0b000000TgXtCAK","08p0b000000MT0FAAW","21.0","12.0"
"03r0b000000M8YwAAK","AssignedResource.446","0Hn0b000000TgXuCAK","08p0b000000MStWAAW","6.0","13.0"
"03r0b000000M8YxAAK","AssignedResource.748","0Hn0b000000TgXuCAK","08p0b000000MT0HAAW","15.0","25.0"
"03r0b000000M8YyAAK","AssignedResource.695","0Hn0b000000TgXtCAK","08p0b000000MT0IAAW","35.0","10.0"
"03r0b000000M8YzAAK","AssignedResource.602","0Hn0b000000TgY2CAK","08p0b000000MT0JAAW","7.0","8.0"
"03r0b000000M8Z0AAK","AssignedResource.844","0Hn0b000000TgXuCAK","08p0b000000MT0KAAW","34.0","3.0"
"03r0b000000M8Z1AAK","AssignedResource.659","0Hn0b000000TgXzCAK","08p0b000000MT0LAAW","33.0","9.0"
"03r0b000000M8YcAAK","AssignedResource.813","0Hn0b000000TgY2CAK","08p0b000000MSz6AAG","8.5","4.0"
"03r0b000000M8Z2AAK","AssignedResource.689","0Hn0b000000TgY0CAK","08p0b000000MSsHAAW","29.0","7.0"
"03r0b000000M8Z3AAK","AssignedResource.692","0Hn0b000000TgY0CAK","08p0b000000MSsMAAW","13.0","29.0"
"03r0b000000M8Z4AAK","AssignedResource.693","0Hn0b000000TgXvCAK","08p0b000000MT0gAAG","39.0","10.0"
"03r0b000000M8Z5AAK","AssignedResource.610","0Hn0b000000TgXtCAK","08p0b000000MT0MAAW","59.0","22.0"
"03r0b000000M8Z6AAK","AssignedResource.758","0Hn0b000000TgY2CAK","08p0b000000MStLAAW","18.0","7.0"
"03r0b000000M8Z7AAK","AssignedResource.488","0Hn0b000000TgXtCAK","08p0b000000MStbAAG","28.0","7.0"
"03r0b000000M8Z8AAK","AssignedResource.342","0Hn0b000000TgXzCAK","08p0b000000MStTAAW","5.0","3.0"
"03r0b000000M8Z9AAK","AssignedResource.573","0Hn0b000000TgXuCAK","08p0b000000MStVAAW","50.0","10.0"
"03r0b000000M8ZAAA0","AssignedResource.603","0Hn0b000000TgY2CAK","08p0b000000MStXAAW","4.5","7.0"
"03r0b000000M8ZBAA0","AssignedResource.574","0Hn0b000000TgXzCAK","08p0b000000MSryAAG","3.0","6.0"
"03r0b000000M8ZCAA0","AssignedResource.390","0Hn0b000000TgXvCAK","08p0b000000MStZAAW","28.0","22.0"
"03r0b000000M8ZDAA0","AssignedResource.677","0Hn0b000000TgXxCAK","08p0b000000MSwxAAG","0.0","10.0"
"03r0b000000M8ZEAA0","AssignedResource.453","0Hn0b000000TgXvCAK","08p0b000000MStaAAG","31.0","29.0"
"03r0b000000M8bdAAC","AssignedResource.298","0Hn0b000000TgXvCAK","08p0b000000MSvAAAW","3.0","14.0"
"03r0b000000M8beAAC","AssignedResource.460","0Hn0b000000TgY2CAK","08p0b000000MSvBAAW","3.5","16.0"
"03r0b000000M8bcAAC","AssignedResource.361","0Hn0b000000TgXvCAK","08p0b000000MSuuAAG","28.0","20.0"
"03r0b000000M8bfAAC","AssignedResource.832","0Hn0b000000TgXtCAK","08p0b000000MSvCAAW","50.0","8.0"
"03r0b000000M8bgAAC","AssignedResource.461","0Hn0b000000TgXtCAK","08p0b000000MSvDAAW","56.0","17.0"
"03r0b000000M8bhAAC","AssignedResource.789","0Hn0b000000TgY2CAK","08p0b000000MSvEAAW","2.0","5.0"
"03r0b000000M8biAAC","AssignedResource.501","0Hn0b000000TgXzCAK","08p0b000000MSvHAAW","10.0","21.0"
"03r0b000000M8bjAAC","AssignedResource.646","0Hn0b000000TgXzCAK","08p0b000000MSwjAAG","50.0","2.0"
"03r0b000000M8bkAAC","AssignedResource.822","0Hn0b000000TgY1CAK","08p0b000000MSvJAAW","42.0","22.0"
"03r0b000000M8ZFAA0","AssignedResource.542","0Hn0b000000TgXvCAK","08p0b000000MSsFAAW","38.0","27.0"
"03r0b000000M8ZGAA0","AssignedResource.493","0Hn0b000000TgXuCAK","08p0b000000MStPAAW","11.0","22.0"
"03r0b000000M8ZHAA0","AssignedResource.395","0Hn0b000000TgXxCAK","08p0b000000MSsGAAW","45.0","5.0"
"03r0b000000M8ZIAA0","AssignedResource.388","0Hn0b000000TgXzCAK","08p0b000000MSypAAG","12.0","14.0"
"03r0b000000M8ZJAA0","AssignedResource.325","0Hn0b000000TgXvCAK","08p0b000000MSyqAAG","14.0","23.0"
"03r0b000000M8ZKAA0","AssignedResource.326","0Hn0b000000TgXtCAK","08p0b000000MSyyAAG","40.0","12.0"
"03r0b000000M8ZLAA0","AssignedResource.776","0Hn0b000000TgY2CAK","08p0b000000MSyrAAG","7.5","3.0"
"03r0b000000M8ZMAA0","AssignedResource.412","0Hn0b000000TgY2CAK","08p0b000000MSxEAAW","5.0","11.0"
"03r0b000000M8ZNAA0","AssignedResource.413","0Hn0b000000TgY0CAK","08p0b000000MSxGAAW","4.0","9.0"
"03r0b000000M8ZOAA0","AssignedResource.690","0Hn0b000000TgXyCAK","08p0b000000MSsJAAW","27.0","8.0"
"03r0b000000M8ZPAA0","AssignedResource.859","0Hn0b000000TgXyCAK","08p0b000000MSysAAG","4.0","14.0"
"03r0b000000M8ZQAA0","AssignedResource.451","0Hn0b000000TgXtCAK","08p0b000000MSytAAG","14.0","21.0"
"03r0b000000M8ZRAA0","AssignedResource.489","0Hn0b000000TgXyCAK","08p0b000000MSrxAAG","58.0","13.0"
"03r0b000000M8ZSAA0","AssignedResource.575","0Hn0b000000TgXyCAK","08p0b000000MSrzAAG","1.0","19.0"
"03r0b000000M8ZTAA0","AssignedResource.845","0Hn0b000000TgXtCAK","08p0b000000MSs0AAG","47.0","13.0"
"03r0b000000M8ZUAA0","AssignedResource.848","0Hn0b000000TgXxCAK","08p0b000000MStMAAW","32.0","61.0"
"03r0b000000M8ZVAA0","AssignedResource.576","0Hn0b000000TgXyCAK","08p0b000000MSsIAAW","13.0","3.0"
"03r0b000000M8ZWAA0","AssignedResource.846","0Hn0b000000TgY1CAK","08p0b000000MSsKAAW","28.0","6.0"
"03r0b000000M8ZXAA0","AssignedResource.357","0Hn0b000000TgY2CAK","08p0b000000MSsLAAW","14.5","5.0"
"03r0b000000M8ZYAA0","AssignedResource.660","0Hn0b000000TgXtCAK","08p0b000000MSyuAAG","11.0","9.0"
"03r0b000000M8ZZAA0","AssignedResource.661","0Hn0b000000TgXvCAK","08p0b000000MSyTAAW","41.0","21.0"
"03r0b000000M8ZaAAK","AssignedResource.452","0Hn0b000000TgXvCAK","08p0b000000MSyvAAG","42.0","7.0"
"03r0b000000M8ZbAAK","AssignedResource.691","0Hn0b000000TgXyCAK","08p0b000000MSywAAG","33.0","6.0"
"03r0b000000M8ZcAAK","AssignedResource.281","0Hn0b000000TgY0CAK","08p0b000000MSyxAAG","31.0","8.0"
"03r0b000000M8ZdAAK","AssignedResource.455","0Hn0b000000TgY2CAK","08p0b000000MStcAAG","18.5","7.0"
"03r0b000000M8ZeAAK","AssignedResource.456","0Hn0b000000TgY0CAK","08p0b000000MStQAAW","32.0","10.0"
"03r0b000000M8ZfAAK","AssignedResource.795","0Hn0b000000TgY0CAK","08p0b000000MStdAAG","2.0","19.0"
"03r0b000000M8ZgAAK","AssignedResource.847","0Hn0b000000TgY0CAK","08p0b000000MSsNAAW","8.0","16.0"
"03r0b000000M8ZhAAK","AssignedResource.577","0Hn0b000000TgXvCAK","08p0b000000MSyRAAW","29.0","20.0"
"03r0b000000M8ZiAAK","AssignedResource.369","0Hn0b000000TgXxCAK","08p0b000000MSteAAG","56.0","8.0"
"03r0b000000M8ZjAAK","AssignedResource.611","0Hn0b000000TgXzCAK","08p0b000000MStOAAW","23.0","15.0"
"03r0b000000M8ZkAAK","AssignedResource.283","0Hn0b000000TgY0CAK","08p0b000000MStRAAW","26.0","8.0"
"03r0b000000M8ZlAAK","AssignedResource.759","0Hn0b000000TgXyCAK","08p0b000000MSySAAW","4.0","14.0"
"03r0b000000M8ZmAAK","AssignedResource.760","0Hn0b000000TgXvCAK","08p0b000000MSyUAAW","48.0","17.0"
"03r0b000000M8ZnAAK","AssignedResource.849","0Hn0b000000TgXvCAK","08p0b000000MT0DAAW","39.0","18.0"
"03r0b000000M8ZoAAK","AssignedResource.864","0Hn0b000000TgXxCAK","08p0b000000MSyoAAG","44.0","32.0"
"03r0b000000M8ZpAAK","AssignedResource.865","0Hn0b000000TgXxCAK","08p0b000000MT0aAAG","40.0","6.0"
"03r0b000000M8ZqAAK","AssignedResource.805","0Hn0b000000TgXvCAK","08p0b000000MT0bAAG","51.0","22.0"
"03r0b000000M8ZrAAK","AssignedResource.548","0Hn0b000000TgXyCAK","08p0b000000MSxHAAW","30.0","37.0"
"03r0b000000M8ZsAAK","AssignedResource.578","0Hn0b000000TgXxCAK","08p0b000000MT0cAAG","11.0","31.0"
"03r0b000000M8ZtAAK","AssignedResource.391","0Hn0b000000TgXvCAK","08p0b000000MT0eAAG","4.0","31.0"
"03r0b000000M8ZuAAK","AssignedResource.874","0Hn0b000000TgXvCAK","08p0b000000MT0hAAG","24.0","12.0"
"03r0b000000M8ZvAAK","AssignedResource.286","0Hn0b000000TgXwCAK","08p0b000000MT0iAAG","52.0","25.0"
"03r0b000000M8ZwAAK","AssignedResource.518","0Hn0b000000TgXwCAK","08p0b000000MSycAAG","33.0","12.0"
"03r0b000000M8ZxAAK","AssignedResource.494","0Hn0b000000TgXvCAK","08p0b000000MSyfAAG","47.0","14.0"
"03r0b000000M8ZyAAK","AssignedResource.407","0Hn0b000000TgXwCAK","08p0b000000MSydAAG","0.0","28.0"
"03r0b000000M8ZzAAK","AssignedResource.396","0Hn0b000000TgXwCAK","08p0b000000MSyeAAG","2.0","13.0"
"03r0b000000M8a0AAC","AssignedResource.756","0Hn0b000000TgXuCAK","08p0b000000MSxcAAG","13.0","25.0"
"03r0b000000M8a1AAC","AssignedResource.850","0Hn0b000000TgXyCAK","08p0b000000MSxdAAG","0.0","22.0"
"03r0b000000M8a2AAC","AssignedResource.457","0Hn0b000000TgXzCAK","08p0b000000MSxoAAG","57.0","27.0"
"03r0b000000M8a3AAC","AssignedResource.495","0Hn0b000000TgY2CAK","08p0b000000MSxeAAG","23.0","6.0"
"03r0b000000M8a4AAC","AssignedResource.364","0Hn0b000000TgY2CAK","08p0b000000MSxfAAG","26.0","22.0"
"03r0b000000M8a5AAC","AssignedResource.612","0Hn0b000000TgY2CAK","08p0b000000MSxgAAG","20.5","7.0"
"03r0b000000M8a6AAC","AssignedResource.519","0Hn0b000000TgXuCAK","08p0b000000MSxhAAG","52.0","14.0"
"03r0b000000M8a7AAC","AssignedResource.389","0Hn0b000000TgY2CAK","08p0b000000MSxiAAG","15.5","5.0"
"03r0b000000M8a8AAC","AssignedResource.371","0Hn0b000000TgXwCAK","08p0b000000MSsDAAW","46.0","4.0"
"03r0b000000M8a9AAC","AssignedResource.671","0Hn0b000000TgXtCAK","08p0b000000MSs9AAG","55.0","9.0"
"03r0b000000M8aAAAS","AssignedResource.605","0Hn0b000000TgXzCAK","08p0b000000MSsAAAW","28.0","6.0"
"03r0b000000M8aBAAS","AssignedResource.875","0Hn0b000000TgY0CAK","08p0b000000MSygAAG","58.0","27.0"
"03r0b000000M8aCAAS","AssignedResource.870","0Hn0b000000TgXuCAK","08p0b000000MSxjAAG","20.0","12.0"
"03r0b000000M8aDAAS","AssignedResource.869","0Hn0b000000TgXzCAK","08p0b000000MSxmAAG","50.0","11.0"
"03r0b000000M8aEAAS","AssignedResource.526","0Hn0b000000TgXyCAK","08p0b000000MSxkAAG","38.0","5.0"
"03r0b000000M8aFAAS","AssignedResource.751","0Hn0b000000TgXuCAK","08p0b000000MSxlAAG","25.0","19.0"
"03r0b000000M8aGAAS","AssignedResource.370","0Hn0b000000TgXyCAK","08p0b000000MSxnAAG","13.0","22.0"
"03r0b000000M8aHAAS","AssignedResource.287","0Hn0b000000TgXuCAK","08p0b000000MSsBAAW","3.0","28.0"
"03r0b000000M8aIAAS","AssignedResource.613","0Hn0b000000TgY0CAK","08p0b000000MSyiAAG","7.0","9.0"
"03r0b000000M8aJAAS","AssignedResource.852","0Hn0b000000TgY0CAK","08p0b000000MSyjAAG","36.0","22.0"
"03r0b000000M8aKAAS","AssignedResource.358","0Hn0b000000TgXtCAK","08p0b000000MSsCAAW","52.0","26.0"
"03r0b000000M8aLAAS","AssignedResource.496","0Hn0b000000TgY2CAK","08p0b000000MSyhAAG","21.0","8.0"
"03r0b000000M8aMAAS","AssignedResource.344","0Hn0b000000TgY2CAK","08p0b000000MSykAAG","12.5","7.0"
"03r0b000000M8aNAAS","AssignedResource.491","0Hn0b000000TgXxCAK","08p0b000000MSylAAG","24.0","33.0"
"03r0b000000M8aOAAS","AssignedResource.810","0Hn0b000000TgXxCAK","08p0b000000MSxAAAW","58.0","44.0"
"03r0b000000M8aPAAS","AssignedResource.328","0Hn0b000000TgXtCAK","08p0b000000MSxBAAW","13.0","20.0"
"03r0b000000M8aQAAS","AssignedResource.814","0Hn0b000000TgXwCAK","08p0b000000MSxtAAG","15.0","3.0"
"03r0b000000M8aRAAS","AssignedResource.327","0Hn0b000000TgXxCAK","08p0b000000MSy6AAG","4.0","38.0"
"03r0b000000M8aSAAS","AssignedResource.331","0Hn0b000000TgXwCAK","08p0b000000MSy8AAG","1.0","4.0"
"03r0b000000M8aTAAS","AssignedResource.753","0Hn0b000000TgXxCAK","08p0b000000MSxpAAG","58.0","28.0"
"03r0b000000M8aUAAS","AssignedResource.754","0Hn0b000000TgXuCAK","08p0b000000MT0WAAW","14.0","15.0"
"03r0b000000M8aVAAS","AssignedResource.762","0Hn0b000000TgY1CAK","08p0b000000MSxrAAG","27.0","18.0"
"03r0b000000M8aWAAS","AssignedResource.416","0Hn0b000000TgY1CAK","08p0b000000MSxDAAW","39.0","14.0"
"03r0b000000M8aXAAS","AssignedResource.876","0Hn0b000000TgXwCAK","08p0b000000MSunAAG","31.0","32.0"
"03r0b000000M8aYAAS","AssignedResource.293","0Hn0b000000TgY1CAK","08p0b000000MSxFAAW","55.0","4.0"
"03r0b000000M8aZAAS","AssignedResource.294","0Hn0b000000TgXxCAK","08p0b000000MSy7AAG","36.0","17.0"
"03r0b000000M8aaAAC","AssignedResource.297","0Hn0b000000TgXzCAK","08p0b000000MSvRAAW","35.0","6.0"
"03r0b000000M8abAAC","AssignedResource.649","0Hn0b000000TgY1CAK","08p0b000000MSumAAG","49.0","5.0"
"03r0b000000M8acAAC","AssignedResource.817","0Hn0b000000TgY2CAK","08p0b000000MSxwAAG","20.5","8.0"
"03r0b000000M8adAAC","AssignedResource.449","0Hn0b000000TgY0CAK","08p0b000000MSxuAAG","48.0","8.0"
"03r0b000000M8aeAAC","AssignedResource.341","0Hn0b000000TgXzCAK","08p0b000000MSxvAAG","8.0","10.0"
"03r0b000000M8afAAC","AssignedResource.372","0Hn0b000000TgXwCAK","08p0b000000MSxyAAG","39.0","17.0"
"03r0b000000M8agAAC","AssignedResource.706","0Hn0b000000TgXxCAK","08p0b000000MSy5AAG","42.0","5.0"
"03r0b000000M8ahAAC","AssignedResource.373","0Hn0b000000TgXyCAK","08p0b000000MSxzAAG","21.0","35.0"
"03r0b000000M8aiAAC","AssignedResource.749","0Hn0b000000TgXwCAK","08p0b000000MSvPAAW","54.0","28.0"
"03r0b000000M8ajAAC","AssignedResource.528","0Hn0b000000TgY0CAK","08p0b000000MSvGAAW","39.0","8.0"
"03r0b000000M8akAAC","AssignedResource.529","0Hn0b000000TgXxCAK","08p0b000000MSvIAAW","20.0","25.0"
"03r0b000000M8alAAC","AssignedResource.365","0Hn0b000000TgXyCAK","08p0b000000MSy0AAG","2.0","37.0"
"03r0b000000M8amAAC","AssignedResource.458","0Hn0b000000TgXxCAK","08p0b000000MSy1AAG","12.0","22.0"
"03r0b000000M8anAAC","AssignedResource.459","0Hn0b000000TgY0CAK","08p0b000000MSy2AAG","53.0","15.0"
"03r0b000000M8aoAAC","AssignedResource.614","0Hn0b000000TgXzCAK","08p0b000000MSy9AAG","52.0","14.0"
"03r0b000000M8apAAC","AssignedResource.642","0Hn0b000000TgY0CAK","08p0b000000MSyAAAW","47.0","5.0"
"03r0b000000M8aqAAC","AssignedResource.641","0Hn0b000000TgY1CAK","08p0b000000MSw7AAG","10.0","9.0"
"03r0b000000M8arAAC","AssignedResource.497","0Hn0b000000TgXyCAK","08p0b000000MSy3AAG","15.0","42.0"
"03r0b000000M8asAAC","AssignedResource.498","0Hn0b000000TgXzCAK","08p0b000000MT0ZAAW","34.0","9.0"
"03r0b000000M8atAAC","AssignedResource.615","0Hn0b000000TgXzCAK","08p0b000000MSy4AAG","55.0","9.0"
"03r0b000000M8auAAC","AssignedResource.617","0Hn0b000000TgY0CAK","08p0b000000MT0VAAW","14.0","20.0"
"03r0b000000M8avAAC","AssignedResource.648","0Hn0b000000TgXuCAK","08p0b000000MSynAAG","17.0","21.0"
"03r0b000000M8awAAC","AssignedResource.851","0Hn0b000000TgXtCAK","08p0b000000MSymAAG","9.0","1.0"
"03r0b000000M8axAAC","AssignedResource.616","0Hn0b000000TgXzCAK","08p0b000000MT0UAAW","39.0","10.0"
"03r0b000000M8ayAAC","AssignedResource.700","0Hn0b000000TgXwCAK","08p0b000000MT0XAAW","21.0","8.0"
"03r0b000000M8WhAAK","AssignedResource.673","0Hn0b000000TgXtCAK","08p0b000000MSuTAAW","34.0","16.0"
"03r0b000000M8WiAAK","AssignedResource.685","0Hn0b000000TgXxCAK","08p0b000000MSyaAAG","4.0","8.0"
"03r0b000000M8WjAAK","AssignedResource.367","0Hn0b000000TgXtCAK","08p0b000000MSuUAAW","41.0","9.0"
"03r0b000000M8WkAAK","AssignedResource.601","0Hn0b000000TgY2CAK","08p0b000000MSzZAAW","3.0","7.0"
"03r0b000000M8WlAAK","AssignedResource.582","0Hn0b000000TgXtCAK","08p0b000000MSuVAAW","50.0","8.0"
"03r0b000000M8WmAAK","AssignedResource.583","0Hn0b000000TgXuCAK","08p0b000000MSuYAAW","38.0","27.0"
"03r0b000000M8WnAAK","AssignedResource.543","0Hn0b000000TgXuCAK","08p0b000000MSuWAAW","11.0","12.0"
"03r0b000000M8WoAAK","AssignedResource.879","0Hn0b000000TgXtCAK","08p0b000000MSuXAAW","8.0","19.0"
"03r0b000000M8WpAAK","AssignedResource.584","0Hn0b000000TgY0CAK","08p0b000000MSuaAAG","29.0","6.0"
"03r0b000000M8WqAAK","AssignedResource.587","0Hn0b000000TgXuCAK","08p0b000000MSruAAG","40.0","27.0"
"03r0b000000M8WrAAK","AssignedResource.434","0Hn0b000000TgY1CAK","08p0b000000MSuZAAW","1.0","15.0"
"03r0b000000M8WsAAK","AssignedResource.433","0Hn0b000000TgXvCAK","08p0b000000MSsYAAW","23.0","18.0"
"03r0b000000M8WuAAK","AssignedResource.436","0Hn0b000000TgXtCAK","08p0b000000MSrOAAW","45.0","9.0"
"03r0b000000M8WvAAK","AssignedResource.803","0Hn0b000000TgY2CAK","08p0b000000MSsUAAW","5.0","5.0"
"03r0b000000M8WwAAK","AssignedResource.802","0Hn0b000000TgY0CAK","08p0b000000MSuRAAW","42.0","8.0"
"03r0b000000M8WxAAK","AssignedResource.585","0Hn0b000000TgXwCAK","08p0b000000MSrZAAW","11.0","20.0"
"03r0b000000M8WyAAK","AssignedResource.411","0Hn0b000000TgXuCAK","08p0b000000MSuSAAW","54.0","15.0"
"03r0b000000M8WzAAK","AssignedResource.568","0Hn0b000000TgY0CAK","08p0b000000MSzaAAG","4.0","10.0"
"03r0b000000M8X0AAK","AssignedResource.420","0Hn0b000000TgY0CAK","08p0b000000MSzcAAG","40.0","7.0"
"03r0b000000M8X1AAK","AssignedResource.273","0Hn0b000000TgY1CAK","08p0b000000MSzbAAG","54.0","9.0"
"03r0b000000M8X2AAK","AssignedResource.374","0Hn0b000000TgXwCAK","08p0b000000MSrYAAW","29.0","28.0"
"03r0b000000M8X3AAK","AssignedResource.485","0Hn0b000000TgXuCAK","08p0b000000MSzfAAG","10.0","7.0"
"03r0b000000M8X4AAK","AssignedResource.324","0Hn0b000000TgXzCAK","08p0b000000MSzgAAG","29.0","17.0"
"03r0b000000M8X5AAK","AssignedResource.880","0Hn0b000000TgY2CAK","08p0b000000MSzhAAG","13.5","10.0"
"03r0b000000M8X6AAK","AssignedResource.681","0Hn0b000000TgXzCAK","08p0b000000MSzWAAW","25.0","13.0"
"03r0b000000M8X7AAK","AssignedResource.414","0Hn0b000000TgXyCAK","08p0b000000MSzXAAW","4.0","4.0"
"03r0b000000M8X8AAK","AssignedResource.431","0Hn0b000000TgY2CAK","08p0b000000MSzdAAG","6.5","14.0"
"03r0b000000M8X9AAK","AssignedResource.274","0Hn0b000000TgXzCAK","08p0b000000MSzeAAG","42.0","20.0"
"03r0b000000M8XAAA0","AssignedResource.437","0Hn0b000000TgXtCAK","08p0b000000MSxOAAW","22.0","3.0"
"03r0b000000M8WtAAK","AssignedResource.435","0Hn0b000000TgXwCAK","08p0b000000MSxRAAW","21.0","33.0"
"03r0b000000M8XBAA0","AssignedResource.893","0Hn0b000000TgXuCAK","08p0b000000MSxPAAW","57.0","8.0"
"03r0b000000M8XCAA0","AssignedResource.375","0Hn0b000000TgY1CAK","08p0b000000MSxQAAW","40.0","26.0"
"03r0b000000M8XDAA0","AssignedResource.385","0Hn0b000000TgXwCAK","08p0b000000MSraAAG","45.0","37.0"
"03r0b000000M8XEAA0","AssignedResource.474","0Hn0b000000TgXwCAK","08p0b000000MSrbAAG","51.0","16.0"
"03r0b000000M8XFAA0","AssignedResource.475","0Hn0b000000TgXwCAK","08p0b000000MSxSAAW","56.0","7.0"
"03r0b000000M8XGAA0","AssignedResource.658","0Hn0b000000TgY2CAK","08p0b000000MSrnAAG","24.5","10.0"
"03r0b000000M8XHAA0","AssignedResource.381","0Hn0b000000TgXtCAK","08p0b000000MSrcAAG","15.0","4.0"
"03r0b000000M8XIAA0","AssignedResource.439","0Hn0b000000TgXtCAK","08p0b000000MSsPAAW","7.0","17.0"
"03r0b000000M8XJAA0","AssignedResource.438","0Hn0b000000TgXwCAK","08p0b000000MSroAAG","39.0","9.0"
"03r0b000000M8XKAA0","AssignedResource.382","0Hn0b000000TgY2CAK","08p0b000000MSsOAAW","15.0","32.0"
"03r0b000000M8XLAA0","AssignedResource.386","0Hn0b000000TgY2CAK","08p0b000000MSrtAAG","10.0","8.0"
"03r0b000000M8XMAA0","AssignedResource.332","0Hn0b000000TgY0CAK","08p0b000000MSsQAAW","14.0","9.0"
"03r0b000000M8XNAA0","AssignedResource.333","0Hn0b000000TgXyCAK","08p0b000000MSsRAAW","9.0","19.0"
"03r0b000000M8XOAA0","AssignedResource.440","0Hn0b000000TgXyCAK","08p0b000000MSsSAAW","41.0","6.0"
"03r0b000000M8XPAA0","AssignedResource.547","0Hn0b000000TgY2CAK","08p0b000000MSsTAAW","5.0","4.0"
"03r0b000000M8XQAA0","AssignedResource.379","0Hn0b000000TgY0CAK","08p0b000000MSsVAAW","5.0","6.0"
"03r0b000000M8XRAA0","AssignedResource.337","0Hn0b000000TgXyCAK","08p0b000000MSsWAAW","24.0","14.0"
"03r0b000000M8XSAA0","AssignedResource.334","0Hn0b000000TgXyCAK","08p0b000000MSrpAAG","40.0","7.0"
"03r0b000000M8XTAA0","AssignedResource.380","0Hn0b000000TgXtCAK","08p0b000000MSrqAAG","43.0","4.0"
"03r0b000000M8XUAA0","AssignedResource.797","0Hn0b000000TgXwCAK","08p0b000000MSrrAAG","37.0","12.0"
"03r0b000000M8XVAA0","AssignedResource.694","0Hn0b000000TgXwCAK","08p0b000000MSrsAAG","43.0","19.0"
"03r0b000000M8XWAA0","AssignedResource.586","0Hn0b000000TgXtCAK","08p0b000000MSsXAAW","34.0","14.0"
"03r0b000000M8XXAA0","AssignedResource.454","0Hn0b000000TgY0CAK","08p0b000000MSsbAAG","43.0","12.0"
"03r0b000000M8XYAA0","AssignedResource.383","0Hn0b000000TgY0CAK","08p0b000000MSsZAAW","43.0","9.0"
"03r0b000000M8XZAA0","AssignedResource.387","0Hn0b000000TgXuCAK","08p0b000000MSrMAAW","58.0","3.0"
"03r0b000000M8XaAAK","AssignedResource.410","0Hn0b000000TgXyCAK","08p0b000000MSsaAAG","28.0","6.0"
"03r0b000000M8XbAAK","AssignedResource.682","0Hn0b000000TgXvCAK","08p0b000000MSscAAG","6.0","8.0"
"03r0b000000M8XcAAK","AssignedResource.652","0Hn0b000000TgXvCAK","08p0b000000MSrRAAW","27.0","14.0"
"03r0b000000M8XdAAK","AssignedResource.746","0Hn0b000000TgXyCAK","08p0b000000MSrSAAW","20.0","13.0"
"03r0b000000M8XeAAK","AssignedResource.683","0Hn0b000000TgXyCAK","08p0b000000MSrTAAW","7.0","10.0"
"03r0b000000M8XfAAK","AssignedResource.441","0Hn0b000000TgXvCAK","08p0b000000MSrUAAW","57.0","9.0"
"03r0b000000M8XgAAK","AssignedResource.799","0Hn0b000000TgXvCAK","08p0b000000MSrVAAW","4.0","6.0"
"03r0b000000M8XhAAK","AssignedResource.356","0Hn0b000000TgXtCAK","08p0b000000MSrWAAW","51.0","4.0"
"03r0b000000M8XiAAK","AssignedResource.536","0Hn0b000000TgXtCAK","08p0b000000MSxsAAG","23.0","5.0"
"03r0b000000M8XjAAK","AssignedResource.516","0Hn0b000000TgY1CAK","08p0b000000MSrXAAW","8.0","10.0"
"03r0b000000M8XkAAK","AssignedResource.376","0Hn0b000000TgXuCAK","08p0b000000MSrKAAW","2.0","9.0"
"03r0b000000M8XlAAK","AssignedResource.857","0Hn0b000000TgXwCAK","08p0b000000MSyZAAW","34.0","11.0"
"03r0b000000M8XmAAK","AssignedResource.816","0Hn0b000000TgXuCAK","08p0b000000MSrIAAW","4.0","14.0"
"03r0b000000M8XnAAK","AssignedResource.384","0Hn0b000000TgXuCAK","08p0b000000MSrJAAW","44.0","7.0"
"03r0b000000M8XoAAK","AssignedResource.761","0Hn0b000000TgXvCAK","08p0b000000MT0fAAG","15.0","12.0"
"03r0b000000M8XpAAK","AssignedResource.643","0Hn0b000000TgY1CAK","08p0b000000MSrvAAG","58.0","30.0"
"03r0b000000M8XqAAK","AssignedResource.775","0Hn0b000000TgY0CAK","08p0b000000MSrwAAG","38.0","17.0"
"03r0b000000M8XrAAK","AssignedResource.275","0Hn0b000000TgXyCAK","08p0b000000MSxKAAW","37.0","10.0"
"03r0b000000M8XsAAK","AssignedResource.588","0Hn0b000000TgXzCAK","08p0b000000MSxIAAW","39.0","13.0"
"03r0b000000M8XtAAK","AssignedResource.377","0Hn0b000000TgY1CAK","08p0b000000MSxJAAW","18.0","10.0"
"03r0b000000M8XuAAK","AssignedResource.662","0Hn0b000000TgXyCAK","08p0b000000MSxLAAW","16.0","4.0"
"03r0b000000M8XvAAK","AssignedResource.684","0Hn0b000000TgY1CAK","08p0b000000MSxMAAW","56.0","19.0"
"03r0b000000M8XwAAK","AssignedResource.647","0Hn0b000000TgXuCAK","08p0b000000MSrLAAW","26.0","20.0"
"03r0b000000M8XxAAK","AssignedResource.828","0Hn0b000000TgY2CAK","08p0b000000MSrNAAW","26.5","12.0"
"03r0b000000M8XyAAK","AssignedResource.768","0Hn0b000000TgXuCAK","08p0b000000MSrPAAW","47.0","14.0"
"03r0b000000M8XzAAK","AssignedResource.442","0Hn0b000000TgXzCAK","08p0b000000MSrQAAW","38.0","16.0"
"03r0b000000M8Y0AAK","AssignedResource.757","0Hn0b000000TgXzCAK","08p0b000000MSyFAAW","20.0","7.0"
"03r0b000000M8Y1AAK","AssignedResource.755","0Hn0b000000TgXzCAK","08p0b000000MSs1AAG","48.0","5.0"
"03r0b000000M8Y2AAK","AssignedResource.589","0Hn0b000000TgXtCAK","08p0b000000MSs2AAG","7.0","24.0"
"03r0b000000M8Y3AAK","AssignedResource.443","0Hn0b000000TgY1CAK","08p0b000000MSs3AAG","3.0","23.0"
"03r0b000000M8Y4AAK","AssignedResource.486","0Hn0b000000TgXtCAK","08p0b000000MSs4AAG","12.0","21.0"
"03r0b000000M8Y5AAK","AssignedResource.487","0Hn0b000000TgXyCAK","08p0b000000MSzpAAG","31.0","7.0"
"03r0b000000M8Y6AAK","AssignedResource.889","0Hn0b000000TgXvCAK","08p0b000000MSs5AAG","16.0","13.0"
"03r0b000000M8Y7AAK","AssignedResource.891","0Hn0b000000TgY1CAK","08p0b000000MSyYAAW","6.0","12.0"
"03r0b000000M8Y8AAK","AssignedResource.378","0Hn0b000000TgXzCAK","08p0b000000MSs6AAG","47.0","18.0"
"03r0b000000M8Y9AAK","AssignedResource.276","0Hn0b000000TgXxCAK","08p0b000000MSzsAAG","36.0","38.0"
"03r0b000000M8YAAA0","AssignedResource.608","0Hn0b000000TgY0CAK","08p0b000000MSs7AAG","47.0","12.0"
"03r0b000000M8YBAA0","AssignedResource.624","0Hn0b000000TgXzCAK","08p0b000000MSs8AAG","38.0","8.0"
"03r0b000000M8YCAA0","AssignedResource.590","0Hn0b000000TgY0CAK","08p0b000000MSziAAG","43.0","9.0"
"03r0b000000M8YDAA0","AssignedResource.591","0Hn0b000000TgXtCAK","08p0b000000MSzjAAG","51.0","11.0"
"03r0b000000M8YEAA0","AssignedResource.571","0Hn0b000000TgY2CAK","08p0b000000MSyNAAW","10.0","13.0"
"03r0b000000M8YFAA0","AssignedResource.592","0Hn0b000000TgY1CAK","08p0b000000MSzkAAG","57.0","11.0"
"03r0b000000M8YGAA0","AssignedResource.572","0Hn0b000000TgY2CAK","08p0b000000MSyKAAW","13.0","5.0"
"03r0b000000M8YHAA0","AssignedResource.709","0Hn0b000000TgXxCAK","08p0b000000MSwkAAG","52.0","4.0"
"03r0b000000M8YIAA0","AssignedResource.567","0Hn0b000000TgY1CAK","08p0b000000MSyVAAW","48.0","21.0"
"03r0b000000M8YJAA0","AssignedResource.668","0Hn0b000000TgY1CAK","08p0b000000MSyWAAW","43.0","16.0"
"03r0b000000M8YKAA0","AssignedResource.669","0Hn0b000000TgXvCAK","08p0b000000MSzmAAG","38.0","59.0"
"03r0b000000M8YLAA0","AssignedResource.890","0Hn0b000000TgXxCAK","08p0b000000MSyXAAW","0.0","14.0"
"03r0b000000M8YMAA0","AssignedResource.476","0Hn0b000000TgXvCAK","08p0b000000MSznAAG","31.0","32.0"
"03r0b000000M8YNAA0","AssignedResource.873","0Hn0b000000TgXwCAK","08p0b000000MSzoAAG","55.0","14.0"
"03r0b000000M8YOAA0","AssignedResource.593","0Hn0b000000TgXxCAK","08p0b000000MSzrAAG","3.0","13.0"
"03r0b000000M8YPAA0","AssignedResource.747","0Hn0b000000TgXwCAK","08p0b000000MSztAAG","54.0","24.0"
"03r0b000000M8YQAA0","AssignedResource.686","0Hn0b000000TgXxCAK","08p0b000000MSzuAAG","12.0","25.0"
"03r0b000000M8YRAA0","AssignedResource.858","0Hn0b000000TgXwCAK","08p0b000000MSzvAAG","38.0","18.0"
"03r0b000000M8YSAA0","AssignedResource.517","0Hn0b000000TgXyCAK","08p0b000000MSzqAAG","22.0","18.0"
"03r0b000000M8YTAA0","AssignedResource.798","0Hn0b000000TgXtCAK","08p0b000000MSyzAAG","5.0","32.0"
"03r0b000000M8YUAA0","AssignedResource.339","0Hn0b000000TgY1CAK","08p0b000000MSyQAAW","50.0","8.0"
"03r0b000000M8YVAA0","AssignedResource.335","0Hn0b000000TgY0CAK","08p0b000000MSz0AAG","6.0","4.0"
"03r0b000000M8YWAA0","AssignedResource.609","0Hn0b000000TgXyCAK","08p0b000000MSz1AAG","28.0","11.0"
"03r0b000000M8YXAA0","AssignedResource.594","0Hn0b000000TgXyCAK","08p0b000000MSz2AAG","42.0","10.0"
"03r0b000000M8YYAA0","AssignedResource.579","0Hn0b000000TgXxCAK","08p0b000000MT0dAAG","5.0","38.0"
"03r0b000000M8YZAA0","AssignedResource.892","0Hn0b000000TgY1CAK","08p0b000000MSz3AAG","33.0","22.0"
"03r0b000000M8YaAAK","AssignedResource.894","0Hn0b000000TgXuCAK","08p0b000000MSz4AAG","13.0","7.0"
"03r0b000000M8YbAAK","AssignedResource.623","0Hn0b000000TgY0CAK","08p0b000000MSz5AAG","55.0","17.0"
"03r0b000000M8b0AAC","AssignedResource.296","0Hn0b000000TgXwCAK","08p0b000000MSvaAAG","58.0","2.0"
"03r0b000000M8b1AAC","AssignedResource.354","0Hn0b000000TgY0CAK","08p0b000000MSssAAG","55.0","11.0"
"03r0b000000M8b2AAC","AssignedResource.295","0Hn0b000000TgXuCAK","08p0b000000MSvYAAW","47.0","13.0"
"03r0b000000M8b3AAC","AssignedResource.866","0Hn0b000000TgY0CAK","08p0b000000MSvZAAW","11.0","6.0"
"03r0b000000M8b4AAC","AssignedResource.781","0Hn0b000000TgXtCAK","08p0b000000MSvbAAG","13.0","9.0"
"03r0b000000M8b5AAC","AssignedResource.804","0Hn0b000000TgXzCAK","08p0b000000MSvcAAG","49.0","11.0"
"03r0b000000M8b6AAC","AssignedResource.618","0Hn0b000000TgXvCAK","08p0b000000MSw2AAG","24.0","17.0"
"03r0b000000M8b7AAC","AssignedResource.409","0Hn0b000000TgY1CAK","08p0b000000MSw4AAG","47.0","10.0"
"03r0b000000M8b8AAC","AssignedResource.351","0Hn0b000000TgXvCAK","08p0b000000MSw5AAG","6.0","6.0"
"03r0b000000M8b9AAC","AssignedResource.606","0Hn0b000000TgY1CAK","08p0b000000MSw6AAG","38.0","17.0"
"03r0b000000M8bAAAS","AssignedResource.464","0Hn0b000000TgXvCAK","08p0b000000MSw8AAG","10.0","10.0"
"03r0b000000M8bBAAS","AssignedResource.499","0Hn0b000000TgXuCAK","08p0b000000MSw9AAG","49.0","32.0"
"03r0b000000M8bCAAS","AssignedResource.626","0Hn0b000000TgXyCAK","08p0b000000MSsmAAG","23.0","21.0"
"03r0b000000M8bDAAS","AssignedResource.821","0Hn0b000000TgXxCAK","08p0b000000MSwuAAG","12.0","28.0"
"03r0b000000M8bEAAS","AssignedResource.801","0Hn0b000000TgXtCAK","08p0b000000MSwAAAW","31.0","13.0"
"03r0b000000M8bFAAS","AssignedResource.808","0Hn0b000000TgXyCAK","08p0b000000MSvQAAW","56.0","7.0"
"03r0b000000M8bGAAS","AssignedResource.500","0Hn0b000000TgXwCAK","08p0b000000MSvSAAW","58.0","3.0"
"03r0b000000M8bHAAS","AssignedResource.708","0Hn0b000000TgXvCAK","08p0b000000MSsrAAG","4.0","21.0"
"03r0b000000M8bIAAS","AssignedResource.732","0Hn0b000000TgY0CAK","08p0b000000MSuwAAG","33.0","5.0"
"03r0b000000M8bJAAS","AssignedResource.793","0Hn0b000000TgXvCAK","08p0b000000MSuoAAG","3.0","10.0"
"03r0b000000M8bKAAS","AssignedResource.502","0Hn0b000000TgXtCAK","08p0b000000MSx0AAG","50.0","9.0"
"03r0b000000M8bLAAS","AssignedResource.352","0Hn0b000000TgXtCAK","08p0b000000MSupAAG","21.0","10.0"
"03r0b000000M8bMAAS","AssignedResource.353","0Hn0b000000TgXzCAK","08p0b000000MSwmAAG","44.0","20.0"
"03r0b000000M8bNAAS","AssignedResource.329","0Hn0b000000TgXyCAK","08p0b000000MSuqAAG","3.0","39.0"
"03r0b000000M8bOAAS","AssignedResource.674","0Hn0b000000TgXtCAK","08p0b000000MSurAAG","9.0","26.0"
"03r0b000000M8azAAC","AssignedResource.269","0Hn0b000000TgY2CAK","08p0b000000MT0YAAW","2.0","5.0"
"03r0b000000M8bPAAS","AssignedResource.362","0Hn0b000000TgXxCAK","08p0b000000MSwlAAG","28.0","19.0"
"03r0b000000M8bQAAS","AssignedResource.675","0Hn0b000000TgXxCAK","08p0b000000MSusAAG","35.0","18.0"
"03r0b000000M8bRAAS","AssignedResource.676","0Hn0b000000TgXxCAK","08p0b000000MSwvAAG","30.0","14.0"
"03r0b000000M8bSAAS","AssignedResource.549","0Hn0b000000TgXyCAK","08p0b000000MSv9AAG","55.0","42.0"
"03r0b000000M8bTAAS","AssignedResource.619","0Hn0b000000TgY0CAK","08p0b000000MSwwAAG","24.0","40.0"
"03r0b000000M8bUAAS","AssignedResource.621","0Hn0b000000TgXyCAK","08p0b000000MSthAAG","18.0","6.0"
"03r0b000000M8bVAAS","AssignedResource.707","0Hn0b000000TgXxCAK","08p0b000000MSsnAAG","15.0","29.0"
"03r0b000000M8bWAAS","AssignedResource.278","0Hn0b000000TgY2CAK","08p0b000000MSsoAAG","8.5","10.0"
"03r0b000000M8bXAAS","AssignedResource.277","0Hn0b000000TgXvCAK","08p0b000000MSvFAAW","30.0","20.0"
"03r0b000000M8bYAAS","AssignedResource.417","0Hn0b000000TgY2CAK","08p0b000000MSspAAG","16.0","23.0"
"03r0b000000M8bZAAS","AssignedResource.558","0Hn0b000000TgY2CAK","08p0b000000MSsqAAG","8.0","28.0"
"03r0b000000M8baAAC","AssignedResource.559","0Hn0b000000TgXvCAK","08p0b000000MSutAAG","33.0","14.0"
"03r0b000000M8bbAAC","AssignedResource.792","0Hn0b000000TgXzCAK","08p0b000000MSwyAAG","15.0","8.0"
"03r0b000000M8hfAAC","AssignedResource.111","0Hn0b000000TgXrCAK","08p0b000000MT2dAAG","","4.0"
"03r0b000000M8hgAAC","AssignedResource.063","0Hn0b000000TgXrCAK","08p0b000000MT2eAAG","","8.0"
"03r0b000000M8hhAAC","AssignedResource.008","0Hn0b000000TgXmCAK","08p0b000000MT2fAAG","","5.0"
"03r0b000000M8hiAAC","AssignedResource.064","0Hn0b000000TgXqCAK","08p0b000000MT2gAAG","","12.0"
"03r0b000000M8hjAAC","AssignedResource.193","0Hn0b000000TgXpCAK","08p0b000000MT2hAAG","","3.0"
"03r0b000000M8hkAAC","AssignedResource.160","0Hn0b000000TgXmCAK","08p0b000000MT2iAAG","","4.0"
"03r0b000000M8hlAAC","AssignedResource.142","0Hn0b000000TgXmCAK","08p0b000000MT2jAAG","","7.0"
"03r0b000000M8hmAAC","AssignedResource.005","0Hn0b000000TgXnCAK","08p0b000000MT2kAAG","","10.0"
"03r0b000000M8hnAAC","AssignedResource.065","0Hn0b000000TgXrCAK","08p0b000000MT2lAAG","","16.0"
"03r0b000000M8hoAAC","AssignedResource.204","0Hn0b000000TgXrCAK","08p0b000000MT2mAAG","","6.0"
"03r0b000000M8hpAAC","AssignedResource.049","0Hn0b000000TgXqCAK","08p0b000000MT2nAAG","","5.0"
"03r0b000000M8hqAAC","AssignedResource.222","0Hn0b000000TgXqCAK","08p0b000000MT2oAAG","","4.0"
"03r0b000000M8hrAAC","AssignedResource.125","0Hn0b000000TgXpCAK","08p0b000000MT2pAAG","","10.0"
"03r0b000000M8hsAAC","AssignedResource.133","0Hn0b000000TgXpCAK","08p0b000000MT2rAAG","","8.0"
"03r0b000000M8htAAC","AssignedResource.213","0Hn0b000000TgXjCAK","08p0b000000MT2sAAG","","6.0"
"03r0b000000M8huAAC","AssignedResource.224","0Hn0b000000TgXrCAK","08p0b000000MT2tAAG","","10.0"
"03r0b000000M8hvAAC","AssignedResource.217","0Hn0b000000TgXjCAK","08p0b000000MT2uAAG","","7.0"
"03r0b000000M8hwAAC","AssignedResource.103","0Hn0b000000TgXmCAK","08p0b000000MT2vAAG","","3.0"
"03r0b000000M8hxAAC","AssignedResource.077","0Hn0b000000TgXrCAK","08p0b000000MT2wAAG","","11.0"
"03r0b000000M8hyAAC","AssignedResource.154","0Hn0b000000TgXpCAK","08p0b000000MT2yAAG","","5.0"
"03r0b000000M8hzAAC","AssignedResource.200","0Hn0b000000TgXrCAK","08p0b000000MT2zAAG","","5.0"
"03r0b000000M8i0AAC","AssignedResource.214","0Hn0b000000TgXnCAK","08p0b000000MT30AAG","","6.0"
"03r0b000000M8i1AAC","AssignedResource.184","0Hn0b000000TgXnCAK","08p0b000000MT31AAG","","8.0"
"03r0b000000M8i2AAC","AssignedResource.175","0Hn0b000000TgXrCAK","08p0b000000MT32AAG","","6.0"
"03r0b000000M8i3AAC","AssignedResource.058","0Hn0b000000TgXlCAK","08p0b000000MT33AAG","","4.0"
"03r0b000000M8i4AAC","AssignedResource.112","0Hn0b000000TgXjCAK","08p0b000000MT34AAG","","9.0"
"03r0b000000M8i5AAC","AssignedResource.050","0Hn0b000000TgXsCAK","08p0b000000MT35AAG","","9.0"
"03r0b000000M8i6AAC","AssignedResource.113","0Hn0b000000TgXjCAK","08p0b000000MT37AAG","","17.0"
"03r0b000000M8i7AAC","AssignedResource.088","0Hn0b000000TgXmCAK","08p0b000000MT38AAG","","2.0"
"03r0b000000M8i8AAC","AssignedResource.137","0Hn0b000000TgXrCAK","08p0b000000MT39AAG","","4.0"
"03r0b000000M8i9AAC","AssignedResource.089","0Hn0b000000TgXsCAK","08p0b000000MT3AAAW","","15.0"
"03r0b000000M8iAAAS","AssignedResource.158","0Hn0b000000TgXsCAK","08p0b000000MT3BAAW","","11.0"
"03r0b000000M8iBAAS","AssignedResource.090","0Hn0b000000TgXqCAK","08p0b000000MT3CAAW","","6.0"
"03r0b000000M8iCAAS","AssignedResource.070","0Hn0b000000TgXsCAK","08p0b000000MT3DAAW","","15.0"
"03r0b000000M8iDAAS","AssignedResource.006","0Hn0b000000TgXnCAK","08p0b000000MT3EAAW","","11.0"
"03r0b000000M8h1AAC","AssignedResource.030","0Hn0b000000TgXnCAK","08p0b000000MT1zAAG","","2.0"
"03r0b000000M8h2AAC","AssignedResource.100","0Hn0b000000TgXnCAK","08p0b000000MT20AAG","","3.0"
"03r0b000000M8h3AAC","AssignedResource.203","0Hn0b000000TgXlCAK","08p0b000000MT21AAG","","4.0"
"03r0b000000M8h4AAC","AssignedResource.170","0Hn0b000000TgXkCAK","08p0b000000MT22AAG","","2.0"
"03r0b000000M8h5AAC","AssignedResource.159","0Hn0b000000TgXqCAK","08p0b000000MT23AAG","","4.0"
"03r0b000000M8h6AAC","AssignedResource.013","0Hn0b000000TgXqCAK","08p0b000000MT24AAG","","4.0"
"03r0b000000M8h7AAC","AssignedResource.132","0Hn0b000000TgXnCAK","08p0b000000MT25AAG","","5.0"
"03r0b000000M8h8AAC","AssignedResource.105","0Hn0b000000TgXmCAK","08p0b000000MT26AAG","","3.0"
"03r0b000000M8h9AAC","AssignedResource.101","0Hn0b000000TgXnCAK","08p0b000000MT27AAG","","12.0"
"03r0b000000M8hAAAS","AssignedResource.106","0Hn0b000000TgXqCAK","08p0b000000MT28AAG","","6.0"
"03r0b000000M8hBAAS","AssignedResource.218","0Hn0b000000TgXpCAK","08p0b000000MT29AAG","","2.0"
"03r0b000000M8hCAAS","AssignedResource.188","0Hn0b000000TgXkCAK","08p0b000000MT2AAAW","","3.0"
"03r0b000000M8hDAAS","AssignedResource.032","0Hn0b000000TgXlCAK","08p0b000000MT2BAAW","","12.0"
"03r0b000000M8hEAAS","AssignedResource.183","0Hn0b000000TgXnCAK","08p0b000000MT2CAAW","","5.0"
"03r0b000000M8hFAAS","AssignedResource.020","0Hn0b000000TgXmCAK","08p0b000000MT2DAAW","","3.0"
"03r0b000000M8hGAAS","AssignedResource.202","0Hn0b000000TgXpCAK","08p0b000000MT2EAAW","","1.0"
"03r0b000000M8hHAAS","AssignedResource.021","0Hn0b000000TgXnCAK","08p0b000000MT2FAAW","","1.0"
"03r0b000000M8hIAAS","AssignedResource.027","0Hn0b000000TgXlCAK","08p0b000000MT2GAAW","","12.0"
"03r0b000000M8hJAAS","AssignedResource.003","0Hn0b000000TgXmCAK","08p0b000000MT2HAAW","","1.0"
"03r0b000000M8hKAAS","AssignedResource.036","0Hn0b000000TgXkCAK","08p0b000000MT2IAAW","","5.0"
"03r0b000000M8hLAAS","AssignedResource.037","0Hn0b000000TgXjCAK","08p0b000000MT2JAAW","","5.0"
"03r0b000000M8hMAAS","AssignedResource.102","0Hn0b000000TgXpCAK","08p0b000000MT2KAAW","","5.0"
"03r0b000000M8gwAAC","AssignedResource.029","0Hn0b000000TgXjCAK","08p0b000000MT1uAAG","","2.0"
"03r0b000000M8gxAAC","AssignedResource.026","0Hn0b000000TgXqCAK","08p0b000000MT1vAAG","","5.0"
"03r0b000000M8gyAAC","AssignedResource.028","0Hn0b000000TgXlCAK","08p0b000000MT1wAAG","","13.0"
"03r0b000000M8gzAAC","AssignedResource.024","0Hn0b000000TgXrCAK","08p0b000000MT1xAAG","","2.0"
"03r0b000000M8h0AAC","AssignedResource.078","0Hn0b000000TgXjCAK","08p0b000000MT1yAAG","","6.0"
"03r0b000000M8hNAAS","AssignedResource.176","0Hn0b000000TgXlCAK","08p0b000000MT2LAAW","","5.0"
"03r0b000000M8hOAAS","AssignedResource.033","0Hn0b000000TgXrCAK","08p0b000000MT2MAAW","","4.0"
"03r0b000000M8iEAAS","AssignedResource.223","0Hn0b000000TgXsCAK","08p0b000000MT3FAAW","","11.0"
"03r0b000000M8iFAAS","AssignedResource.143","0Hn0b000000TgXnCAK","08p0b000000MT3GAAW","","11.0"
"03r0b000000M8iGAAS","AssignedResource.051","0Hn0b000000TgXkCAK","08p0b000000MT3HAAW","","5.0"
"03r0b000000M8iHAAS","AssignedResource.082","0Hn0b000000TgXmCAK","08p0b000000MT3IAAW","","5.0"
"03r0b000000M8iIAAS","AssignedResource.126","0Hn0b000000TgXsCAK","08p0b000000MT3JAAW","","8.0"
"03r0b000000M8iJAAS","AssignedResource.074","0Hn0b000000TgXnCAK","08p0b000000MT3KAAW","","11.0"
"03r0b000000M8iKAAS","AssignedResource.121","0Hn0b000000TgXwCAK","08p0b000000MT4CAAW","","61.0"
"03r0b000000M8iLAAS","AssignedResource.251","0Hn0b000000TgXwCAK","08p0b000000MT4DAAW","","92.0"
"03r0b000000M8iMAAS","AssignedResource.238","0Hn0b000000TgXyCAK","08p0b000000MT4EAAW","","29.0"
"03r0b000000M8iNAAS","AssignedResource.076","0Hn0b000000TgXwCAK","08p0b000000MT4NAAW","","6.0"
"03r0b000000M8iOAAS","AssignedResource.233","0Hn0b000000TgXyCAK","08p0b000000MT4FAAW","","23.0"
"03r0b000000M8iPAAS","AssignedResource.189","0Hn0b000000TgXvCAK","08p0b000000MT4GAAW","","8.0"
"03r0b000000M8iQAAS","AssignedResource.227","0Hn0b000000TgXwCAK","08p0b000000MT4HAAW","","57.0"
"03r0b000000M8iRAAS","AssignedResource.237","0Hn0b000000TgXoCAK","08p0b000000MT4IAAW","","59.0"
"03r0b000000M8iSAAS","AssignedResource.141","0Hn0b000000TgXyCAK","08p0b000000MT4JAAW","","47.0"
"03r0b000000M8iTAAS","AssignedResource.009","0Hn0b000000TgXxCAK","08p0b000000MT4KAAW","","28.0"
"03r0b000000M8iUAAS","AssignedResource.071","0Hn0b000000TgY2CAK","08p0b000000MT4LAAW","","14.0"
"03r0b000000M8iVAAS","AssignedResource.174","0Hn0b000000TgXxCAK","08p0b000000MT4MAAW","","44.0"
"03r0b000000M8iWAAS","AssignedResource.205","0Hn0b000000TgXxCAK","08p0b000000MT4OAAW","","20.0"
"03r0b000000M8iXAAS","AssignedResource.212","0Hn0b000000TgXzCAK","08p0b000000MT4PAAW","","33.0"
"03r0b000000M8iYAAS","AssignedResource.015","0Hn0b000000TgXoCAK","08p0b000000MT4QAAW","","19.0"
"03r0b000000M8iZAAS","AssignedResource.080","0Hn0b000000TgXyCAK","08p0b000000MT4RAAW","","27.0"
"03r0b000000M8iaAAC","AssignedResource.092","0Hn0b000000TgXxCAK","08p0b000000MT4SAAW","","22.0"
"03r0b000000M8ibAAC","AssignedResource.234","0Hn0b000000TgXvCAK","08p0b000000MT4TAAW","","9.0"
"03r0b000000M8icAAC","AssignedResource.194","0Hn0b000000TgXoCAK","08p0b000000MT4UAAW","","105.0"
"03r0b000000M8idAAC","AssignedResource.114","0Hn0b000000TgXvCAK","08p0b000000MT4VAAW","","12.0"
"03r0b000000M8ieAAC","AssignedResource.062","0Hn0b000000TgXoCAK","08p0b000000MT4WAAW","","17.0"
"03r0b000000M8ifAAC","AssignedResource.168","0Hn0b000000TgY1CAK","08p0b000000MT4XAAW","","38.0"
"03r0b000000M8igAAC","AssignedResource.173","0Hn0b000000TgXzCAK","08p0b000000MT4YAAW","","20.0"
"03r0b000000M8ihAAC","AssignedResource.093","0Hn0b000000TgXtCAK","08p0b000000MT4ZAAW","","9.0"
"03r0b000000M8iiAAC","AssignedResource.083","0Hn0b000000TgY1CAK","08p0b000000MT4aAAG","","38.0"
"03r0b000000M8ijAAC","AssignedResource.115","0Hn0b000000TgY1CAK","08p0b000000MT4bAAG","","53.0"
"03r0b000000M8ikAAC","AssignedResource.066","0Hn0b000000TgXuCAK","08p0b000000MT4cAAG","","72.0"
"03r0b000000M8ilAAC","AssignedResource.014","0Hn0b000000TgXvCAK","08p0b000000MT4dAAG","","14.0"
"03r0b000000M8imAAC","AssignedResource.245","0Hn0b000000TgXuCAK","08p0b000000MT4eAAG","","9.0"
"03r0b000000M8hPAAS","AssignedResource.022","0Hn0b000000TgXpCAK","08p0b000000MT2NAAW","","5.0"
"03r0b000000M8hQAAS","AssignedResource.221","0Hn0b000000TgXpCAK","08p0b000000MT2OAAW","","5.0"
"03r0b000000M8hRAAS","AssignedResource.073","0Hn0b000000TgXpCAK","08p0b000000MT2PAAW","","4.0"
"03r0b000000M8hSAAS","AssignedResource.127","0Hn0b000000TgXjCAK","08p0b000000MT2QAAW","","7.0"
"03r0b000000M8hTAAS","AssignedResource.130","0Hn0b000000TgXlCAK","08p0b000000MT2RAAW","","8.0"
"03r0b000000M8hUAAS","AssignedResource.038","0Hn0b000000TgXpCAK","08p0b000000MT2SAAW","","11.0"
"03r0b000000M8hVAAS","AssignedResource.023","0Hn0b000000TgXlCAK","08p0b000000MT2TAAW","","15.0"
"03r0b000000M8hWAAS","AssignedResource.079","0Hn0b000000TgXmCAK","08p0b000000MT2UAAW","","7.0"
"03r0b000000M8hXAAS","AssignedResource.179","0Hn0b000000TgXqCAK","08p0b000000MT2VAAW","","7.0"
"03r0b000000M8hYAAS","AssignedResource.171","0Hn0b000000TgXqCAK","08p0b000000MT2WAAW","","7.0"
"03r0b000000M8hZAAS","AssignedResource.150","0Hn0b000000TgXpCAK","08p0b000000MT2XAAW","","2.0"
"03r0b000000M8haAAC","AssignedResource.039","0Hn0b000000TgXnCAK","08p0b000000MT2YAAW","","18.0"
"03r0b000000M8hbAAC","AssignedResource.107","0Hn0b000000TgXqCAK","08p0b000000MT2ZAAW","","8.0"
"03r0b000000M8hcAAC","AssignedResource.139","0Hn0b000000TgXmCAK","08p0b000000MT2aAAG","","7.0"
"03r0b000000M8hdAAC","AssignedResource.031","0Hn0b000000TgXkCAK","08p0b000000MT2bAAG","","4.0"
"03r0b000000M8heAAC","AssignedResource.035","0Hn0b000000TgXqCAK","08p0b000000MT2cAAG","","3.0"
"03r0b000000M8ioAAC","AssignedResource.069","0Hn0b000000TgXuCAK","08p0b000000MT4gAAG","","32.0"
"03r0b000000M8ipAAC","AssignedResource.186","0Hn0b000000TgXwCAK","08p0b000000MT4hAAG","","71.0"
"03r0b000000M8iqAAC","AssignedResource.182","0Hn0b000000TgXtCAK","08p0b000000MT4iAAG","","44.0"
"03r0b000000M8irAAC","AssignedResource.228","0Hn0b000000TgXtCAK","08p0b000000MT4jAAG","","55.0"
"03r0b000000M8isAAC","AssignedResource.153","0Hn0b000000TgY1CAK","08p0b000000MT4kAAG","","54.0"
"03r0b000000M8itAAC","AssignedResource.215","0Hn0b000000TgXwCAK","08p0b000000MT4lAAG","","89.0"
"03r0b000000M8iuAAC","AssignedResource.109","0Hn0b000000TgXwCAK","08p0b000000MT4mAAG","","56.0"
"03r0b000000M8ivAAC","AssignedResource.012","0Hn0b000000TgXoCAK","08p0b000000MT4nAAG","","86.0"
"03r0b000000M8iwAAC","AssignedResource.091","0Hn0b000000TgXzCAK","08p0b000000MT4oAAG","","18.0"
"03r0b000000M8ixAAC","AssignedResource.155","0Hn0b000000TgXoCAK","08p0b000000MT4pAAG","","44.0"
"03r0b000000M8iyAAC","AssignedResource.195","0Hn0b000000TgXoCAK","08p0b000000MT4qAAG","","91.0"
"03r0b000000M8izAAC","AssignedResource.094","0Hn0b000000TgXuCAK","08p0b000000MT4rAAG","","38.0"
"03r0b000000M8j0AAC","AssignedResource.239","0Hn0b000000TgXuCAK","08p0b000000MT4sAAG","","15.0"
"03r0b000000M8j1AAC","AssignedResource.207","0Hn0b000000TgXuCAK","08p0b000000MT3eAAG","","47.0"
"03r0b000000M8j2AAC","AssignedResource.229","0Hn0b000000TgXuCAK","08p0b000000MT3fAAG","","14.0"
"03r0b000000M8j3AAC","AssignedResource.041","0Hn0b000000TgXtCAK","08p0b000000MT3gAAG","","7.0"
"03r0b000000M8j4AAC","AssignedResource.055","0Hn0b000000TgXzCAK","08p0b000000MT3hAAG","","41.0"
"03r0b000000M8j5AAC","AssignedResource.208","0Hn0b000000TgXyCAK","08p0b000000MT3iAAG","","7.0"
"03r0b000000M8j6AAC","AssignedResource.116","0Hn0b000000TgY2CAK","08p0b000000MT3jAAG","","17.0"
"03r0b000000M8j7AAC","AssignedResource.042","0Hn0b000000TgXzCAK","08p0b000000MT3kAAG","","10.0"
"03r0b000000M8j8AAC","AssignedResource.209","0Hn0b000000TgXzCAK","08p0b000000MT3QAAW","","20.0"
"03r0b000000M8j9AAC","AssignedResource.138","0Hn0b000000TgY2CAK","08p0b000000MT3PAAW","","16.0"
"03r0b000000M8jAAAS","AssignedResource.043","0Hn0b000000TgY1CAK","08p0b000000MT3OAAW","","43.0"
"03r0b000000M8jBAAS","AssignedResource.240","0Hn0b000000TgY1CAK","08p0b000000MT3RAAW","","20.0"
"03r0b000000M8jCAAS","AssignedResource.241","0Hn0b000000TgXoCAK","08p0b000000MT3vAAG","","10.0"
"03r0b000000M8jDAAS","AssignedResource.108","0Hn0b000000TgY1CAK","08p0b000000MT3SAAW","","12.0"
"03r0b000000M8jEAAS","AssignedResource.017","0Hn0b000000TgY1CAK","08p0b000000MT3TAAW","","35.0"
"03r0b000000M8jFAAS","AssignedResource.230","0Hn0b000000TgXyCAK","08p0b000000MT3UAAW","","22.0"
"03r0b000000M8jGAAS","AssignedResource.104","0Hn0b000000TgY0CAK","08p0b000000MT3VAAW","","11.0"
"03r0b000000M8jHAAS","AssignedResource.010","0Hn0b000000TgY1CAK","08p0b000000MT3WAAW","","28.0"
"03r0b000000M8jIAAS","AssignedResource.197","0Hn0b000000TgXtCAK","08p0b000000MT3XAAW","","49.0"
"03r0b000000M8jJAAS","AssignedResource.095","0Hn0b000000TgXyCAK","08p0b000000MT3YAAW","","14.0"
"03r0b000000M8inAAC","AssignedResource.016","0Hn0b000000TgXuCAK","08p0b000000MT4fAAG","","54.0"
"03r0b000000M8jKAAS","AssignedResource.236","0Hn0b000000TgXyCAK","08p0b000000MT3ZAAW","","20.0"
"03r0b000000M8jLAAS","AssignedResource.004","0Hn0b000000TgXtCAK","08p0b000000MT3aAAG","","55.0"
"03r0b000000M8jMAAS","AssignedResource.235","0Hn0b000000TgXtCAK","08p0b000000MT3bAAG","","13.0"
"03r0b000000M8jNAAS","AssignedResource.163","0Hn0b000000TgY2CAK","08p0b000000MT3cAAG","","8.0"
"03r0b000000M8jOAAS","AssignedResource.002","0Hn0b000000TgXzCAK","08p0b000000MT3dAAG","","14.0"
"03r0b000000M8jPAAS","AssignedResource.117","0Hn0b000000TgXoCAK","08p0b000000MT3nAAG","","10.0"
"03r0b000000M8jQAAS","AssignedResource.146","0Hn0b000000TgY0CAK","08p0b000000MT3oAAG","","11.0"
"03r0b000000M8jRAAS","AssignedResource.144","0Hn0b000000TgY2CAK","08p0b000000MT3wAAG","","11.0"
"03r0b000000M8jSAAS","AssignedResource.198","0Hn0b000000TgY0CAK","08p0b000000MT3lAAG","","21.0"
"03r0b000000M8jTAAS","AssignedResource.052","0Hn0b000000TgY0CAK","08p0b000000MT3mAAG","","16.0"
"03r0b000000M8jUAAS","AssignedResource.122","0Hn0b000000TgXoCAK","08p0b000000MT3pAAG","","4.0"
"03r0b000000M8jVAAS","AssignedResource.045","0Hn0b000000TgXoCAK","08p0b000000MT3qAAG","","25.0"
"03r0b000000M8jWAAS","AssignedResource.216","0Hn0b000000TgXvCAK","08p0b000000MT3rAAG","","27.0"
"03r0b000000M8jXAAS","AssignedResource.177","0Hn0b000000TgXvCAK","08p0b000000MT3sAAG","","46.0"
"03r0b000000M8jYAAS","AssignedResource.178","0Hn0b000000TgXvCAK","08p0b000000MT3tAAG","","23.0"
"03r0b000000M8jZAAS","AssignedResource.231","0Hn0b000000TgXuCAK","08p0b000000MT3uAAG","","6.0"
"03r0b000000M8jaAAC","AssignedResource.210","0Hn0b000000TgXyCAK","08p0b000000MT3xAAG","","15.0"
"03r0b000000M8jbAAC","AssignedResource.219","0Hn0b000000TgXoCAK","08p0b000000MT3yAAG","","11.0"
"03r0b000000M8jcAAC","AssignedResource.118","0Hn0b000000TgXtCAK","08p0b000000MT3zAAG","","5.0"
"03r0b000000M8jdAAC","AssignedResource.244","0Hn0b000000TgXvCAK","08p0b000000MT40AAG","","10.0"
"03r0b000000M8jeAAC","AssignedResource.019","0Hn0b000000TgY0CAK","08p0b000000MT41AAG","","5.0"
"03r0b000000M8jfAAC","AssignedResource.018","0Hn0b000000TgY2CAK","08p0b000000MT42AAG","","7.0"
"03r0b000000M8jgAAC","AssignedResource.232","0Hn0b000000TgY2CAK","08p0b000000MT43AAG","","28.0"
"03r0b000000M8jhAAC","AssignedResource.248","0Hn0b000000TgY2CAK","08p0b000000MT44AAG","","25.0"
"03r0b000000M8jiAAC","AssignedResource.161","0Hn0b000000TgY2CAK","08p0b000000MT45AAG","","21.0"
"03r0b000000M8jjAAC","AssignedResource.096","0Hn0b000000TgY0CAK","08p0b000000MT46AAG","","14.0"
"03r0b000000M8jkAAC","AssignedResource.190","0Hn0b000000TgY2CAK","08p0b000000MT47AAG","","13.0"
"03r0b000000M8jlAAC","AssignedResource.147","0Hn0b000000TgXuCAK","08p0b000000MT48AAG","","6.0"
"03r0b000000M8jmAAC","AssignedResource.247","0Hn0b000000TgY0CAK","08p0b000000MT49AAG","","7.0"
"03r0b000000M8jnAAC","AssignedResource.226","0Hn0b000000TgXyCAK","08p0b000000MT4AAAW","","15.0"
"03r0b000000M8joAAC","AssignedResource.199","0Hn0b000000TgXzCAK","08p0b000000MT4BAAW","","15.0"
"03r0b000000M8jpAAC","AssignedResource.054","0Hn0b000000TgY0CAK","08p0b000000MT4tAAG","","27.0"
"03r0b000000M8jqAAC","AssignedResource.120","0Hn0b000000TgXxCAK","08p0b000000MT4uAAG","","38.0"
"03r0b000000M8jrAAC","AssignedResource.196","0Hn0b000000TgXxCAK","08p0b000000MT5HAAW","","33.0"
"03r0b000000M8jsAAC","AssignedResource.246","0Hn0b000000TgXxCAK","08p0b000000MT5GAAW","","102.0"
"03r0b000000M8jtAAC","AssignedResource.007","0Hn0b000000TgY0CAK","08p0b000000MT5IAAW","","20.0"
"03r0b000000M8juAAC","AssignedResource.148","0Hn0b000000TgXxCAK","08p0b000000MT5JAAW","","48.0"
"03r0b000000M8jwAAC","AssignedResource.211","0Hn0b000000TgXvCAK","08p0b000000MT5LAAW","","56.0"
"03r0b000000M8jxAAC","AssignedResource.249","0Hn0b000000TgXzCAK","08p0b000000MT5MAAW","","23.0"
"03r0b000000M8jyAAC","AssignedResource.085","0Hn0b000000TgY0CAK","08p0b000000MT5NAAW","","36.0"
"03r0b000000M8jzAAC","AssignedResource.136","0Hn0b000000TgXvCAK","08p0b000000MT5OAAW","","25.0"
"03r0b000000M8k0AAC","AssignedResource.162","0Hn0b000000TgXxCAK","08p0b000000MT5PAAW","","52.0"
"03r0b000000M8k1AAC","AssignedResource.252","0Hn0b000000TgXvCAK","08p0b000000MT5QAAW","","71.0"
"03r0b000000M8k2AAC","AssignedResource.086","0Hn0b000000TgXvCAK","08p0b000000MT5RAAW","","49.0"
"03r0b000000M8k3AAC","AssignedResource.165","0Hn0b000000TgXzCAK","08p0b000000MT5SAAW","","34.0"
"03r0b000000M8k4AAC","AssignedResource.201","0Hn0b000000TgXzCAK","08p0b000000MT5TAAW","","12.0"
"03r0b000000M8k5AAC","AssignedResource.151","0Hn0b000000TgXuCAK","08p0b000000MT5UAAW","","3.0"
"03r0b000000M8k6AAC","AssignedResource.206","0Hn0b000000TgY2CAK","08p0b000000MT5VAAW","","13.0"
"03r0b000000M8k7AAC","AssignedResource.156","0Hn0b000000TgY2CAK","08p0b000000MT5WAAW","","22.0"
"03r0b000000M8k8AAC","AssignedResource.225","0Hn0b000000TgXzCAK","08p0b000000MT5XAAW","","12.0"
"03r0b000000M8k9AAC","AssignedResource.119","0Hn0b000000TgY2CAK","08p0b000000MT5YAAW","","36.0"
"03r0b000000M8kAAAS","AssignedResource.220","0Hn0b000000TgY2CAK","08p0b000000MT53AAG","","65.0"
"03r0b000000M8kBAAS","AssignedResource.097","0Hn0b000000TgXzCAK","08p0b000000MT4vAAG","","33.0"
"03r0b000000M8kCAAS","AssignedResource.185","0Hn0b000000TgXtCAK","08p0b000000MT54AAG","","41.0"
"03r0b000000M8kDAAS","AssignedResource.072","0Hn0b000000TgXzCAK","08p0b000000MT4wAAG","","33.0"
"03r0b000000M8kEAAS","AssignedResource.053","0Hn0b000000TgXtCAK","08p0b000000MT4xAAG","","25.0"
"03r0b000000M8kFAAS","AssignedResource.067","0Hn0b000000TgY0CAK","08p0b000000MT4yAAG","","61.0"
"03r0b000000M8kGAAS","AssignedResource.056","0Hn0b000000TgY0CAK","08p0b000000MT4zAAG","","77.0"
"03r0b000000M8kHAAS","AssignedResource.087","0Hn0b000000TgY0CAK","08p0b000000MT55AAG","","34.0"
"03r0b000000M8kIAAS","AssignedResource.250","0Hn0b000000TgXxCAK","08p0b000000MT50AAG","","9.0"
"03r0b000000M8kJAAS","AssignedResource.044","0Hn0b000000TgXyCAK","08p0b000000MT51AAG","","68.0"
"03r0b000000M8kKAAS","AssignedResource.164","0Hn0b000000TgXyCAK","08p0b000000MT52AAG","","85.0"
"03r0b000000M8kLAAS","AssignedResource.061","0Hn0b000000TgXuCAK","08p0b000000MT5ZAAW","","96.0"
"03r0b000000M8kMAAS","AssignedResource.057","0Hn0b000000TgXyCAK","08p0b000000MT5CAAW","","20.0"
"03r0b000000M8kNAAS","AssignedResource.034","0Hn0b000000TgY0CAK","08p0b000000MT56AAG","","64.0"
"03r0b000000M8kOAAS","AssignedResource.145","0Hn0b000000TgY1CAK","08p0b000000MT57AAG","","51.0"
"03r0b000000M8kPAAS","AssignedResource.243","0Hn0b000000TgY1CAK","08p0b000000MT58AAG","","68.0"
"03r0b000000M8kQAAS","AssignedResource.140","0Hn0b000000TgY1CAK","08p0b000000MT59AAG","","68.0"
"03r0b000000M8kRAAS","AssignedResource.242","0Hn0b000000TgY1CAK","08p0b000000MT5AAAW","","42.0"
"03r0b000000M8kSAAS","AssignedResource.046","0Hn0b000000TgXtCAK","08p0b000000MT5DAAW","","3.0"
"03r0b000000M8jvAAC","AssignedResource.084","0Hn0b000000TgXxCAK","08p0b000000MT5KAAW","","48.0"
"03r0b000000M8kTAAS","AssignedResource.047","0Hn0b000000TgXwCAK","08p0b000000MT5BAAW","","75.0"
"03r0b000000M8kUAAS","AssignedResource.149","0Hn0b000000TgXwCAK","08p0b000000MT5EAAW","","53.0"
"03r0b000000M8kVAAS","AssignedResource.157","0Hn0b000000TgXwCAK","08p0b000000MT5FAAW","","21.0"
"03r0b000000M8kWAAS","AssignedResource.263","0Hn0b000000TgXnCAK","08p0b000000MT3LAAW","","10.0"
"03r0b000000M8kXAAS","AssignedResource.060","0Hn0b000000TgXkCAK","08p0b000000MT3MAAW","","10.0"
"03r0b000000M8kYAAS","AssignedResource.124","0Hn0b000000TgXqCAK","08p0b000000MT3NAAW","","4.0"
"03r0b000000M8kZAAS","AssignedResource.135","0Hn0b000000TgXmCAK","08p0b000000MT5aAAG","","9.0"
"03r0b000000M8kaAAC","AssignedResource.068","0Hn0b000000TgXkCAK","08p0b000000MT5bAAG","","9.0"
"03r0b000000M8kbAAC","AssignedResource.180","0Hn0b000000TgXsCAK","08p0b000000MT5cAAG","","13.0"
"03r0b000000M8kcAAC","AssignedResource.123","0Hn0b000000TgXlCAK","08p0b000000MT5dAAG","","3.0"
"03r0b000000M8kdAAC","AssignedResource.110","0Hn0b000000TgXmCAK","08p0b000000MT5eAAG","","10.0"
"03r0b000000M8keAAC","AssignedResource.169","0Hn0b000000TgXmCAK","08p0b000000MT5fAAG","","2.0"
"03r0b000000M8kfAAC","AssignedResource.258","0Hn0b000000TgXlCAK","08p0b000000MT5gAAG","","7.0"
"03r0b000000M8kgAAC","AssignedResource.048","0Hn0b000000TgXrCAK","08p0b000000MT5hAAG","","18.0"
"03r0b000000M8kjAAC","AssignedResource.128","0Hn0b000000TgXlCAK","08p0b000000MT5kAAG","","5.0"
"03r0b000000M8kkAAC","AssignedResource.259","0Hn0b000000TgXsCAK","08p0b000000MT5lAAG","","13.0"
"03r0b000000M8klAAC","AssignedResource.255","0Hn0b000000TgXrCAK","08p0b000000MT5mAAG","","4.0"
"03r0b000000M8kmAAC","AssignedResource.098","0Hn0b000000TgXlCAK","08p0b000000MT5nAAG","","12.0"
"03r0b000000M8knAAC","AssignedResource.166","0Hn0b000000TgXkCAK","08p0b000000MT5oAAG","","15.0"
"03r0b000000M8koAAC","AssignedResource.260","0Hn0b000000TgXlCAK","08p0b000000MT5pAAG","","5.0"
"03r0b000000M8kpAAC","AssignedResource.191","0Hn0b000000TgXkCAK","08p0b000000MT5qAAG","","8.0"
"03r0b000000M8kqAAC","AssignedResource.257","0Hn0b000000TgXqCAK","08p0b000000MT5rAAG","","10.0"
"03r0b000000M8krAAC","AssignedResource.134","0Hn0b000000TgXqCAK","08p0b000000MT5sAAG","","8.0"
"03r0b000000M8ksAAC","AssignedResource.167","0Hn0b000000TgXkCAK","08p0b000000MT5tAAG","","12.0"
"03r0b000000M8ktAAC","AssignedResource.040","0Hn0b000000TgXjCAK","08p0b000000MT5uAAG","","2.0"
"03r0b000000M8kuAAC","AssignedResource.181","0Hn0b000000TgXkCAK","08p0b000000MT5vAAG","","8.0"
"03r0b000000M8kvAAC","AssignedResource.081","0Hn0b000000TgXlCAK","08p0b000000MT5wAAG","","3.0"
"03r0b000000M8kwAAC","AssignedResource.261","0Hn0b000000TgXsCAK","08p0b000000MT5xAAG","","20.0"
"03r0b000000M8kxAAC","AssignedResource.262","0Hn0b000000TgXpCAK","08p0b000000MT5yAAG","","6.0"
"03r0b000000M8kyAAC","AssignedResource.099","0Hn0b000000TgXkCAK","08p0b000000MT5zAAG","","10.0"
"03r0b000000M8kzAAC","AssignedResource.266","0Hn0b000000TgXsCAK","08p0b000000MT60AAG","","12.0"
"03r0b000000M8l0AAC","AssignedResource.059","0Hn0b000000TgXrCAK","08p0b000000MT61AAG","","10.0"
"03r0b000000M8l1AAC","AssignedResource.254","0Hn0b000000TgXsCAK","08p0b000000MT62AAG","","17.0"
"03r0b000000M8l2AAC","AssignedResource.253","0Hn0b000000TgXsCAK","08p0b000000MT63AAG","","6.0"
"03r0b000000M8l3AAC","AssignedResource.256","0Hn0b000000TgXkCAK","08p0b000000MT64AAG","","8.0"
"03r0b000000M8l4AAC","AssignedResource.265","0Hn0b000000TgXsCAK","08p0b000000MT2xAAG","","11.0"
"03r0b000000M8l5AAC","AssignedResource.264","0Hn0b000000TgXsCAK","08p0b000000MT2qAAG","","13.0"
"03r0b000000M8l6AAC","AssignedResource.129","0Hn0b000000TgXjCAK","08p0b000000MT36AAG","","25.0"
"03r0b000000M8dvAAC","AssignedResource.479","0Hn0b000000TgY2CAK","08p0b000000MSsiAAG","20.0","4.0"
"03r0b000000M8dwAAC","AssignedResource.480","0Hn0b000000TgY2CAK","08p0b000000MSwaAAG","19.5","7.0"
"03r0b000000M8dxAAC","AssignedResource.534","0Hn0b000000TgXyCAK","08p0b000000MSsjAAG","35.0","4.0"
"03r0b000000M8dyAAC","AssignedResource.419","0Hn0b000000TgY0CAK","08p0b000000MSskAAG","30.0","7.0"
"03r0b000000M8dzAAC","AssignedResource.350","0Hn0b000000TgY1CAK","08p0b000000MSslAAG","58.0","8.0"
"03r0b000000M8e0AAC","AssignedResource.785","0Hn0b000000TgXtCAK","08p0b000000MSuGAAW","20.0","21.0"
"03r0b000000M8e1AAC","AssignedResource.733","0Hn0b000000TgY0CAK","08p0b000000MSwZAAW","34.0","7.0"
"03r0b000000M8e2AAC","AssignedResource.633","0Hn0b000000TgXuCAK","08p0b000000MSwbAAG","24.0","11.0"
"03r0b000000M8e3AAC","AssignedResource.665","0Hn0b000000TgY1CAK","08p0b000000MSwcAAG","32.0","9.0"
"03r0b000000M8e4AAC","AssignedResource.428","0Hn0b000000TgXuCAK","08p0b000000MSwdAAG","14.0","10.0"
"03r0b000000M8e5AAC","AssignedResource.430","0Hn0b000000TgXtCAK","08p0b000000MSuNAAW","18.0","11.0"
"03r0b000000M8e6AAC","AssignedResource.735","0Hn0b000000TgXuCAK","08p0b000000MSweAAG","35.0","21.0"
"03r0b000000M8e7AAC","AssignedResource.289","0Hn0b000000TgXuCAK","08p0b000000MSzJAAW","49.0","14.0"
"03r0b000000M8e8AAC","AssignedResource.827","0Hn0b000000TgY2CAK","08p0b000000MSzLAAW","22.0","9.0"
"03r0b000000M8e9AAC","AssignedResource.835","0Hn0b000000TgY1CAK","08p0b000000MSu5AAG","38.0","8.0"
"03r0b000000M8eAAAS","AssignedResource.634","0Hn0b000000TgXuCAK","08p0b000000MSzMAAW","57.0","12.0"
"03r0b000000M8eBAAS","AssignedResource.635","0Hn0b000000TgY1CAK","08p0b000000MSuIAAW","56.0","4.0"
"03r0b000000M8eCAAS","AssignedResource.812","0Hn0b000000TgY2CAK","08p0b000000MSzNAAW","0.0","13.0"
"03r0b000000M8eDAAS","AssignedResource.429","0Hn0b000000TgY2CAK","08p0b000000MSzPAAW","20.5","11.0"
"03r0b000000M8eEAAS","AssignedResource.599","0Hn0b000000TgXzCAK","08p0b000000MSzQAAW","32.0","8.0"
"03r0b000000M8eFAAS","AssignedResource.839","0Hn0b000000TgXvCAK","08p0b000000MSuHAAW","24.0","11.0"
"03r0b000000M8eGAAS","AssignedResource.312","0Hn0b000000TgXtCAK","08p0b000000MSuJAAW","57.0","28.0"
"03r0b000000M8eHAAS","AssignedResource.636","0Hn0b000000TgY0CAK","08p0b000000MSuKAAW","52.0","14.0"
"03r0b000000M8eIAAS","AssignedResource.721","0Hn0b000000TgXvCAK","08p0b000000MSuLAAW","31.0","7.0"
"03r0b000000M8eJAAS","AssignedResource.770","0Hn0b000000TgXtCAK","08p0b000000MSuMAAW","20.0","21.0"
"03r0b000000M8eKAAS","AssignedResource.883","0Hn0b000000TgXtCAK","08p0b000000MSwfAAG","46.0","6.0"
"03r0b000000M8eLAAS","AssignedResource.833","0Hn0b000000TgXzCAK","08p0b000000MSwgAAG","55.0","7.0"
"03r0b000000M8eMAAS","AssignedResource.722","0Hn0b000000TgXuCAK","08p0b000000MSwhAAG","50.0","13.0"
"03r0b000000M8eNAAS","AssignedResource.838","0Hn0b000000TgXvCAK","08p0b000000MSuOAAW","59.0","10.0"
"03r0b000000M8eOAAS","AssignedResource.723","0Hn0b000000TgXuCAK","08p0b000000MSuPAAW","35.0","8.0"
"03r0b000000M8ePAAS","AssignedResource.724","0Hn0b000000TgXwCAK","08p0b000000MSwiAAG","26.0","11.0"
"03r0b000000M8eQAAS","AssignedResource.304","0Hn0b000000TgY0CAK","08p0b000000MSqpAAG","7.0","12.0"
"03r0b000000M8eRAAS","AssignedResource.725","0Hn0b000000TgY0CAK","08p0b000000MSqqAAG","58.0","11.0"
"03r0b000000M8eSAAS","AssignedResource.885","0Hn0b000000TgXwCAK","08p0b000000MSqrAAG","56.0","23.0"
"03r0b000000M8eTAAS","AssignedResource.886","0Hn0b000000TgY0CAK","08p0b000000MStvAAG","48.0","11.0"
"03r0b000000M8eUAAS","AssignedResource.524","0Hn0b000000TgXyCAK","08p0b000000MSuQAAW","50.0","14.0"
"03r0b000000M8eVAAS","AssignedResource.525","0Hn0b000000TgXwCAK","08p0b000000MStwAAG","12.0","11.0"
"03r0b000000M8eWAAS","AssignedResource.555","0Hn0b000000TgXwCAK","08p0b000000MSqsAAG","30.0","8.0"
"03r0b000000M8eXAAS","AssignedResource.556","0Hn0b000000TgXwCAK","08p0b000000MSqtAAG","48.0","14.0"
"03r0b000000M8eYAAS","AssignedResource.726","0Hn0b000000TgY0CAK","08p0b000000MSquAAG","26.0","9.0"
"03r0b000000M8eZAAS","AssignedResource.728","0Hn0b000000TgY0CAK","08p0b000000MSu6AAG","12.0","5.0"
"03r0b000000M8eaAAC","AssignedResource.448","0Hn0b000000TgXyCAK","08p0b000000MSqvAAG","34.0","7.0"
"03r0b000000M8ebAAC","AssignedResource.345","0Hn0b000000TgXyCAK","08p0b000000MSqwAAG","5.0","31.0"
"03r0b000000M8ecAAC","AssignedResource.727","0Hn0b000000TgY0CAK","08p0b000000MStxAAG","11.0","9.0"
"03r0b000000M8edAAC","AssignedResource.290","0Hn0b000000TgXuCAK","08p0b000000MStyAAG","48.0","12.0"
"03r0b000000M8eeAAC","AssignedResource.492","0Hn0b000000TgXvCAK","08p0b000000MStzAAG","1.0","24.0"
"03r0b000000M8efAAC","AssignedResource.532","0Hn0b000000TgXwCAK","08p0b000000MSswAAG","14.0","5.0"
"03r0b000000M8egAAC","AssignedResource.666","0Hn0b000000TgXuCAK","08p0b000000MSsxAAG","20.0","11.0"
"03r0b000000M8ehAAC","AssignedResource.598","0Hn0b000000TgXvCAK","08p0b000000MSsyAAG","27.0","17.0"
"03r0b000000M8eiAAC","AssignedResource.696","0Hn0b000000TgXwCAK","08p0b000000MSszAAG","45.0","6.0"
"03r0b000000M8ejAAC","AssignedResource.292","0Hn0b000000TgXvCAK","08p0b000000MSu0AAG","45.0","1.0"
"03r0b000000M8ekAAC","AssignedResource.887","0Hn0b000000TgY1CAK","08p0b000000MSu1AAG","41.0","22.0"
"03r0b000000M8ggAAC","AssignedResource.664","0Hn0b000000TgXxCAK","08p0b000000MSzTAAW","6.0","43.0"
"03r0b000000M8ghAAC","AssignedResource.483","0Hn0b000000TgXxCAK","08p0b000000MT09AAG","12.0","29.0"
"03r0b000000M8giAAC","AssignedResource.745","0Hn0b000000TgXtCAK","08p0b000000MSyBAAW","59.0","6.0"
"03r0b000000M8gjAAC","AssignedResource.562","0Hn0b000000TgXxCAK","08p0b000000MSzVAAW","18.0","13.0"
"03r0b000000M8gkAAC","AssignedResource.778","0Hn0b000000TgXxCAK","08p0b000000MSyCAAW","31.0","8.0"
"03r0b000000M8glAAC","AssignedResource.779","0Hn0b000000TgXxCAK","08p0b000000MSyDAAW","4.0","18.0"
"03r0b000000M8elAAC","AssignedResource.313","0Hn0b000000TgY1CAK","08p0b000000MSu2AAG","39.0","11.0"
"03r0b000000M8emAAC","AssignedResource.552","0Hn0b000000TgY1CAK","08p0b000000MSu3AAG","5.0","27.0"
"03r0b000000M8enAAC","AssignedResource.834","0Hn0b000000TgXuCAK","08p0b000000MSu4AAG","5.0","24.0"
"03r0b000000M8eoAAC","AssignedResource.861","0Hn0b000000TgXzCAK","08p0b000000MSu7AAG","18.0","10.0"
"03r0b000000M8epAAC","AssignedResource.737","0Hn0b000000TgY2CAK","08p0b000000MSu8AAG","10.0","21.0"
"03r0b000000M8eqAAC","AssignedResource.471","0Hn0b000000TgY1CAK","08p0b000000MSt0AAG","55.0","11.0"
"03r0b000000M8erAAC","AssignedResource.537","0Hn0b000000TgXzCAK","08p0b000000MSt2AAG","23.0","7.0"
"03r0b000000M8esAAC","AssignedResource.322","0Hn0b000000TgY2CAK","08p0b000000MSt3AAG","10.5","28.0"
"03r0b000000M8etAAC","AssignedResource.640","0Hn0b000000TgXzCAK","08p0b000000MSt5AAG","41.0","14.0"
"03r0b000000M8euAAC","AssignedResource.553","0Hn0b000000TgY2CAK","08p0b000000MSt4AAG","28.0","35.0"
"03r0b000000M8evAAC","AssignedResource.311","0Hn0b000000TgXxCAK","08p0b000000MSr6AAG","51.0","17.0"
"03r0b000000M8ewAAC","AssignedResource.545","0Hn0b000000TgXxCAK","08p0b000000MSr7AAG","52.0","10.0"
"03r0b000000M8exAAC","AssignedResource.738","0Hn0b000000TgXwCAK","08p0b000000MSxTAAW","18.0","8.0"
"03r0b000000M8eyAAC","AssignedResource.473","0Hn0b000000TgXyCAK","08p0b000000MSr8AAG","14.0","8.0"
"03r0b000000M8ezAAC","AssignedResource.302","0Hn0b000000TgXxCAK","08p0b000000MSr9AAG","7.0","19.0"
"03r0b000000M8f0AAC","AssignedResource.544","0Hn0b000000TgXyCAK","08p0b000000MSrAAAW","22.0","43.0"
"03r0b000000M8f1AAC","AssignedResource.769","0Hn0b000000TgXxCAK","08p0b000000MSrBAAW","30.0","7.0"
"03r0b000000M8f2AAC","AssignedResource.392","0Hn0b000000TgY0CAK","08p0b000000MSrCAAW","49.0","3.0"
"03r0b000000M8f3AAC","AssignedResource.667","0Hn0b000000TgXyCAK","08p0b000000MSrDAAW","53.0","20.0"
"03r0b000000M8f4AAC","AssignedResource.538","0Hn0b000000TgXvCAK","08p0b000000MSrEAAW","51.0","16.0"
"03r0b000000M8f5AAC","AssignedResource.820","0Hn0b000000TgXxCAK","08p0b000000MSrFAAW","10.0","10.0"
"03r0b000000M8f6AAC","AssignedResource.639","0Hn0b000000TgXvCAK","08p0b000000MSrGAAW","32.0","13.0"
"03r0b000000M8f7AAC","AssignedResource.346","0Hn0b000000TgXtCAK","08p0b000000MSxUAAW","27.0","5.0"
"03r0b000000M8f8AAC","AssignedResource.580","0Hn0b000000TgXzCAK","08p0b000000MSxVAAW","42.0","12.0"
"03r0b000000M8f9AAC","AssignedResource.581","0Hn0b000000TgXvCAK","08p0b000000MSxWAAW","59.0","37.0"
"03r0b000000M8fAAAS","AssignedResource.317","0Hn0b000000TgXyCAK","08p0b000000MSxXAAW","21.0","22.0"
"03r0b000000M8fBAAS","AssignedResource.644","0Hn0b000000TgY2CAK","08p0b000000MSxYAAW","11.5","6.0"
"03r0b000000M8fCAAS","AssignedResource.740","0Hn0b000000TgXzCAK","08p0b000000MSxZAAW","55.0","15.0"
"03r0b000000M8fDAAS","AssignedResource.860","0Hn0b000000TgXtCAK","08p0b000000MSqVAAW","26.0","7.0"
"03r0b000000M8fEAAS","AssignedResource.806","0Hn0b000000TgXvCAK","08p0b000000MSqWAAW","1.0","8.0"
"03r0b000000M8fFAAS","AssignedResource.484","0Hn0b000000TgXwCAK","08p0b000000MSqXAAW","13.0","7.0"
"03r0b000000M8fGAAS","AssignedResource.472","0Hn0b000000TgXzCAK","08p0b000000MSt6AAG","24.0","19.0"
"03r0b000000M8fHAAS","AssignedResource.343","0Hn0b000000TgXzCAK","08p0b000000MSt7AAG","8.0","14.0"
"03r0b000000M8fIAAS","AssignedResource.741","0Hn0b000000TgXuCAK","08p0b000000MSt8AAG","35.0","24.0"
"03r0b000000M8fJAAS","AssignedResource.638","0Hn0b000000TgXuCAK","08p0b000000MSxaAAG","40.0","23.0"
"03r0b000000M8fKAAS","AssignedResource.771","0Hn0b000000TgY2CAK","08p0b000000MSxbAAG","14.0","10.0"
"03r0b000000M8fLAAS","AssignedResource.535","0Hn0b000000TgXuCAK","08p0b000000MSwCAAW","19.0","16.0"
"03r0b000000M8fMAAS","AssignedResource.750","0Hn0b000000TgY2CAK","08p0b000000MSwDAAW","12.0","7.0"
"03r0b000000M8fNAAS","AssignedResource.546","0Hn0b000000TgXuCAK","08p0b000000MSwBAAW","8.0","7.0"
"03r0b000000M8fOAAS","AssignedResource.854","0Hn0b000000TgY0CAK","08p0b000000MSu9AAG","35.0","6.0"
"03r0b000000M8fPAAS","AssignedResource.871","0Hn0b000000TgXtCAK","08p0b000000MSuAAAW","22.0","18.0"
"03r0b000000M8fQAAS","AssignedResource.862","0Hn0b000000TgY1CAK","08p0b000000MSwEAAW","49.0","9.0"
"03r0b000000M8fRAAS","AssignedResource.308","0Hn0b000000TgY0CAK","08p0b000000MSwFAAW","19.0","8.0"
"03r0b000000M8fSAAS","AssignedResource.654","0Hn0b000000TgXwCAK","08p0b000000MSwGAAW","4.0","3.0"
"03r0b000000M8fTAAS","AssignedResource.773","0Hn0b000000TgXyCAK","08p0b000000MSwHAAW","26.0","13.0"
"03r0b000000M8fUAAS","AssignedResource.783","0Hn0b000000TgY1CAK","08p0b000000MSqYAAW","4.0","31.0"
"03r0b000000M8fVAAS","AssignedResource.855","0Hn0b000000TgXtCAK","08p0b000000MStAAAW","58.0","23.0"
"03r0b000000M8fWAAS","AssignedResource.734","0Hn0b000000TgXyCAK","08p0b000000MStFAAW","7.0","4.0"
"03r0b000000M8fXAAS","AssignedResource.786","0Hn0b000000TgXtCAK","08p0b000000MStBAAW","54.0","7.0"
"03r0b000000M8fYAAS","AssignedResource.539","0Hn0b000000TgY2CAK","08p0b000000MStCAAW","8.0","16.0"
"03r0b000000M8fZAAS","AssignedResource.772","0Hn0b000000TgY1CAK","08p0b000000MStDAAW","44.0","33.0"
"03r0b000000M8faAAC","AssignedResource.743","0Hn0b000000TgY1CAK","08p0b000000MStEAAW","30.0","6.0"
"03r0b000000M8fbAAC","AssignedResource.540","0Hn0b000000TgXwCAK","08p0b000000MSwIAAW","46.0","4.0"
"03r0b000000M8fcAAC","AssignedResource.637","0Hn0b000000TgXtCAK","08p0b000000MSwJAAW","53.0","24.0"
"03r0b000000M8fdAAC","AssignedResource.736","0Hn0b000000TgY0CAK","08p0b000000MSwKAAW","43.0","6.0"
"03r0b000000M8feAAC","AssignedResource.397","0Hn0b000000TgXwCAK","08p0b000000MSwLAAW","39.0","35.0"
"03r0b000000M8ffAAC","AssignedResource.565","0Hn0b000000TgXyCAK","08p0b000000MSqZAAW","29.0","4.0"
"03r0b000000M8fgAAC","AssignedResource.853","0Hn0b000000TgXwCAK","08p0b000000MSqaAAG","57.0","15.0"
"03r0b000000M8fhAAC","AssignedResource.563","0Hn0b000000TgY2CAK","08p0b000000MStGAAW","19.0","20.0"
"03r0b000000M8fiAAC","AssignedResource.309","0Hn0b000000TgXyCAK","08p0b000000MStHAAW","28.0","3.0"
"03r0b000000M8fjAAC","AssignedResource.320","0Hn0b000000TgXyCAK","08p0b000000MStIAAW","59.0","3.0"
"03r0b000000M8fkAAC","AssignedResource.655","0Hn0b000000TgY0CAK","08p0b000000MStJAAW","43.0","16.0"
"03r0b000000M8flAAC","AssignedResource.840","0Hn0b000000TgY2CAK","08p0b000000MStKAAW","3.5","25.0"
"03r0b000000M8gmAAC","AssignedResource.557","0Hn0b000000TgXxCAK","08p0b000000MT08AAG","27.0","2.0"
"03r0b000000M8gnAAC","AssignedResource.796","0Hn0b000000TgXxCAK","08p0b000000MT0AAAW","15.0","18.0"
"03r0b000000M8goAAC","AssignedResource.645","0Hn0b000000TgXxCAK","08p0b000000MT0BAAW","23.0","17.0"
"03r0b000000M8gqAAC","AssignedResource.172","0Hn0b000000TgXmCAK","08p0b000000MT1oAAG","","5.0"
"03r0b000000M8grAAC","AssignedResource.075","0Hn0b000000TgXqCAK","08p0b000000MT1pAAG","","5.0"
"03r0b000000M8gsAAC","AssignedResource.187","0Hn0b000000TgXjCAK","08p0b000000MT1qAAG","","5.0"
"03r0b000000M8gtAAC","AssignedResource.131","0Hn0b000000TgXlCAK","08p0b000000MT1rAAG","","2.0"
"03r0b000000M8guAAC","AssignedResource.025","0Hn0b000000TgXqCAK","08p0b000000MT1sAAG","","6.0"
"03r0b000000M8gvAAC","AssignedResource.011","0Hn0b000000TgXrCAK","08p0b000000MT1tAAG","","5.0"
"03r0b000000M8fmAAC","AssignedResource.310","0Hn0b000000TgY1CAK","08p0b000000MSuCAAW","6.0","24.0"
"03r0b000000M8fnAAC","AssignedResource.564","0Hn0b000000TgXzCAK","08p0b000000MSuEAAW","53.0","15.0"
"03r0b000000M8foAAC","AssignedResource.314","0Hn0b000000TgY0CAK","08p0b000000MSuFAAW","5.0","21.0"
"03r0b000000M8fpAAC","AssignedResource.729","0Hn0b000000TgY1CAK","08p0b000000MSqbAAG","50.0","13.0"
"03r0b000000M8fqAAC","AssignedResource.398","0Hn0b000000TgXvCAK","08p0b000000MSqcAAG","44.0","12.0"
"03r0b000000M8frAAC","AssignedResource.425","0Hn0b000000TgXzCAK","08p0b000000MSqdAAG","41.0","12.0"
"03r0b000000M8fsAAC","AssignedResource.663","0Hn0b000000TgXzCAK","08p0b000000MSzDAAW","59.0","19.0"
"03r0b000000M8ftAAC","AssignedResource.697","0Hn0b000000TgY1CAK","08p0b000000MSzEAAW","18.0","12.0"
"03r0b000000M8fuAAC","AssignedResource.566","0Hn0b000000TgXuCAK","08p0b000000MSzFAAW","13.0","2.0"
"03r0b000000M8fvAAC","AssignedResource.819","0Hn0b000000TgY1CAK","08p0b000000MSzGAAW","55.0","19.0"
"03r0b000000M8fwAAC","AssignedResource.703","0Hn0b000000TgXzCAK","08p0b000000MSzHAAW","22.0","11.0"
"03r0b000000M8fxAAC","AssignedResource.856","0Hn0b000000TgXuCAK","08p0b000000MSzIAAW","21.0","3.0"
"03r0b000000M8fyAAC","AssignedResource.731","0Hn0b000000TgXvCAK","08p0b000000MSqIAAW","6.0","10.0"
"03r0b000000M8fzAAC","AssignedResource.656","0Hn0b000000TgXuCAK","08p0b000000MSqFAAW","1.0","30.0"
"03r0b000000M8g0AAC","AssignedResource.399","0Hn0b000000TgY1CAK","08p0b000000MSqGAAW","58.0","24.0"
"03r0b000000M8g1AAC","AssignedResource.730","0Hn0b000000TgXzCAK","08p0b000000MSqHAAW","35.0","9.0"
"03r0b000000M8g2AAC","AssignedResource.807","0Hn0b000000TgXvCAK","08p0b000000MSqJAAW","18.0","14.0"
"03r0b000000M8g3AAC","AssignedResource.315","0Hn0b000000TgXwCAK","08p0b000000MSqxAAG","59.0","17.0"
"03r0b000000M8g4AAC","AssignedResource.657","0Hn0b000000TgXuCAK","08p0b000000MSqyAAG","6.0","22.0"
"03r0b000000M8g5AAC","AssignedResource.402","0Hn0b000000TgXtCAK","08p0b000000MSrfAAG","33.0","4.0"
"03r0b000000M8g6AAC","AssignedResource.403","0Hn0b000000TgXyCAK","08p0b000000MT0SAAW","49.0","11.0"
"03r0b000000M8g7AAC","AssignedResource.774","0Hn0b000000TgXvCAK","08p0b000000MSqzAAG","40.0","6.0"
"03r0b000000M8g8AAC","AssignedResource.400","0Hn0b000000TgXyCAK","08p0b000000MSr0AAG","58.0","2.0"
"03r0b000000M8g9AAC","AssignedResource.318","0Hn0b000000TgXtCAK","08p0b000000MSr1AAG","14.0","8.0"
"03r0b000000M8gAAAS","AssignedResource.401","0Hn0b000000TgXwCAK","08p0b000000MSr2AAG","40.0","7.0"
"03r0b000000M8gBAAS","AssignedResource.680","0Hn0b000000TgXwCAK","08p0b000000MSrdAAG","39.0","12.0"
"03r0b000000M8gCAAS","AssignedResource.815","0Hn0b000000TgXwCAK","08p0b000000MSr3AAG","41.0","20.0"
"03r0b000000M8gDAAS","AssignedResource.321","0Hn0b000000TgXtCAK","08p0b000000MSr4AAG","28.0","16.0"
"03r0b000000M8gEAAS","AssignedResource.596","0Hn0b000000TgXtCAK","08p0b000000MSreAAG","52.0","19.0"
"03r0b000000M8gFAAS","AssignedResource.432","0Hn0b000000TgXwCAK","08p0b000000MSrgAAG","19.0","3.0"
"03r0b000000M8gGAAS","AssignedResource.837","0Hn0b000000TgXzCAK","08p0b000000MSrhAAG","4.0","7.0"
"03r0b000000M8gHAAS","AssignedResource.739","0Hn0b000000TgXtCAK","08p0b000000MSriAAG","57.0","13.0"
"03r0b000000M8gIAAS","AssignedResource.742","0Hn0b000000TgXyCAK","08p0b000000MT0OAAW","58.0","23.0"
"03r0b000000M8gJAAS","AssignedResource.569","0Hn0b000000TgY2CAK","08p0b000000MSrjAAG","22.0","14.0"
"03r0b000000M8gKAAS","AssignedResource.541","0Hn0b000000TgY2CAK","08p0b000000MSrkAAG","16.0","11.0"
"03r0b000000M8gLAAS","AssignedResource.788","0Hn0b000000TgXwCAK","08p0b000000MSrlAAG","9.0","14.0"
"03r0b000000M8gMAAS","AssignedResource.705","0Hn0b000000TgXvCAK","08p0b000000MSqBAAW","17.0","19.0"
"03r0b000000M8gNAAS","AssignedResource.882","0Hn0b000000TgY2CAK","08p0b000000MT0NAAW","20.5","5.0"
"03r0b000000M8gOAAS","AssignedResource.319","0Hn0b000000TgY2CAK","08p0b000000MT0TAAW","12.5","13.0"
"03r0b000000M8gPAAS","AssignedResource.404","0Hn0b000000TgXyCAK","08p0b000000MT0PAAW","39.0","34.0"
"03r0b000000M8gQAAS","AssignedResource.481","0Hn0b000000TgXzCAK","08p0b000000MT0QAAW","23.0","9.0"
"03r0b000000M8gRAAS","AssignedResource.405","0Hn0b000000TgXzCAK","08p0b000000MT0RAAW","35.0","9.0"
"03r0b000000M8gSAAS","AssignedResource.406","0Hn0b000000TgXyCAK","08p0b000000MSx7AAG","54.0","3.0"
"03r0b000000M8gTAAS","AssignedResource.863","0Hn0b000000TgY0CAK","08p0b000000MSx5AAG","29.0","12.0"
"03r0b000000M8gUAAS","AssignedResource.888","0Hn0b000000TgY0CAK","08p0b000000MSx6AAG","3.0","18.0"
"03r0b000000M8gVAAS","AssignedResource.316","0Hn0b000000TgXxCAK","08p0b000000MSx8AAG","4.0","37.0"
"03r0b000000M8gWAAS","AssignedResource.872","0Hn0b000000TgXxCAK","08p0b000000MSx9AAG","45.0","13.0"
"03r0b000000M8gXAAS","AssignedResource.482","0Hn0b000000TgXvCAK","08p0b000000MSsEAAW","55.0","20.0"
"03r0b000000M8gYAAS","AssignedResource.800","0Hn0b000000TgXxCAK","08p0b000000MT0jAAG","3.0","28.0"
"03r0b000000M8gZAAS","AssignedResource.752","0Hn0b000000TgXxCAK","08p0b000000MSq7AAG","12.0","27.0"
"03r0b000000M8gaAAC","AssignedResource.704","0Hn0b000000TgY0CAK","08p0b000000MSq8AAG","41.0","24.0"
"03r0b000000M8gbAAC","AssignedResource.323","0Hn0b000000TgXvCAK","08p0b000000MSqEAAW","7.0","28.0"
"03r0b000000M8gcAAC","AssignedResource.408","0Hn0b000000TgXxCAK","08p0b000000MSzUAAW","47.0","10.0"
"03r0b000000M8gdAAC","AssignedResource.561","0Hn0b000000TgXxCAK","08p0b000000MSq9AAG","11.0","10.0"
"03r0b000000M8geAAC","AssignedResource.744","0Hn0b000000TgXvCAK","08p0b000000MSqAAAW","28.0","15.0"
"03r0b000000M8gfAAC","AssignedResource.347","0Hn0b000000TgXvCAK","08p0b000000MSqCAAW","48.0","15.0"
