"Id","PricebookEntryId","WorkOrderId","ProductName","QuantityConsumed"
"0Gv0b000000Lil9CAC","01u0b00002Ir9z7AAB","0WO0b000000VCTMGA4","Starter Kit","1.0"
"0Gv0b000000LilACAS","01u0b00002Ir9zAAAR","0WO0b000000VCRpGAO","Battery, High Capacity","1.0"
"0Gv0b000000LilBCAS","01u0b00002Ir9zeAAB","0WO0b000000VCRqGAO","Product C","1.0"
"0Gv0b000000LilCCAS","01u0b00002Ir9zBAAR","0WO0b000000VCRrGAO","Power Inverter","1.0"
"0Gv0b000000LilDCAS","01u0b00002Ir9zGAAR","0WO0b000000VCS6GAO","Battery, Low Capacity","1.0"
"0Gv0b000000LilECAS","01u0b00002Ir9z6AAB","0WO0b000000VCS3GAO","Connector Cables","1.0"
"0Gv0b000000LilFCAS","01u0b00002Ir9zFAAR","0WO0b000000VCS4GAO","Small Turbine","1.0"
"0Gv0b000000LilGCAS","01u0b00002Ir9zAAAR","0WO0b000000VCS5GAO","Battery, High Capacity","1.0"
"0Gv0b000000LilHCAS","01u0b00002Ir9z6AAB","0WO0b000000VCTBGA4","Connector Cables","1.0"
"0Gv0b000000LilICAS","01u0b00002Ir9zGAAR","0WO0b000000VCTNGA4","Battery, Low Capacity","1.0"
"0Gv0b000000LilJCAS","01u0b00002Ir9z3AAB","0WO0b000000VCTOGA4","Mounting System","1.0"
"0Gv0b000000LilKCAS","01u0b00002Ir9zeAAB","0WO0b000000VCTPGA4","Product C","1.0"
"0Gv0b000000LilLCAS","01u0b00002Ir9z6AAB","0WO0b000000VCYBGA4","Connector Cables","1.0"
"0Gv0b000000LilMCAS","01u0b00002Ir9z6AAB","0WO0b000000VCYCGA4","Connector Cables","1.0"
"0Gv0b000000LilNCAS","01u0b00002Ir9zhAAB","0WO0b000000VCYDGA4","Product B","1.0"
"0Gv0b000000LilOCAS","01u0b00002Ir9zGAAR","0WO0b000000VCS7GAO","Battery, Low Capacity","1.0"
"0Gv0b000000LilPCAS","01u0b00002Ir9z5AAB","0WO0b000000VCS8GAO","Fuses (Set of 4)","1.0"
"0Gv0b000000LilQCAS","01u0b00002Ir9zGAAR","0WO0b000000VCTCGA4","Battery, Low Capacity","1.0"
"0Gv0b000000LilRCAS","01u0b00002Ir9z6AAB","0WO0b000000VCa2GAG","Connector Cables","1.0"
"0Gv0b000000LilSCAS","01u0b00002Ir9zBAAR","0WO0b000000VCRsGAO","Power Inverter","1.0"
"0Gv0b000000LilTCAS","01u0b00002Ir9zBAAR","0WO0b000000VCRtGAO","Power Inverter","1.0"
"0Gv0b000000LilUCAS","01u0b00002Ir9zeAAB","0WO0b000000VCYEGA4","Product C","1.0"
"0Gv0b000000LilVCAS","01u0b00002Ir9zBAAR","0WO0b000000VCYFGA4","Power Inverter","1.0"
"0Gv0b000000LilWCAS","01u0b00002Ir9z3AAB","0WO0b000000VCYhGAO","Mounting System","1.0"
"0Gv0b000000LilXCAS","01u0b00002Ir9z9AAB","0WO0b000000VCYiGAO","Large Turbine","1.0"
"0Gv0b000000LilYCAS","01u0b00002Ir9z8AAB","0WO0b000000VCYjGAO","Remote Monitoring Subscription","1.0"
"0Gv0b000000LilZCAS","01u0b00002Ir9z3AAB","0WO0b000000VCRiGAO","Mounting System","1.0"
"0Gv0b000000LilaCAC","01u0b00002Ir9z3AAB","0WO0b000000VCa3GAG","Mounting System","1.0"
"0Gv0b000000LilbCAC","01u0b00002Ir9zGAAR","0WO0b000000VCa4GAG","Battery, Low Capacity","1.0"
"0Gv0b000000LilcCAC","01u0b00002Ir9z8AAB","0WO0b000000VCa5GAG","Remote Monitoring Subscription","1.0"
"0Gv0b000000LildCAC","01u0b00002Ir9zhAAB","0WO0b000000VCa6GAG","Product B","1.0"
"0Gv0b000000LileCAC","01u0b00002Ir9z7AAB","0WO0b000000VCRkGAO","Starter Kit","1.0"
"0Gv0b000000LilfCAC","01u0b00002Ir9z7AAB","0WO0b000000VCRjGAO","Starter Kit","1.0"
"0Gv0b000000LilgCAC","01u0b00002Ir9z3AAB","0WO0b000000VCYaGAO","Mounting System","1.0"
"0Gv0b000000LilhCAC","01u0b00002Ir9z6AAB","0WO0b000000VCYbGAO","Connector Cables","1.0"
"0Gv0b000000LiliCAC","01u0b00002Ir9z5AAB","0WO0b000000VCYcGAO","Fuses (Set of 4)","1.0"
"0Gv0b000000LiljCAC","01u0b00002Ir9z3AAB","0WO0b000000VCZVGA4","Mounting System","1.0"
"0Gv0b000000LilkCAC","01u0b00002Ir9z6AAB","0WO0b000000VCZTGA4","Connector Cables","1.0"
"0Gv0b000000LillCAC","01u0b00002Ir9zGAAR","0WO0b000000VCZUGA4","Battery, Low Capacity","1.0"
"0Gv0b000000LilmCAC","01u0b00002Ir9z4AAB","0WO0b000000VCRlGAO","Onsite Labor","1.0"
"0Gv0b000000LilnCAC","01u0b00002Ir9zBAAR","0WO0b000000VCRmGAO","Power Inverter","1.0"
"0Gv0b000000LiloCAC","01u0b00002Ir9zHAAR","0WO0b000000VCYGGA4","Product A","1.0"
"0Gv0b000000LilpCAC","01u0b00002Ir9z7AAB","0WO0b000000VCYHGA4","Starter Kit","1.0"
"0Gv0b000000LilqCAC","01u0b00002Ir9zGAAR","0WO0b000000VCYIGA4","Battery, Low Capacity","1.0"
"0Gv0b000000LilrCAC","01u0b00002Ir9zGAAR","0WO0b000000VCYJGA4","Battery, Low Capacity","1.0"
"0Gv0b000000LilsCAC","01u0b00002Ir9zGAAR","0WO0b000000VCa7GAG","Battery, Low Capacity","1.0"
"0Gv0b000000LiltCAC","01u0b00002Ir9z3AAB","0WO0b000000VCYkGAO","Mounting System","1.0"
"0Gv0b000000LiluCAC","01u0b00002Ir9z3AAB","0WO0b000000VCYlGAO","Mounting System","1.0"
"0Gv0b000000LilvCAC","01u0b00002Ir9z2AAB","0WO0b000000VCZXGA4","Energy Meter","1.0"
"0Gv0b000000LilwCAC","01u0b00002Ir9zGAAR","0WO0b000000VCYKGA4","Battery, Low Capacity","1.0"
"0Gv0b000000LilxCAC","01u0b00002Ir9zCAAR","0WO0b000000VCYLGA4","Intelligent Optimization Service License","1.0"
"0Gv0b000000LilyCAC","01u0b00002Ir9z3AAB","0WO0b000000VCYdGAO","Mounting System","1.0"
"0Gv0b000000LilzCAC","01u0b00002Ir9z3AAB","0WO0b000000VCYeGAO","Mounting System","1.0"
"0Gv0b000000Lim0CAC","01u0b00002Ir9zFAAR","0WO0b000000VCYfGAO","Small Turbine","1.0"
"0Gv0b000000Lim1CAC","01u0b00002Ir9zHAAR","0WO0b000000VCYmGAO","Product A","1.0"
"0Gv0b000000Lim2CAC","01u0b00002Ir9z3AAB","0WO0b000000VCYnGAO","Mounting System","1.0"
"0Gv0b000000Lim3CAC","01u0b00002Ir9zBAAR","0WO0b000000VCZYGA4","Power Inverter","1.0"
"0Gv0b000000Lim4CAC","01u0b00002Ir9zAAAR","0WO0b000000VCZZGA4","Battery, High Capacity","1.0"
"0Gv0b000000Lim5CAC","01u0b00002Ir9zBAAR","0WO0b000000VCZaGAO","Power Inverter","1.0"
"0Gv0b000000Lim6CAC","01u0b00002Ir9z3AAB","0WO0b000000VCZbGAO","Mounting System","1.0"
"0Gv0b000000Lim7CAC","01u0b00002Ir9zCAAR","0WO0b000000VCYQGA4","Intelligent Optimization Service License","1.0"
"0Gv0b000000Lim8CAC","01u0b00002Ir9z8AAB","0WO0b000000VCaFGAW","Remote Monitoring Subscription","1.0"
"0Gv0b000000Lim9CAC","01u0b00002Ir9zBAAR","0WO0b000000VCaGGAW","Power Inverter","1.0"
"0Gv0b000000LimACAS","01u0b00002Ir9z9AAB","0WO0b000000VCaHGAW","Large Turbine","1.0"
"0Gv0b000000LimBCAS","01u0b00002Ir9zGAAR","0WO0b000000VCXqGAO","Battery, Low Capacity","1.0"
"0Gv0b000000LimCCAS","01u0b00002Ir9z2AAB","0WO0b000000VCYRGA4","Energy Meter","1.0"
"0Gv0b000000LimDCAS","01u0b00002Ir9z8AAB","0WO0b000000VCYSGA4","Remote Monitoring Subscription","1.0"
"0Gv0b000000LimECAS","01u0b00002Ir9z7AAB","0WO0b000000VCYTGA4","Starter Kit","1.0"
"0Gv0b000000LimFCAS","01u0b00002Ir9z4AAB","0WO0b000000VCRuGAO","Onsite Labor","1.0"
"0Gv0b000000LimGCAS","01u0b00002Ir9z7AAB","0WO0b000000VCYUGA4","Starter Kit","1.0"
"0Gv0b000000LimHCAS","01u0b00002Ir9zBAAR","0WO0b000000VCRvGAO","Power Inverter","1.0"
"0Gv0b000000LimICAS","01u0b00002Ir9z6AAB","0WO0b000000VCWvGAO","Connector Cables","1.0"
"0Gv0b000000LimJCAS","01u0b00002Ir9zDAAR","0WO0b000000VCWwGAO","Maintenance Contract","1.0"
"0Gv0b000000LimKCAS","01u0b00002Ir9z7AAB","0WO0b000000VCWyGAO","Starter Kit","1.0"
"0Gv0b000000LimLCAS","01u0b00002Ir9zBAAR","0WO0b000000VCXRGA4","Power Inverter","1.0"
"0Gv0b000000LimMCAS","01u0b00002Ir9zBAAR","0WO0b000000VCXSGA4","Power Inverter","1.0"
"0Gv0b000000LimNCAS","01u0b00002Ir9zEAAR","0WO0b000000VCYWGA4","Installation Services","1.0"
"0Gv0b000000LimOCAS","01u0b00002Ir9zBAAR","0WO0b000000VCaIGAW","Power Inverter","1.0"
"0Gv0b000000LimPCAS","01u0b00002Ir9zBAAR","0WO0b000000VCRwGAO","Power Inverter","1.0"
"0Gv0b000000LimQCAS","01u0b00002Ir9zEAAR","0WO0b000000VCXTGA4","Installation Services","1.0"
"0Gv0b000000LimRCAS","01u0b00002Ir9z2AAB","0WO0b000000VCXUGA4","Energy Meter","1.0"
"0Gv0b000000LimSCAS","01u0b00002Ir9z6AAB","0WO0b000000VCXVGA4","Connector Cables","1.0"
"0Gv0b000000LimTCAS","01u0b00002Ir9z3AAB","0WO0b000000VCXWGA4","Mounting System","1.0"
"0Gv0b000000LimUCAS","01u0b00002Ir9z5AAB","0WO0b000000VCXXGA4","Fuses (Set of 4)","1.0"
"0Gv0b000000LimVCAS","01u0b00002Ir9zCAAR","0WO0b000000VCYXGA4","Intelligent Optimization Service License","1.0"
"0Gv0b000000LimWCAS","01u0b00002Ir9zAAAR","0WO0b000000VCRxGAO","Battery, High Capacity","1.0"
"0Gv0b000000LimXCAS","01u0b00002Ir9zBAAR","0WO0b000000VCRyGAO","Power Inverter","1.0"
"0Gv0b000000LimYCAS","01u0b00002Ir9zeAAB","0WO0b000000VCXrGAO","Product C","1.0"
"0Gv0b000000LimZCAS","01u0b00002Ir9z3AAB","0WO0b000000VCXsGAO","Mounting System","1.0"
"0Gv0b000000LimaCAC","01u0b00002Ir9zDAAR","0WO0b000000VCXYGA4","Maintenance Contract","1.0"
"0Gv0b000000LimbCAC","01u0b00002Ir9z3AAB","0WO0b000000VCXZGA4","Mounting System","1.0"
"0Gv0b000000LimcCAC","01u0b00002Ir9zHAAR","0WO0b000000VCYYGA4","Product A","1.0"
"0Gv0b000000LimdCAC","01u0b00002Ir9zEAAR","0WO0b000000VCXaGAO","Installation Services","1.0"
"0Gv0b000000LimeCAC","01u0b00002Ir9zeAAB","0WO0b000000VCXcGAO","Product C","1.0"
"0Gv0b000000LimfCAC","01u0b00002Ir9zBAAR","0WO0b000000VCXdGAO","Power Inverter","1.0"
"0Gv0b000000LimgCAC","01u0b00002Ir9z9AAB","0WO0b000000VCXtGAO","Large Turbine","1.0"
"0Gv0b000000LimhCAC","01u0b00002Ir9zAAAR","0WO0b000000VCXuGAO","Battery, High Capacity","1.0"
"0Gv0b000000LimiCAC","01u0b00002Ir9z6AAB","0WO0b000000VCXvGAO","Connector Cables","1.0"
"0Gv0b000000LimjCAC","01u0b00002Ir9zhAAB","0WO0b000000VCYZGA4","Product B","1.0"
"0Gv0b000000LimkCAC","01u0b00002Ir9zGAAR","0WO0b000000VCaMGAW","Battery, Low Capacity","1.0"
"0Gv0b000000LimlCAC","01u0b00002Ir9zGAAR","0WO0b000000VCaJGAW","Battery, Low Capacity","1.0"
"0Gv0b000000LimmCAC","01u0b00002Ir9z5AAB","0WO0b000000VCaKGAW","Fuses (Set of 4)","1.0"
"0Gv0b000000LimnCAC","01u0b00002Ir9z5AAB","0WO0b000000VCaLGAW","Fuses (Set of 4)","1.0"
"0Gv0b000000LimoCAC","01u0b00002Ir9zHAAR","0WO0b000000VCWzGAO","Product A","1.0"
"0Gv0b000000LimpCAC","01u0b00002Ir9zhAAB","0WO0b000000VCXeGAO","Product B","1.0"
"0Gv0b000000LimqCAC","01u0b00002Ir9zBAAR","0WO0b000000VCXfGAO","Power Inverter","1.0"
"0Gv0b000000LimrCAC","01u0b00002Ir9z5AAB","0WO0b000000VCXgGAO","Fuses (Set of 4)","1.0"
"0Gv0b000000LimsCAC","01u0b00002Ir9z5AAB","0WO0b000000VCaNGAW","Fuses (Set of 4)","1.0"
"0Gv0b000000LimtCAC","01u0b00002Ir9zGAAR","0WO0b000000VCX0GAO","Battery, Low Capacity","1.0"
"0Gv0b000000LimuCAC","01u0b00002Ir9zBAAR","0WO0b000000VCX1GAO","Power Inverter","1.0"
"0Gv0b000000LimvCAC","01u0b00002Ir9zHAAR","0WO0b000000VCXhGAO","Product A","1.0"
"0Gv0b000000LimwCAC","01u0b00002Ir9zBAAR","0WO0b000000VCXjGAO","Power Inverter","1.0"
"0Gv0b000000LimxCAC","01u0b00002Ir9z5AAB","0WO0b000000VCaPGAW","Fuses (Set of 4)","1.0"
"0Gv0b000000LimyCAC","01u0b00002Ir9zCAAR","0WO0b000000VCaOGAW","Intelligent Optimization Service License","1.0"
"0Gv0b000000LimzCAC","01u0b00002Ir9zAAAR","0WO0b000000VCX2GAO","Battery, High Capacity","1.0"
"0Gv0b000000Lin0CAC","01u0b00002Ir9zBAAR","0WO0b000000VCXkGAO","Power Inverter","1.0"
"0Gv0b000000Lin1CAC","01u0b00002Ir9z8AAB","0WO0b000000VCaQGAW","Remote Monitoring Subscription","1.0"
"0Gv0b000000Lin2CAC","01u0b00002Ir9zGAAR","0WO0b000000VCaRGAW","Battery, Low Capacity","1.0"
"0Gv0b000000Lin3CAC","01u0b00002Ir9zGAAR","0WO0b000000VCaSGAW","Battery, Low Capacity","1.0"
"0Gv0b000000Lin4CAC","01u0b00002Ir9z6AAB","0WO0b000000VCXlGAO","Connector Cables","1.0"
"0Gv0b000000Lin5CAC","01u0b00002Ir9zAAAR","0WO0b000000VCXmGAO","Battery, High Capacity","1.0"
"0Gv0b000000Lin6CAC","01u0b00002Ir9z5AAB","0WO0b000000VCXnGAO","Fuses (Set of 4)","1.0"
"0Gv0b000000Lin7CAC","01u0b00002Ir9zGAAR","0WO0b000000VCXoGAO","Battery, Low Capacity","1.0"
"0Gv0b000000Lin8CAC","01u0b00002Ir9zeAAB","0WO0b000000VCXpGAO","Product C","1.0"
"0Gv0b000000Lin9CAC","01u0b00002Ir9z5AAB","0WO0b000000VCYVGA4","Fuses (Set of 4)","1.0"
"0Gv0b000000LinACAS","01u0b00002Ir9zEAAR","0WO0b000000VCaTGAW","Installation Services","1.0"
"0Gv0b000000LinBCAS","01u0b00002Ir9z9AAB","0WO0b000000VCVpGAO","Large Turbine","1.0"
"0Gv0b000000LinCCAS","01u0b00002Ir9z9AAB","0WO0b000000VCVqGAO","Large Turbine","1.0"
"0Gv0b000000LinDCAS","01u0b00002Ir9z6AAB","0WO0b000000VCVrGAO","Connector Cables","1.0"
"0Gv0b000000LinECAS","01u0b00002Ir9z3AAB","0WO0b000000VCWhGAO","Mounting System","1.0"
"0Gv0b000000LinFCAS","01u0b00002Ir9zBAAR","0WO0b000000VCSXGA4","Power Inverter","1.0"
"0Gv0b000000LinGCAS","01u0b00002Ir9zBAAR","0WO0b000000VCSYGA4","Power Inverter","1.0"
"0Gv0b000000LinHCAS","01u0b00002Ir9z7AAB","0WO0b000000VCSZGA4","Starter Kit","1.0"
"0Gv0b000000LinICAS","01u0b00002Ir9zGAAR","0WO0b000000VCUbGAO","Battery, Low Capacity","1.0"
"0Gv0b000000LinJCAS","01u0b00002Ir9z3AAB","0WO0b000000VCUcGAO","Mounting System","1.0"
"0Gv0b000000LinKCAS","01u0b00002Ir9zAAAR","0WO0b000000VCVsGAO","Battery, High Capacity","1.0"
"0Gv0b000000LinLCAS","01u0b00002Ir9zBAAR","0WO0b000000VCVvGAO","Power Inverter","1.0"
"0Gv0b000000LinMCAS","01u0b00002Ir9z3AAB","0WO0b000000VCSaGAO","Mounting System","1.0"
"0Gv0b000000LinNCAS","01u0b00002Ir9zBAAR","0WO0b000000VCSbGAO","Power Inverter","1.0"
"0Gv0b000000LinOCAS","01u0b00002Ir9zBAAR","0WO0b000000VCScGAO","Power Inverter","1.0"
"0Gv0b000000LinPCAS","01u0b00002Ir9zCAAR","0WO0b000000VCUdGAO","Intelligent Optimization Service License","1.0"
"0Gv0b000000LinQCAS","01u0b00002Ir9z8AAB","0WO0b000000VCUeGAO","Remote Monitoring Subscription","1.0"
"0Gv0b000000LinRCAS","01u0b00002Ir9z9AAB","0WO0b000000VCUfGAO","Large Turbine","1.0"
"0Gv0b000000LinSCAS","01u0b00002Ir9z6AAB","0WO0b000000VCVtGAO","Connector Cables","1.0"
"0Gv0b000000LinTCAS","01u0b00002Ir9z9AAB","0WO0b000000VCVuGAO","Large Turbine","1.0"
"0Gv0b000000LinUCAS","01u0b00002Ir9zEAAR","0WO0b000000VCUuGAO","Installation Services","1.0"
"0Gv0b000000LinVCAS","01u0b00002Ir9zBAAR","0WO0b000000VCUvGAO","Power Inverter","1.0"
"0Gv0b000000LinWCAS","01u0b00002Ir9z6AAB","0WO0b000000VCWUGA4","Connector Cables","1.0"
"0Gv0b000000LinXCAS","01u0b00002Ir9zGAAR","0WO0b000000VCWVGA4","Battery, Low Capacity","1.0"
"0Gv0b000000LinYCAS","01u0b00002Ir9zhAAB","0WO0b000000VCUhGAO","Product B","1.0"
"0Gv0b000000LinZCAS","01u0b00002Ir9zAAAR","0WO0b000000VCUwGAO","Battery, High Capacity","1.0"
"0Gv0b000000LinaCAC","01u0b00002Ir9zCAAR","0WO0b000000VCWWGA4","Intelligent Optimization Service License","1.0"
"0Gv0b000000LinbCAC","01u0b00002Ir9z3AAB","0WO0b000000VCWXGA4","Mounting System","1.0"
"0Gv0b000000LincCAC","01u0b00002Ir9zBAAR","0WO0b000000VCUzGAO","Power Inverter","1.0"
"0Gv0b000000LindCAC","01u0b00002Ir9zGAAR","0WO0b000000VCV0GAO","Battery, Low Capacity","1.0"
"0Gv0b000000LineCAC","01u0b00002Ir9z5AAB","0WO0b000000VCWiGAO","Fuses (Set of 4)","1.0"
"0Gv0b000000LinfCAC","01u0b00002Ir9zBAAR","0WO0b000000VCVJGA4","Power Inverter","1.0"
"0Gv0b000000LingCAC","01u0b00002Ir9zGAAR","0WO0b000000VCVKGA4","Battery, Low Capacity","1.0"
"0Gv0b000000LinhCAC","01u0b00002Ir9zGAAR","0WO0b000000VCV2GAO","Battery, Low Capacity","1.0"
"0Gv0b000000LiniCAC","01u0b00002Ir9z3AAB","0WO0b000000VCWjGAO","Mounting System","1.0"
"0Gv0b000000LinjCAC","01u0b00002Ir9z9AAB","0WO0b000000VCV3GAO","Large Turbine","1.0"
"0Gv0b000000LinkCAC","01u0b00002Ir9z5AAB","0WO0b000000VCWmGAO","Fuses (Set of 4)","1.0"
"0Gv0b000000LinlCAC","01u0b00002Ir9zDAAR","0WO0b000000VCVLGA4","Maintenance Contract","1.0"
"0Gv0b000000LinmCAC","01u0b00002Ir9zHAAR","0WO0b000000VCVAGA4","Product A","1.0"
"0Gv0b000000LinnCAC","01u0b00002Ir9zDAAR","0WO0b000000VCVBGA4","Maintenance Contract","1.0"
"0Gv0b000000LinoCAC","01u0b00002Ir9zBAAR","0WO0b000000VCVCGA4","Power Inverter","1.0"
"0Gv0b000000LinpCAC","01u0b00002Ir9zAAAR","0WO0b000000VCVDGA4","Battery, High Capacity","1.0"
"0Gv0b000000LinqCAC","01u0b00002Ir9zBAAR","0WO0b000000VCUZGA4","Power Inverter","1.0"
"0Gv0b000000LinrCAC","01u0b00002Ir9z5AAB","0WO0b000000VCUXGA4","Fuses (Set of 4)","1.0"
"0Gv0b000000LinsCAC","01u0b00002Ir9zGAAR","0WO0b000000VCUYGA4","Battery, Low Capacity","1.0"
"0Gv0b000000LintCAC","01u0b00002Ir9z9AAB","0WO0b000000VCVnGAO","Large Turbine","1.0"
"0Gv0b000000LinuCAC","01u0b00002Ir9zBAAR","0WO0b000000VCVMGA4","Power Inverter","1.0"
"0Gv0b000000LinvCAC","01u0b00002Ir9z6AAB","0WO0b000000VCVNGA4","Connector Cables","1.0"
"0Gv0b000000LinwCAC","01u0b00002Ir9zBAAR","0WO0b000000VCWfGAO","Power Inverter","1.0"
"0Gv0b000000LinxCAC","01u0b00002Ir9zhAAB","0WO0b000000VCWgGAO","Product B","1.0"
"0Gv0b000000LinyCAC","01u0b00002Ir9zeAAB","0WO0b000000VCUaGAO","Product C","1.0"
"0Gv0b000000LinzCAC","01u0b00002Ir9zAAAR","0WO0b000000VCUPGA4","Battery, High Capacity","1.0"
"0Gv0b000000Lio0CAC","01u0b00002Ir9zGAAR","0WO0b000000VCPyGAO","Battery, Low Capacity","1.0"
"0Gv0b000000Lio1CAC","01u0b00002Ir9z3AAB","0WO0b000000VCQ6GAO","Mounting System","1.0"
"0Gv0b000000Lio2CAC","01u0b00002Ir9z8AAB","0WO0b000000VCVHGA4","Remote Monitoring Subscription","1.0"
"0Gv0b000000Lio3CAC","01u0b00002Ir9zHAAR","0WO0b000000VCVgGAO","Product A","1.0"
"0Gv0b000000Lio4CAC","01u0b00002Ir9z3AAB","0WO0b000000VCTRGA4","Mounting System","1.0"
"0Gv0b000000Lio5CAC","01u0b00002Ir9zBAAR","0WO0b000000VCSdGAO","Power Inverter","1.0"
"0Gv0b000000Lio6CAC","01u0b00002Ir9z3AAB","0WO0b000000VCTQGA4","Mounting System","1.0"
"0Gv0b000000Lio7CAC","01u0b00002Ir9zHAAR","0WO0b000000VCTSGA4","Product A","1.0"
"0Gv0b000000Lio8CAC","01u0b00002Ir9z5AAB","0WO0b000000VCUgGAO","Fuses (Set of 4)","1.0"
"0Gv0b000000Lio9CAC","01u0b00002Ir9zBAAR","0WO0b000000VCUxGAO","Power Inverter","1.0"
"0Gv0b000000LioACAS","01u0b00002Ir9zBAAR","0WO0b000000VCWYGA4","Power Inverter","1.0"
"0Gv0b000000LioBCAS","01u0b00002Ir9zBAAR","0WO0b000000VCSeGAO","Power Inverter","1.0"
"0Gv0b000000LioCCAS","01u0b00002Ir9zBAAR","0WO0b000000VCUyGAO","Power Inverter","1.0"
"0Gv0b000000LioDCAS","01u0b00002Ir9z6AAB","0WO0b000000VCWaGAO","Connector Cables","1.0"
"0Gv0b000000LioECAS","01u0b00002Ir9zGAAR","0WO0b000000VCVIGA4","Battery, Low Capacity","1.0"
"0Gv0b000000LioFCAS","01u0b00002Ir9zBAAR","0WO0b000000VCVYGA4","Power Inverter","1.0"
"0Gv0b000000LioGCAS","01u0b00002Ir9z8AAB","0WO0b000000VCV7GAO","Remote Monitoring Subscription","1.0"
"0Gv0b000000LioHCAS","01u0b00002Ir9z9AAB","0WO0b000000VCV1GAO","Large Turbine","1.0"
"0Gv0b000000LioICAS","01u0b00002Ir9z8AAB","0WO0b000000VCWlGAO","Remote Monitoring Subscription","1.0"
"0Gv0b000000LioJCAS","01u0b00002Ir9z8AAB","0WO0b000000VCWkGAO","Remote Monitoring Subscription","1.0"
"0Gv0b000000LioKCAS","01u0b00002Ir9zBAAR","0WO0b000000VCSgGAO","Power Inverter","1.0"
"0Gv0b000000LioLCAS","01u0b00002Ir9z3AAB","0WO0b000000VCSfGAO","Mounting System","1.0"
"0Gv0b000000LioMCAS","01u0b00002Ir9z5AAB","0WO0b000000VCTUGA4","Fuses (Set of 4)","1.0"
"0Gv0b000000LioNCAS","01u0b00002Ir9z5AAB","0WO0b000000VCV4GAO","Fuses (Set of 4)","1.0"
"0Gv0b000000LioOCAS","01u0b00002Ir9zGAAR","0WO0b000000VCWcGAO","Battery, Low Capacity","1.0"
"0Gv0b000000LioPCAS","01u0b00002Ir9zBAAR","0WO0b000000VCWdGAO","Power Inverter","1.0"
"0Gv0b000000LioQCAS","01u0b00002Ir9zFAAR","0WO0b000000VCWnGAO","Small Turbine","1.0"
"0Gv0b000000LioRCAS","01u0b00002Ir9zGAAR","0WO0b000000VCWoGAO","Battery, Low Capacity","1.0"
"0Gv0b000000LioSCAS","01u0b00002Ir9zHAAR","0WO0b000000VCWpGAO","Product A","1.0"
"0Gv0b000000LioTCAS","01u0b00002Ir9zhAAB","0WO0b000000VCV8GAO","Product B","1.0"
"0Gv0b000000LioUCAS","01u0b00002Ir9zFAAR","0WO0b000000VCV9GAO","Small Turbine","1.0"
"0Gv0b000000LioVCAS","01u0b00002Ir9z3AAB","0WO0b000000VCTVGA4","Mounting System","1.0"
"0Gv0b000000LioWCAS","01u0b00002Ir9z3AAB","0WO0b000000VCWeGAO","Mounting System","1.0"
"0Gv0b000000LioXCAS","01u0b00002Ir9zGAAR","0WO0b000000VCTWGA4","Battery, Low Capacity","1.0"
"0Gv0b000000LioYCAS","01u0b00002Ir9zGAAR","0WO0b000000VCTXGA4","Battery, Low Capacity","1.0"
"0Gv0b000000LioZCAS","01u0b00002Ir9zeAAB","0WO0b000000VCVhGAO","Product C","1.0"
"0Gv0b000000LioaCAC","01u0b00002Ir9zAAAR","0WO0b000000VCVZGA4","Battery, High Capacity","1.0"
"0Gv0b000000LiobCAC","01u0b00002Ir9zGAAR","0WO0b000000VCVaGAO","Battery, Low Capacity","1.0"
"0Gv0b000000LiocCAC","01u0b00002Ir9zAAAR","0WO0b000000VCV5GAO","Battery, High Capacity","1.0"
"0Gv0b000000LiodCAC","01u0b00002Ir9zFAAR","0WO0b000000VCViGAO","Small Turbine","1.0"
"0Gv0b000000LioeCAC","01u0b00002Ir9zhAAB","0WO0b000000VCVjGAO","Product B","1.0"
"0Gv0b000000LiofCAC","01u0b00002Ir9zhAAB","0WO0b000000VCVkGAO","Product B","1.0"
"0Gv0b000000LiogCAC","01u0b00002Ir9zDAAR","0WO0b000000VCVlGAO","Maintenance Contract","1.0"
"0Gv0b000000LiohCAC","01u0b00002Ir9zBAAR","0WO0b000000VCVmGAO","Power Inverter","1.0"
"0Gv0b000000LioiCAC","01u0b00002Ir9zCAAR","0WO0b000000VCVbGAO","Intelligent Optimization Service License","1.0"
"0Gv0b000000LiojCAC","01u0b00002Ir9zGAAR","0WO0b000000VCVcGAO","Battery, Low Capacity","1.0"
"0Gv0b000000LiokCAC","01u0b00002Ir9z9AAB","0WO0b000000VCVdGAO","Large Turbine","1.0"
"0Gv0b000000LiolCAC","01u0b00002Ir9zAAAR","0WO0b000000VCVeGAO","Battery, High Capacity","1.0"
"0Gv0b000000LiomCAC","01u0b00002Ir9zBAAR","0WO0b000000VCVfGAO","Power Inverter","1.0"
"0Gv0b000000LionCAC","01u0b00002Ir9zBAAR","0WO0b000000VCVEGA4","Power Inverter","1.0"
"0Gv0b000000LiooCAC","01u0b00002Ir9z6AAB","0WO0b000000VCVFGA4","Connector Cables","1.0"
"0Gv0b000000LiopCAC","01u0b00002Ir9z9AAB","0WO0b000000VCVGGA4","Large Turbine","1.0"
"0Gv0b000000LioqCAC","01u0b00002Ir9zEAAR","0WO0b000000VCV6GAO","Installation Services","1.0"
"0Gv0b000000LiorCAC","01u0b00002Ir9zAAAR","0WO0b000000VCZpGAO","Battery, High Capacity","1.0"
"0Gv0b000000LiosCAC","01u0b00002Ir9zDAAR","0WO0b000000VCZoGAO","Maintenance Contract","1.0"
"0Gv0b000000LiotCAC","01u0b00002Ir9z3AAB","0WO0b000000VCQUGA4","Mounting System","1.0"
"0Gv0b000000LiouCAC","01u0b00002Ir9zFAAR","0WO0b000000VCVXGA4","Small Turbine","1.0"
"0Gv0b000000LiovCAC","01u0b00002Ir9zEAAR","0WO0b000000VCZqGAO","Installation Services","1.0"
"0Gv0b000000LiowCAC","01u0b00002Ir9z3AAB","0WO0b000000VCZrGAO","Mounting System","1.0"
"0Gv0b000000LioxCAC","01u0b00002Ir9zFAAR","0WO0b000000VCUQGA4","Small Turbine","1.0"
"0Gv0b000000LioyCAC","01u0b00002Ir9zGAAR","0WO0b000000VCURGA4","Battery, Low Capacity","1.0"
"0Gv0b000000LiozCAC","01u0b00002Ir9z8AAB","0WO0b000000VCTbGAO","Remote Monitoring Subscription","1.0"
"0Gv0b000000Lip0CAC","01u0b00002Ir9z5AAB","0WO0b000000VCTaGAO","Fuses (Set of 4)","1.0"
"0Gv0b000000Lip1CAC","01u0b00002Ir9z6AAB","0WO0b000000VCTcGAO","Connector Cables","1.0"
"0Gv0b000000Lip2CAC","01u0b00002Ir9zBAAR","0WO0b000000VCW7GAO","Power Inverter","1.0"
"0Gv0b000000Lip3CAC","01u0b00002Ir9zCAAR","0WO0b000000VCW8GAO","Intelligent Optimization Service License","1.0"
"0Gv0b000000Lip4CAC","01u0b00002Ir9zGAAR","0WO0b000000VCW9GAO","Battery, Low Capacity","1.0"
"0Gv0b000000Lip5CAC","01u0b00002Ir9zAAAR","0WO0b000000VCUTGA4","Battery, High Capacity","1.0"
"0Gv0b000000Lip6CAC","01u0b00002Ir9z3AAB","0WO0b000000VCUSGA4","Mounting System","1.0"
"0Gv0b000000Lip7CAC","01u0b00002Ir9z6AAB","0WO0b000000VCWAGA4","Connector Cables","1.0"
"0Gv0b000000Lip8CAC","01u0b00002Ir9z5AAB","0WO0b000000VCWCGA4","Fuses (Set of 4)","1.0"
"0Gv0b000000Lip9CAC","01u0b00002Ir9zGAAR","0WO0b000000VCWDGA4","Battery, Low Capacity","1.0"
"0Gv0b000000LipACAS","01u0b00002Ir9z4AAB","0WO0b000000VCWEGA4","Onsite Labor","1.0"
"0Gv0b000000LipBCAS","01u0b00002Ir9z6AAB","0WO0b000000VCQ7GAO","Connector Cables","1.0"
"0Gv0b000000LipCCAS","01u0b00002Ir9zAAAR","0WO0b000000VCQ8GAO","Battery, High Capacity","1.0"
"0Gv0b000000LipDCAS","01u0b00002Ir9zBAAR","0WO0b000000VCQ9GAO","Power Inverter","1.0"
"0Gv0b000000LipECAS","01u0b00002Ir9z2AAB","0WO0b000000VCTeGAO","Energy Meter","1.0"
"0Gv0b000000LipFCAS","01u0b00002Ir9zDAAR","0WO0b000000VCWFGA4","Maintenance Contract","1.0"
"0Gv0b000000LipGCAS","01u0b00002Ir9zCAAR","0WO0b000000VCWGGA4","Intelligent Optimization Service License","1.0"
"0Gv0b000000LipHCAS","01u0b00002Ir9z7AAB","0WO0b000000VCWHGA4","Starter Kit","1.0"
"0Gv0b000000LipICAS","01u0b00002Ir9z6AAB","0WO0b000000VCWIGA4","Connector Cables","1.0"
"0Gv0b000000LipJCAS","01u0b00002Ir9z4AAB","0WO0b000000VCQCGA4","Onsite Labor","1.0"
"0Gv0b000000LipKCAS","01u0b00002Ir9zBAAR","0WO0b000000VCQAGA4","Power Inverter","1.0"
"0Gv0b000000LipLCAS","01u0b00002Ir9z7AAB","0WO0b000000VCQBGA4","Starter Kit","1.0"
"0Gv0b000000LipMCAS","01u0b00002Ir9zEAAR","0WO0b000000VCQEGA4","Installation Services","1.0"
"0Gv0b000000LipNCAS","01u0b00002Ir9zGAAR","0WO0b000000VCWBGA4","Battery, Low Capacity","1.0"
"0Gv0b000000LipOCAS","01u0b00002Ir9z8AAB","0WO0b000000VCWJGA4","Remote Monitoring Subscription","1.0"
"0Gv0b000000LipPCAS","01u0b00002Ir9z2AAB","0WO0b000000VCQFGA4","Energy Meter","1.0"
"0Gv0b000000LipQCAS","01u0b00002Ir9zFAAR","0WO0b000000VCUUGA4","Small Turbine","1.0"
"0Gv0b000000LipRCAS","01u0b00002Ir9z5AAB","0WO0b000000VCUVGA4","Fuses (Set of 4)","1.0"
"0Gv0b000000LipSCAS","01u0b00002Ir9zHAAR","0WO0b000000VCSOGA4","Product A","1.0"
"0Gv0b000000LipTCAS","01u0b00002Ir9zhAAB","0WO0b000000VCSPGA4","Product B","1.0"
"0Gv0b000000LipUCAS","01u0b00002Ir9z6AAB","0WO0b000000VCQVGA4","Connector Cables","1.0"
"0Gv0b000000LipVCAS","01u0b00002Ir9z8AAB","0WO0b000000VCQXGA4","Remote Monitoring Subscription","1.0"
"0Gv0b000000LipWCAS","01u0b00002Ir9zDAAR","0WO0b000000VCQWGA4","Maintenance Contract","1.0"
"0Gv0b000000LipXCAS","01u0b00002Ir9zhAAB","0WO0b000000VCUWGA4","Product B","1.0"
"0Gv0b000000LipYCAS","01u0b00002Ir9z4AAB","0WO0b000000VCUlGAO","Onsite Labor","1.0"
"0Gv0b000000LipZCAS","01u0b00002Ir9zCAAR","0WO0b000000VCUmGAO","Intelligent Optimization Service License","1.0"
"0Gv0b000000LipaCAC","01u0b00002Ir9zCAAR","0WO0b000000VCQPGA4","Intelligent Optimization Service License","1.0"
"0Gv0b000000LipbCAC","01u0b00002Ir9zAAAR","0WO0b000000VCQYGA4","Battery, High Capacity","1.0"
"0Gv0b000000LipcCAC","01u0b00002Ir9zAAAR","0WO0b000000VCQZGA4","Battery, High Capacity","1.0"
"0Gv0b000000LipdCAC","01u0b00002Ir9z7AAB","0WO0b000000VCUnGAO","Starter Kit","1.0"
"0Gv0b000000LipeCAC","01u0b00002Ir9z8AAB","0WO0b000000VCUoGAO","Remote Monitoring Subscription","1.0"
"0Gv0b000000LipfCAC","01u0b00002Ir9z6AAB","0WO0b000000VCUpGAO","Connector Cables","1.0"
"0Gv0b000000LipgCAC","01u0b00002Ir9z2AAB","0WO0b000000VCUqGAO","Energy Meter","1.0"
"0Gv0b000000LiphCAC","01u0b00002Ir9z7AAB","0WO0b000000VCUrGAO","Starter Kit","1.0"
"0Gv0b000000LipiCAC","01u0b00002Ir9z2AAB","0WO0b000000VCUsGAO","Energy Meter","1.0"
"0Gv0b000000LipjCAC","01u0b00002Ir9z8AAB","0WO0b000000VCUtGAO","Remote Monitoring Subscription","1.0"
"0Gv0b000000LipkCAC","01u0b00002Ir9z2AAB","0WO0b000000VCQQGA4","Energy Meter","1.0"
"0Gv0b000000LiplCAC","01u0b00002Ir9z3AAB","0WO0b000000VCQRGA4","Mounting System","1.0"
"0Gv0b000000LipmCAC","01u0b00002Ir9z8AAB","0WO0b000000VCSQGA4","Remote Monitoring Subscription","1.0"
"0Gv0b000000LipnCAC","01u0b00002Ir9zAAAR","0WO0b000000VCSRGA4","Battery, High Capacity","1.0"
"0Gv0b000000LipoCAC","01u0b00002Ir9zHAAR","0WO0b000000VCSSGA4","Product A","1.0"
"0Gv0b000000LippCAC","01u0b00002Ir9zEAAR","0WO0b000000VCSTGA4","Installation Services","1.0"
"0Gv0b000000LipqCAC","01u0b00002Ir9z8AAB","0WO0b000000VCVOGA4","Remote Monitoring Subscription","1.0"
"0Gv0b000000LiprCAC","01u0b00002Ir9zFAAR","0WO0b000000VCVPGA4","Small Turbine","1.0"
"0Gv0b000000LipsCAC","01u0b00002Ir9zAAAR","0WO0b000000VCQSGA4","Battery, High Capacity","1.0"
"0Gv0b000000LiptCAC","01u0b00002Ir9z8AAB","0WO0b000000VCSUGA4","Remote Monitoring Subscription","1.0"
"0Gv0b000000LipuCAC","01u0b00002Ir9z7AAB","0WO0b000000VCSVGA4","Starter Kit","1.0"
"0Gv0b000000LipvCAC","01u0b00002Ir9z3AAB","0WO0b000000VCUiGAO","Mounting System","1.0"
"0Gv0b000000LipwCAC","01u0b00002Ir9z6AAB","0WO0b000000VCVRGA4","Connector Cables","1.0"
"0Gv0b000000LipxCAC","01u0b00002Ir9z6AAB","0WO0b000000VCZiGAO","Connector Cables","1.0"
"0Gv0b000000LipyCAC","01u0b00002Ir9z5AAB","0WO0b000000VCQTGA4","Fuses (Set of 4)","1.0"
"0Gv0b000000LipzCAC","01u0b00002Ir9zBAAR","0WO0b000000VCSWGA4","Power Inverter","1.0"
"0Gv0b000000Liq0CAC","01u0b00002Ir9z6AAB","0WO0b000000VCUjGAO","Connector Cables","1.0"
"0Gv0b000000Liq1CAC","01u0b00002Ir9z5AAB","0WO0b000000VCTYGA4","Fuses (Set of 4)","1.0"
"0Gv0b000000Liq2CAC","01u0b00002Ir9z2AAB","0WO0b000000VCTZGA4","Energy Meter","1.0"
"0Gv0b000000Liq9CAC","01u0b00002Ir9z4AAB","0WO0b000000VCVTGA4","Onsite Labor","1.0"
"0Gv0b000000LiqACAS","01u0b00002Ir9zBAAR","0WO0b000000VCVUGA4","Power Inverter","1.0"
"0Gv0b000000LiqBCAS","01u0b00002Ir9z6AAB","0WO0b000000VCVVGA4","Connector Cables","1.0"
"0Gv0b000000LiqCCAS","01u0b00002Ir9zCAAR","0WO0b000000VCVSGA4","Intelligent Optimization Service License","1.0"
"0Gv0b000000LiqDCAS","01u0b00002Ir9z3AAB","0WO0b000000VCVWGA4","Mounting System","1.0"
"0Gv0b000000LiqECAS","01u0b00002Ir9zBAAR","0WO0b000000VCZmGAO","Power Inverter","1.0"
"0Gv0b000000LiqFCAS","01u0b00002Ir9z6AAB","0WO0b000000VCZnGAO","Connector Cables","1.0"
"0Gv0b000000LiqGCAS","01u0b00002Ir9zBAAR","0WO0b000000VCTjGAO","Power Inverter","1.0"
"0Gv0b000000LiqHCAS","01u0b00002Ir9zeAAB","0WO0b000000VCTkGAO","Product C","1.0"
"0Gv0b000000LiqICAS","01u0b00002Ir9zhAAB","0WO0b000000VCTlGAO","Product B","1.0"
"0Gv0b000000LiqJCAS","01u0b00002Ir9z2AAB","0WO0b000000VCTmGAO","Energy Meter","1.0"
"0Gv0b000000LiqKCAS","01u0b00002Ir9zDAAR","0WO0b000000VCTnGAO","Maintenance Contract","1.0"
"0Gv0b000000LiqLCAS","01u0b00002Ir9z6AAB","0WO0b000000VCU8GAO","Connector Cables","1.0"
"0Gv0b000000Liq3CAC","01u0b00002Ir9zhAAB","0WO0b000000VCZjGAO","Product B","1.0"
"0Gv0b000000Liq4CAC","01u0b00002Ir9zGAAR","0WO0b000000VCZkGAO","Battery, Low Capacity","1.0"
"0Gv0b000000Liq5CAC","01u0b00002Ir9zeAAB","0WO0b000000VCUkGAO","Product C","1.0"
"0Gv0b000000Liq6CAC","01u0b00002Ir9zBAAR","0WO0b000000VCZlGAO","Power Inverter","1.0"
"0Gv0b000000LiqMCAS","01u0b00002Ir9zHAAR","0WO0b000000VCU9GAO","Product A","1.0"
"0Gv0b000000LiqNCAS","01u0b00002Ir9zEAAR","0WO0b000000VCUAGA4","Installation Services","1.0"
"0Gv0b000000LiqOCAS","01u0b00002Ir9zeAAB","0WO0b000000VCUBGA4","Product C","1.0"
"0Gv0b000000LiqPCAS","01u0b00002Ir9zBAAR","0WO0b000000VCWKGA4","Power Inverter","1.0"
"0Gv0b000000LiqQCAS","01u0b00002Ir9z6AAB","0WO0b000000VCSjGAO","Connector Cables","1.0"
"0Gv0b000000LiqRCAS","01u0b00002Ir9z3AAB","0WO0b000000VCSkGAO","Mounting System","1.0"
"0Gv0b000000LiqSCAS","01u0b00002Ir9z8AAB","0WO0b000000VCQdGAO","Remote Monitoring Subscription","1.0"
"0Gv0b000000LiqTCAS","01u0b00002Ir9zhAAB","0WO0b000000VCSlGAO","Product B","1.0"
"0Gv0b000000LiqUCAS","01u0b00002Ir9zhAAB","0WO0b000000VCSnGAO","Product B","1.0"
"0Gv0b000000LiqVCAS","01u0b00002Ir9zBAAR","0WO0b000000VCQeGAO","Power Inverter","1.0"
"0Gv0b000000Liq7CAC","01u0b00002Ir9zGAAR","0WO0b000000VCUNGA4","Battery, Low Capacity","1.0"
"0Gv0b000000Liq8CAC","01u0b00002Ir9zDAAR","0WO0b000000VCUOGA4","Maintenance Contract","1.0"
"0Gv0b000000LiqWCAS","01u0b00002Ir9z3AAB","0WO0b000000VCQfGAO","Mounting System","1.0"
"0Gv0b000000LiqXCAS","01u0b00002Ir9zGAAR","0WO0b000000VCQGGA4","Battery, Low Capacity","1.0"
"0Gv0b000000LiqYCAS","01u0b00002Ir9zGAAR","0WO0b000000VCQHGA4","Battery, Low Capacity","1.0"
"0Gv0b000000LiqZCAS","01u0b00002Ir9zBAAR","0WO0b000000VCQIGA4","Power Inverter","1.0"
"0Gv0b000000LiqaCAC","01u0b00002Ir9zBAAR","0WO0b000000VCXEGA4","Power Inverter","1.0"
"0Gv0b000000LiqbCAC","01u0b00002Ir9z8AAB","0WO0b000000VCSoGAO","Remote Monitoring Subscription","1.0"
"0Gv0b000000LiqcCAC","01u0b00002Ir9z6AAB","0WO0b000000VCQgGAO","Connector Cables","1.0"
"0Gv0b000000LiqdCAC","01u0b00002Ir9zhAAB","0WO0b000000VCQhGAO","Product B","1.0"
"0Gv0b000000LiqeCAC","01u0b00002Ir9zBAAR","0WO0b000000VCSvGAO","Power Inverter","1.0"
"0Gv0b000000LiqfCAC","01u0b00002Ir9zGAAR","0WO0b000000VCSwGAO","Battery, Low Capacity","1.0"
"0Gv0b000000LiqgCAC","01u0b00002Ir9zhAAB","0WO0b000000VCToGAO","Product B","1.0"
"0Gv0b000000LiqhCAC","01u0b00002Ir9z9AAB","0WO0b000000VCTpGAO","Large Turbine","1.0"
"0Gv0b000000LiqiCAC","01u0b00002Ir9zEAAR","0WO0b000000VCTqGAO","Installation Services","1.0"
"0Gv0b000000LiqjCAC","01u0b00002Ir9z3AAB","0WO0b000000VCTrGAO","Mounting System","1.0"
"0Gv0b000000LiqkCAC","01u0b00002Ir9z5AAB","0WO0b000000VCQtGAO","Fuses (Set of 4)","1.0"
"0Gv0b000000LiqlCAC","01u0b00002Ir9z7AAB","0WO0b000000VCQuGAO","Starter Kit","1.0"
"0Gv0b000000LiqmCAC","01u0b00002Ir9z8AAB","0WO0b000000VCQvGAO","Remote Monitoring Subscription","1.0"
"0Gv0b000000LiqnCAC","01u0b00002Ir9z5AAB","0WO0b000000VCVxGAO","Fuses (Set of 4)","1.0"
"0Gv0b000000LiqoCAC","01u0b00002Ir9z6AAB","0WO0b000000VCVwGAO","Connector Cables","1.0"
"0Gv0b000000LiqpCAC","01u0b00002Ir9zGAAR","0WO0b000000VCWLGA4","Battery, Low Capacity","1.0"
"0Gv0b000000LiqqCAC","01u0b00002Ir9zGAAR","0WO0b000000VCXFGA4","Battery, Low Capacity","1.0"
"0Gv0b000000LiqrCAC","01u0b00002Ir9zHAAR","0WO0b000000VCXGGA4","Product A","1.0"
"0Gv0b000000LiqsCAC","01u0b00002Ir9z3AAB","0WO0b000000VCXHGA4","Mounting System","1.0"
"0Gv0b000000LiqtCAC","01u0b00002Ir9zAAAR","0WO0b000000VCSxGAO","Battery, High Capacity","1.0"
"0Gv0b000000LiquCAC","01u0b00002Ir9zBAAR","0WO0b000000VCSyGAO","Power Inverter","1.0"
"0Gv0b000000LiqvCAC","01u0b00002Ir9zAAAR","0WO0b000000VCSzGAO","Battery, High Capacity","1.0"
"0Gv0b000000LiqwCAC","01u0b00002Ir9zBAAR","0WO0b000000VCTsGAO","Power Inverter","1.0"
"0Gv0b000000LiqxCAC","01u0b00002Ir9z7AAB","0WO0b000000VCTtGAO","Starter Kit","1.0"
"0Gv0b000000LiqyCAC","01u0b00002Ir9zDAAR","0WO0b000000VCQwGAO","Maintenance Contract","1.0"
"0Gv0b000000LiqzCAC","01u0b00002Ir9z6AAB","0WO0b000000VCWMGA4","Connector Cables","1.0"
"0Gv0b000000Lir0CAC","01u0b00002Ir9zDAAR","0WO0b000000VCWNGA4","Maintenance Contract","1.0"
"0Gv0b000000Lir1CAC","01u0b00002Ir9z3AAB","0WO0b000000VCWOGA4","Mounting System","1.0"
"0Gv0b000000Lir2CAC","01u0b00002Ir9z3AAB","0WO0b000000VCQJGA4","Mounting System","1.0"
"0Gv0b000000Lir3CAC","01u0b00002Ir9z3AAB","0WO0b000000VCQKGA4","Mounting System","1.0"
"0Gv0b000000Lir4CAC","01u0b00002Ir9z5AAB","0WO0b000000VCQLGA4","Fuses (Set of 4)","1.0"
"0Gv0b000000Lir5CAC","01u0b00002Ir9zhAAB","0WO0b000000VCXIGA4","Product B","1.0"
"0Gv0b000000Lir6CAC","01u0b00002Ir9zBAAR","0WO0b000000VCXJGA4","Power Inverter","1.0"
"0Gv0b000000Lir7CAC","01u0b00002Ir9zBAAR","0WO0b000000VCXKGA4","Power Inverter","1.0"
"0Gv0b000000Lir8CAC","01u0b00002Ir9zBAAR","0WO0b000000VCT0GAO","Power Inverter","1.0"
"0Gv0b000000Lir9CAC","01u0b00002Ir9z5AAB","0WO0b000000VCT1GAO","Fuses (Set of 4)","1.0"
"0Gv0b000000LirACAS","01u0b00002Ir9z9AAB","0WO0b000000VCT2GAO","Large Turbine","1.0"
"0Gv0b000000LirBCAS","01u0b00002Ir9z3AAB","0WO0b000000VCQzGAO","Mounting System","1.0"
"0Gv0b000000LirCCAS","01u0b00002Ir9z5AAB","0WO0b000000VCQxGAO","Fuses (Set of 4)","1.0"
"0Gv0b000000LirDCAS","01u0b00002Ir9zHAAR","0WO0b000000VCQyGAO","Product A","1.0"
"0Gv0b000000LirECAS","01u0b00002Ir9z6AAB","0WO0b000000VCT5GAO","Connector Cables","1.0"
"0Gv0b000000LirFCAS","01u0b00002Ir9z9AAB","0WO0b000000VCT3GAO","Large Turbine","1.0"
"0Gv0b000000LirGCAS","01u0b00002Ir9zAAAR","0WO0b000000VCT4GAO","Battery, High Capacity","1.0"
"0Gv0b000000LirICAS","01u0b00002Ir9z9AAB","0WO0b000000VCR0GAO","Large Turbine","1.0"
"0Gv0b000000LirJCAS","01u0b00002Ir9zAAAR","0WO0b000000VCR1GAO","Battery, High Capacity","1.0"
"0Gv0b000000LirKCAS","01u0b00002Ir9zhAAB","0WO0b000000VCQMGA4","Product B","1.0"
"0Gv0b000000LirLCAS","01u0b00002Ir9zFAAR","0WO0b000000VCXLGA4","Small Turbine","1.0"
"0Gv0b000000LirMCAS","01u0b00002Ir9zBAAR","0WO0b000000VCXMGA4","Power Inverter","1.0"
"0Gv0b000000LirNCAS","01u0b00002Ir9zBAAR","0WO0b000000VCSpGAO","Power Inverter","1.0"
"0Gv0b000000LirOCAS","01u0b00002Ir9z3AAB","0WO0b000000VCSqGAO","Mounting System","1.0"
"0Gv0b000000LirPCAS","01u0b00002Ir9z9AAB","0WO0b000000VCU2GAO","Large Turbine","1.0"
"0Gv0b000000LirQCAS","01u0b00002Ir9zGAAR","0WO0b000000VCU3GAO","Battery, Low Capacity","1.0"
"0Gv0b000000LirRCAS","01u0b00002Ir9z8AAB","0WO0b000000VCQNGA4","Remote Monitoring Subscription","1.0"
"0Gv0b000000LirSCAS","01u0b00002Ir9z9AAB","0WO0b000000VCQOGA4","Large Turbine","1.0"
"0Gv0b000000LirTCAS","01u0b00002Ir9z2AAB","0WO0b000000VCSrGAO","Energy Meter","1.0"
"0Gv0b000000LirUCAS","01u0b00002Ir9zCAAR","0WO0b000000VCSsGAO","Intelligent Optimization Service License","1.0"
"0Gv0b000000LirVCAS","01u0b00002Ir9z2AAB","0WO0b000000VCStGAO","Energy Meter","1.0"
"0Gv0b000000LirWCAS","01u0b00002Ir9zBAAR","0WO0b000000VCTuGAO","Power Inverter","1.0"
"0Gv0b000000LirXCAS","01u0b00002Ir9z5AAB","0WO0b000000VCTvGAO","Fuses (Set of 4)","1.0"
"0Gv0b000000LirYCAS","01u0b00002Ir9z3AAB","0WO0b000000VCVyGAO","Mounting System","1.0"
"0Gv0b000000LirZCAS","01u0b00002Ir9z7AAB","0WO0b000000VCVzGAO","Starter Kit","1.0"
"0Gv0b000000LiraCAC","01u0b00002Ir9zBAAR","0WO0b000000VCW0GAO","Power Inverter","1.0"
"0Gv0b000000LirbCAC","01u0b00002Ir9zBAAR","0WO0b000000VCW1GAO","Power Inverter","1.0"
"0Gv0b000000LircCAC","01u0b00002Ir9z3AAB","0WO0b000000VCYyGAO","Mounting System","1.0"
"0Gv0b000000LirdCAC","01u0b00002Ir9z8AAB","0WO0b000000VCTxGAO","Remote Monitoring Subscription","1.0"
"0Gv0b000000LireCAC","01u0b00002Ir9z2AAB","0WO0b000000VCW2GAO","Energy Meter","1.0"
"0Gv0b000000LirfCAC","01u0b00002Ir9z6AAB","0WO0b000000VCW3GAO","Connector Cables","1.0"
"0Gv0b000000LirgCAC","01u0b00002Ir9zEAAR","0WO0b000000VCQrGAO","Installation Services","1.0"
"0Gv0b000000LirhCAC","01u0b00002Ir9z9AAB","0WO0b000000VCTzGAO","Large Turbine","1.0"
"0Gv0b000000LirHCAS","01u0b00002Ir9z6AAB","0WO0b000000VCU1GAO","Connector Cables","1.0"
"0Gv0b000000LiriCAC","01u0b00002Ir9z9AAB","0WO0b000000VCW4GAO","Large Turbine","1.0"
"0Gv0b000000LirjCAC","01u0b00002Ir9zBAAR","0WO0b000000VCW5GAO","Power Inverter","1.0"
"0Gv0b000000LirkCAC","01u0b00002Ir9zhAAB","0WO0b000000VCW6GAO","Product B","1.0"
"0Gv0b000000LirlCAC","01u0b00002Ir9z5AAB","0WO0b000000VCYzGAO","Fuses (Set of 4)","1.0"
"0Gv0b000000LirmCAC","01u0b00002Ir9z2AAB","0WO0b000000VCZ0GAO","Energy Meter","1.0"
"0Gv0b000000LirnCAC","01u0b00002Ir9z3AAB","0WO0b000000VCU0GAO","Mounting System","1.0"
"0Gv0b000000LiroCAC","01u0b00002Ir9z4AAB","0WO0b000000VCZ1GAO","Onsite Labor","1.0"
"0Gv0b000000LirpCAC","01u0b00002Ir9zCAAR","0WO0b000000VCZ2GAO","Intelligent Optimization Service License","1.0"
"0Gv0b000000LirqCAC","01u0b00002Ir9z3AAB","0WO0b000000VCZ3GAO","Mounting System","1.0"
"0Gv0b000000LirrCAC","01u0b00002Ir9z4AAB","0WO0b000000VCZ4GAO","Onsite Labor","1.0"
"0Gv0b000000LirsCAC","01u0b00002Ir9zBAAR","0WO0b000000VCZ5GAO","Power Inverter","1.0"
"0Gv0b000000LirtCAC","01u0b00002Ir9zEAAR","0WO0b000000VCQaGAO","Installation Services","1.0"
"0Gv0b000000LiruCAC","01u0b00002Ir9zBAAR","0WO0b000000VCWPGA4","Power Inverter","1.0"
"0Gv0b000000LirvCAC","01u0b00002Ir9zGAAR","0WO0b000000VCZ6GAO","Battery, Low Capacity","1.0"
"0Gv0b000000LirwCAC","01u0b00002Ir9z3AAB","0WO0b000000VCZ7GAO","Mounting System","1.0"
"0Gv0b000000LirxCAC","01u0b00002Ir9z7AAB","0WO0b000000VCQbGAO","Starter Kit","1.0"
"0Gv0b000000LiryCAC","01u0b00002Ir9zAAAR","0WO0b000000VCQcGAO","Battery, High Capacity","1.0"
"0Gv0b000000LirzCAC","01u0b00002Ir9z2AAB","0WO0b000000VCTgGAO","Energy Meter","1.0"
"0Gv0b000000Lis0CAC","01u0b00002Ir9zBAAR","0WO0b000000VCQsGAO","Power Inverter","1.0"
"0Gv0b000000Lis1CAC","01u0b00002Ir9z2AAB","0WO0b000000VCU4GAO","Energy Meter","1.0"
"0Gv0b000000Lis2CAC","01u0b00002Ir9zGAAR","0WO0b000000VCWQGA4","Battery, Low Capacity","1.0"
"0Gv0b000000Lis3CAC","01u0b00002Ir9z3AAB","0WO0b000000VCWRGA4","Mounting System","1.0"
"0Gv0b000000Lis4CAC","01u0b00002Ir9z9AAB","0WO0b000000VCWSGA4","Large Turbine","1.0"
"0Gv0b000000Lis5CAC","01u0b00002Ir9zeAAB","0WO0b000000VCZ8GAO","Product C","1.0"
"0Gv0b000000Lis6CAC","01u0b00002Ir9zBAAR","0WO0b000000VCZ9GAO","Power Inverter","1.0"
"0Gv0b000000Lis7CAC","01u0b00002Ir9zCAAR","0WO0b000000VCZAGA4","Intelligent Optimization Service License","1.0"
"0Gv0b000000Lis8CAC","01u0b00002Ir9z8AAB","0WO0b000000VCTiGAO","Remote Monitoring Subscription","1.0"
"0Gv0b000000Lis9CAC","01u0b00002Ir9zeAAB","0WO0b000000VCThGAO","Product C","1.0"
"0Gv0b000000LisACAS","01u0b00002Ir9z5AAB","0WO0b000000VCU5GAO","Fuses (Set of 4)","1.0"
"0Gv0b000000LisBCAS","01u0b00002Ir9z3AAB","0WO0b000000VCU6GAO","Mounting System","1.0"
"0Gv0b000000LisCCAS","01u0b00002Ir9zFAAR","0WO0b000000VCU7GAO","Small Turbine","1.0"
"0Gv0b000000LisDCAS","01u0b00002Ir9zBAAR","0WO0b000000VCWTGA4","Power Inverter","1.0"
"0Gv0b000000LisECAS","01u0b00002Ir9zAAAR","0WO0b000000VCZBGA4","Battery, High Capacity","1.0"
"0Gv0b000000LisFCAS","01u0b00002Ir9zHAAR","0WO0b000000VCShGAO","Product A","1.0"
"0Gv0b000000LisGCAS","01u0b00002Ir9zBAAR","0WO0b000000VCSiGAO","Power Inverter","1.0"
"0Gv0b000000LisHCAS","01u0b00002Ir9zAAAR","0WO0b000000VCRPGA4","Battery, High Capacity","1.0"
"0Gv0b000000LisICAS","01u0b00002Ir9zGAAR","0WO0b000000VCRQGA4","Battery, Low Capacity","1.0"
"0Gv0b000000LisJCAS","01u0b00002Ir9zBAAR","0WO0b000000VCRRGA4","Power Inverter","1.0"
"0Gv0b000000LisKCAS","01u0b00002Ir9zEAAR","0WO0b000000VCRSGA4","Installation Services","1.0"
"0Gv0b000000LisLCAS","01u0b00002Ir9z3AAB","0WO0b000000VCQoGAO","Mounting System","1.0"
"0Gv0b000000LisMCAS","01u0b00002Ir9z5AAB","0WO0b000000VCQpGAO","Fuses (Set of 4)","1.0"
"0Gv0b000000LisNCAS","01u0b00002Ir9z6AAB","0WO0b000000VCRTGA4","Connector Cables","1.0"
"0Gv0b000000LisOCAS","01u0b00002Ir9zGAAR","0WO0b000000VCRUGA4","Battery, Low Capacity","1.0"
"0Gv0b000000LisPCAS","01u0b00002Ir9zCAAR","0WO0b000000VCRVGA4","Intelligent Optimization Service License","1.0"
"0Gv0b000000LisQCAS","01u0b00002Ir9z3AAB","0WO0b000000VCRWGA4","Mounting System","1.0"
"0Gv0b000000LisRCAS","01u0b00002Ir9z7AAB","0WO0b000000VCa8GAG","Starter Kit","1.0"
"0Gv0b000000LisSCAS","01u0b00002Ir9zBAAR","0WO0b000000VCWqGAO","Power Inverter","1.0"
"0Gv0b000000LisTCAS","01u0b00002Ir9zHAAR","0WO0b000000VCa9GAG","Product A","1.0"
"0Gv0b000000LisUCAS","01u0b00002Ir9zGAAR","0WO0b000000VCaAGAW","Battery, Low Capacity","1.0"
"0Gv0b000000LisVCAS","01u0b00002Ir9zHAAR","0WO0b000000VCPsGAO","Product A","1.0"
"0Gv0b000000LisWCAS","01u0b00002Ir9zDAAR","0WO0b000000VCWrGAO","Maintenance Contract","1.0"
"0Gv0b000000LisXCAS","01u0b00002Ir9zBAAR","0WO0b000000VCWsGAO","Power Inverter","1.0"
"0Gv0b000000LisYCAS","01u0b00002Ir9zBAAR","0WO0b000000VCaCGAW","Power Inverter","1.0"
"0Gv0b000000LisZCAS","01u0b00002Ir9zGAAR","0WO0b000000VCaBGAW","Battery, Low Capacity","1.0"
"0Gv0b000000LisaCAC","01u0b00002Ir9zCAAR","0WO0b000000VCPvGAO","Intelligent Optimization Service License","1.0"
"0Gv0b000000LisbCAC","01u0b00002Ir9zGAAR","0WO0b000000VCPwGAO","Battery, Low Capacity","1.0"
"0Gv0b000000LiscCAC","01u0b00002Ir9zHAAR","0WO0b000000VCaDGAW","Product A","1.0"
"0Gv0b000000LisdCAC","01u0b00002Ir9zeAAB","0WO0b000000VCaEGAW","Product C","1.0"
"0Gv0b000000LiseCAC","01u0b00002Ir9zAAAR","0WO0b000000VCPtGAO","Battery, High Capacity","1.0"
"0Gv0b000000LisfCAC","01u0b00002Ir9z2AAB","0WO0b000000VCPxGAO","Energy Meter","1.0"
"0Gv0b000000LisgCAC","01u0b00002Ir9zeAAB","0WO0b000000VCPzGAO","Product C","1.0"
"0Gv0b000000LishCAC","01u0b00002Ir9z2AAB","0WO0b000000VCQ0GAO","Energy Meter","1.0"
"0Gv0b000000LisiCAC","01u0b00002Ir9zGAAR","0WO0b000000VCWtGAO","Battery, Low Capacity","1.0"
"0Gv0b000000LisjCAC","01u0b00002Ir9zAAAR","0WO0b000000VCWuGAO","Battery, High Capacity","1.0"
"0Gv0b000000LiskCAC","01u0b00002Ir9z3AAB","0WO0b000000VCPuGAO","Mounting System","1.0"
"0Gv0b000000LislCAC","01u0b00002Ir9z8AAB","0WO0b000000VCQiGAO","Remote Monitoring Subscription","1.0"
"0Gv0b000000LismCAC","01u0b00002Ir9z7AAB","0WO0b000000VCQjGAO","Starter Kit","1.0"
"0Gv0b000000LisnCAC","01u0b00002Ir9z3AAB","0WO0b000000VCaUGAW","Mounting System","1.0"
"0Gv0b000000LisoCAC","01u0b00002Ir9z9AAB","0WO0b000000VCQ1GAO","Large Turbine","1.0"
"0Gv0b000000LispCAC","01u0b00002Ir9zAAAR","0WO0b000000VCQ2GAO","Battery, High Capacity","1.0"
"0Gv0b000000LisqCAC","01u0b00002Ir9zAAAR","0WO0b000000VCQ3GAO","Battery, High Capacity","1.0"
"0Gv0b000000LisrCAC","01u0b00002Ir9z9AAB","0WO0b000000VCQnGAO","Large Turbine","1.0"
"0Gv0b000000LissCAC","01u0b00002Ir9zHAAR","0WO0b000000VCQkGAO","Product A","1.0"
"0Gv0b000000ListCAC","01u0b00002Ir9zHAAR","0WO0b000000VCQlGAO","Product A","1.0"
"0Gv0b000000LisuCAC","01u0b00002Ir9zAAAR","0WO0b000000VCQmGAO","Battery, High Capacity","1.0"
"0Gv0b000000LisvCAC","01u0b00002Ir9z5AAB","0WO0b000000VCROGA4","Fuses (Set of 4)","1.0"
"0Gv0b000000LiswCAC","01u0b00002Ir9z6AAB","0WO0b000000VCQ4GAO","Connector Cables","1.0"
"0Gv0b000000LisxCAC","01u0b00002Ir9zAAAR","0WO0b000000VCXwGAO","Battery, High Capacity","1.0"
"0Gv0b000000LisyCAC","01u0b00002Ir9z2AAB","0WO0b000000VCZFGA4","Energy Meter","1.0"
"0Gv0b000000LiszCAC","01u0b00002Ir9z3AAB","0WO0b000000VCZEGA4","Mounting System","1.0"
"0Gv0b000000Lit0CAC","01u0b00002Ir9zGAAR","0WO0b000000VCZtGAO","Battery, Low Capacity","1.0"
"0Gv0b000000Lit1CAC","01u0b00002Ir9z5AAB","0WO0b000000VCXxGAO","Fuses (Set of 4)","1.0"
"0Gv0b000000Lit2CAC","01u0b00002Ir9zBAAR","0WO0b000000VCZGGA4","Power Inverter","1.0"
"0Gv0b000000Lit3CAC","01u0b00002Ir9z3AAB","0WO0b000000VCZsGAO","Mounting System","1.0"
"0Gv0b000000Lit4CAC","01u0b00002Ir9zDAAR","0WO0b000000VCXyGAO","Maintenance Contract","1.0"
"0Gv0b000000Lit5CAC","01u0b00002Ir9z3AAB","0WO0b000000VCZuGAO","Mounting System","1.0"
"0Gv0b000000Lit6CAC","01u0b00002Ir9zGAAR","0WO0b000000VCZvGAO","Battery, Low Capacity","1.0"
"0Gv0b000000Lij1CAC","01u0b00002Ir9zGAAR","0WO0b000000VCUFGA4","Battery, Low Capacity","1.0"
"0Gv0b000000Lij2CAC","01u0b00002Ir9z8AAB","0WO0b000000VCUDGA4","Remote Monitoring Subscription","1.0"
"0Gv0b000000Lij3CAC","01u0b00002Ir9zCAAR","0WO0b000000VCUHGA4","Intelligent Optimization Service License","1.0"
"0Gv0b000000Lij4CAC","01u0b00002Ir9zBAAR","0WO0b000000VCUIGA4","Power Inverter","1.0"
"0Gv0b000000Lij5CAC","01u0b00002Ir9zBAAR","0WO0b000000VCUGGA4","Power Inverter","1.0"
"0Gv0b000000Lij6CAC","01u0b00002Ir9zBAAR","0WO0b000000VCUEGA4","Power Inverter","1.0"
"0Gv0b000000Lij7CAC","01u0b00002Ir9zGAAR","0WO0b000000VCUJGA4","Battery, Low Capacity","1.0"
"0Gv0b000000Lij8CAC","01u0b00002Ir9zBAAR","0WO0b000000VCUCGA4","Power Inverter","1.0"
"0Gv0b000000Lij9CAC","01u0b00002Ir9z8AAB","0WO0b000000VCUKGA4","Remote Monitoring Subscription","1.0"
"0Gv0b000000LijACAS","01u0b00002Ir9z9AAB","0WO0b000000VCULGA4","Large Turbine","1.0"
"0Gv0b000000LijBCAS","01u0b00002Ir9zGAAR","0WO0b000000VCYPGA4","Battery, Low Capacity","1.0"
"0Gv0b000000LijCCAS","01u0b00002Ir9zGAAR","0WO0b000000VCYOGA4","Battery, Low Capacity","1.0"
"0Gv0b000000LijDCAS","01u0b00002Ir9zGAAR","0WO0b000000VCYNGA4","Battery, Low Capacity","1.0"
"0Gv0b000000LijECAS","01u0b00002Ir9zDAAR","0WO0b000000VCYMGA4","Maintenance Contract","1.0"
"0Gv0b000000LijFCAS","01u0b00002Ir9zGAAR","0WO0b000000VCZMGA4","Battery, Low Capacity","1.0"
"0Gv0b000000LijGCAS","01u0b00002Ir9z9AAB","0WO0b000000VCZNGA4","Large Turbine","1.0"
"0Gv0b000000LijHCAS","01u0b00002Ir9z6AAB","0WO0b000000VCZOGA4","Connector Cables","1.0"
"0Gv0b000000LijICAS","01u0b00002Ir9zAAAR","0WO0b000000VCZPGA4","Battery, High Capacity","1.0"
"0Gv0b000000Lit7CAC","01u0b00002Ir9z2AAB","0WO0b000000VCZwGAO","Energy Meter","1.0"
"0Gv0b000000Lit8CAC","01u0b00002Ir9zAAAR","0WO0b000000VCRzGAO","Battery, High Capacity","1.0"
"0Gv0b000000Lit9CAC","01u0b00002Ir9zGAAR","0WO0b000000VCQ6GAO","Battery, Low Capacity","1.0"
"0Gv0b000000LitACAS","01u0b00002Ir9zGAAR","0WO0b000000VCTQGA4","Battery, Low Capacity","1.0"
"0Gv0b000000LitBCAS","01u0b00002Ir9zGAAR","0WO0b000000VCUgGAO","Battery, Low Capacity","1.0"
"0Gv0b000000LitCCAS","01u0b00002Ir9zGAAR","0WO0b000000VCSeGAO","Battery, Low Capacity","1.0"
"0Gv0b000000LitDCAS","01u0b00002Ir9zGAAR","0WO0b000000VCVYGA4","Battery, Low Capacity","1.0"
"0Gv0b000000LitECAS","01u0b00002Ir9zGAAR","0WO0b000000VCWkGAO","Battery, Low Capacity","1.0"
"0Gv0b000000LitFCAS","01u0b00002Ir9zGAAR","0WO0b000000VCWdGAO","Battery, Low Capacity","1.0"
"0Gv0b000000LitGCAS","01u0b00002Ir9zGAAR","0WO0b000000VCWpGAO","Battery, Low Capacity","1.0"
"0Gv0b000000LitHCAS","01u0b00002Ir9zGAAR","0WO0b000000VCVZGA4","Battery, Low Capacity","1.0"
"0Gv0b000000LitICAS","01u0b00002Ir9zGAAR","0WO0b000000VCVaGAO","Battery, Low Capacity","1.0"
"0Gv0b000000LitJCAS","01u0b00002Ir9zGAAR","0WO0b000000VCViGAO","Battery, Low Capacity","1.0"
"0Gv0b000000LitKCAS","01u0b00002Ir9zGAAR","0WO0b000000VCZpGAO","Battery, Low Capacity","1.0"
"0Gv0b000000LitLCAS","01u0b00002Ir9zGAAR","0WO0b000000VCTbGAO","Battery, Low Capacity","1.0"
"0Gv0b000000LitMCAS","01u0b00002Ir9zGAAR","0WO0b000000VCUTGA4","Battery, Low Capacity","1.0"
"0Gv0b000000LitNCAS","01u0b00002Ir9zGAAR","0WO0b000000VCQ9GAO","Battery, Low Capacity","1.0"
"0Gv0b000000LitOCAS","01u0b00002Ir9zGAAR","0WO0b000000VCWHGA4","Battery, Low Capacity","1.0"
"0Gv0b000000LitPCAS","01u0b00002Ir9zGAAR","0WO0b000000VCWIGA4","Battery, Low Capacity","1.0"
"0Gv0b000000LitQCAS","01u0b00002Ir9zGAAR","0WO0b000000VCQCGA4","Battery, Low Capacity","1.0"
"0Gv0b000000LitRCAS","01u0b00002Ir9zGAAR","0WO0b000000VCQAGA4","Battery, Low Capacity","1.0"
"0Gv0b000000LitSCAS","01u0b00002Ir9zGAAR","0WO0b000000VCQBGA4","Battery, Low Capacity","1.0"
"0Gv0b000000LitTCAS","01u0b00002Ir9zGAAR","0WO0b000000VCQXGA4","Battery, Low Capacity","1.0"
"0Gv0b000000LitUCAS","01u0b00002Ir9zGAAR","0WO0b000000VCUWGA4","Battery, Low Capacity","1.0"
"0Gv0b000000LitVCAS","01u0b00002Ir9zGAAR","0WO0b000000VCQYGA4","Battery, Low Capacity","1.0"
"0Gv0b000000LitWCAS","01u0b00002Ir9zGAAR","0WO0b000000VCUoGAO","Battery, Low Capacity","1.0"
"0Gv0b000000LitXCAS","01u0b00002Ir9zGAAR","0WO0b000000VCUtGAO","Battery, Low Capacity","1.0"
"0Gv0b000000LitYCAS","01u0b00002Ir9zGAAR","0WO0b000000VCSSGA4","Battery, Low Capacity","1.0"
"0Gv0b000000LitZCAS","01u0b00002Ir9zGAAR","0WO0b000000VCQSGA4","Battery, Low Capacity","1.0"
"0Gv0b000000LitaCAC","01u0b00002Ir9zGAAR","0WO0b000000VCTYGA4","Battery, Low Capacity","1.0"
"0Gv0b000000LitbCAC","01u0b00002Ir9zGAAR","0WO0b000000VCVUGA4","Battery, Low Capacity","1.0"
"0Gv0b000000LitcCAC","01u0b00002Ir9zGAAR","0WO0b000000VCTjGAO","Battery, Low Capacity","1.0"
"0Gv0b000000LitdCAC","01u0b00002Ir9zGAAR","0WO0b000000VCU8GAO","Battery, Low Capacity","1.0"
"0Gv0b000000LiteCAC","01u0b00002Ir9zGAAR","0WO0b000000VCU9GAO","Battery, Low Capacity","1.0"
"0Gv0b000000LitfCAC","01u0b00002Ir9zGAAR","0WO0b000000VCUAGA4","Battery, Low Capacity","1.0"
"0Gv0b000000LitgCAC","01u0b00002Ir9zGAAR","0WO0b000000VCSjGAO","Battery, Low Capacity","1.0"
"0Gv0b000000LithCAC","01u0b00002Ir9zGAAR","0WO0b000000VCQdGAO","Battery, Low Capacity","1.0"
"0Gv0b000000LitiCAC","01u0b00002Ir9zGAAR","0WO0b000000VCQHGA4","Battery, Low Capacity","1.0"
"0Gv0b000000LijJCAS","01u0b00002Ir9z9AAB","0WO0b000000VCZQGA4","Large Turbine","1.0"
"0Gv0b000000LijKCAS","01u0b00002Ir9z3AAB","0WO0b000000VCZRGA4","Mounting System","1.0"
"0Gv0b000000LijLCAS","01u0b00002Ir9zGAAR","0WO0b000000VCZSGA4","Battery, Low Capacity","1.0"
"0Gv0b000000LijMCAS","01u0b00002Ir9zGAAR","0WO0b000000VCZHGA4","Battery, Low Capacity","1.0"
"0Gv0b000000LijNCAS","01u0b00002Ir9zEAAR","0WO0b000000VCZIGA4","Installation Services","1.0"
"0Gv0b000000LijOCAS","01u0b00002Ir9z6AAB","0WO0b000000VCZKGA4","Connector Cables","1.0"
"0Gv0b000000LijPCAS","01u0b00002Ir9z5AAB","0WO0b000000VCZLGA4","Fuses (Set of 4)","1.0"
"0Gv0b000000LijQCAS","01u0b00002Ir9zAAAR","0WO0b000000VCR6GAO","Battery, High Capacity","1.0"
"0Gv0b000000LijRCAS","01u0b00002Ir9zhAAB","0WO0b000000VCR7GAO","Product B","1.0"
"0Gv0b000000LijSCAS","01u0b00002Ir9z3AAB","0WO0b000000VCR8GAO","Mounting System","1.0"
"0Gv0b000000LijTCAS","01u0b00002Ir9zeAAB","0WO0b000000VCReGAO","Product C","1.0"
"0Gv0b000000LijUCAS","01u0b00002Ir9zBAAR","0WO0b000000VCRgGAO","Power Inverter","1.0"
"0Gv0b000000LijVCAS","01u0b00002Ir9zGAAR","0WO0b000000VCRhGAO","Battery, Low Capacity","1.0"
"0Gv0b000000LijWCAS","01u0b00002Ir9z3AAB","0WO0b000000VCRYGA4","Mounting System","1.0"
"0Gv0b000000LijXCAS","01u0b00002Ir9z3AAB","0WO0b000000VCRZGA4","Mounting System","1.0"
"0Gv0b000000LijYCAS","01u0b00002Ir9z2AAB","0WO0b000000VCRaGAO","Energy Meter","1.0"
"0Gv0b000000LijZCAS","01u0b00002Ir9zBAAR","0WO0b000000VCRbGAO","Power Inverter","1.0"
"0Gv0b000000LijaCAC","01u0b00002Ir9z8AAB","0WO0b000000VCSIGA4","Remote Monitoring Subscription","1.0"
"0Gv0b000000LijbCAC","01u0b00002Ir9z3AAB","0WO0b000000VCSJGA4","Mounting System","1.0"
"0Gv0b000000LijcCAC","01u0b00002Ir9z6AAB","0WO0b000000VCS9GAO","Connector Cables","1.0"
"0Gv0b000000LijdCAC","01u0b00002Ir9zAAAR","0WO0b000000VCSAGA4","Battery, High Capacity","1.0"
"0Gv0b000000LijeCAC","01u0b00002Ir9z7AAB","0WO0b000000VCSBGA4","Starter Kit","1.0"
"0Gv0b000000LijpCAC","01u0b00002Ir9zGAAR","0WO0b000000VCRJGA4","Battery, Low Capacity","1.0"
"0Gv0b000000LijqCAC","01u0b00002Ir9z6AAB","0WO0b000000VCRKGA4","Connector Cables","1.0"
"0Gv0b000000LijrCAC","01u0b00002Ir9z6AAB","0WO0b000000VCRLGA4","Connector Cables","1.0"
"0Gv0b000000LijsCAC","01u0b00002Ir9z5AAB","0WO0b000000VCSMGA4","Fuses (Set of 4)","1.0"
"0Gv0b000000LijfCAC","01u0b00002Ir9z9AAB","0WO0b000000VCRAGA4","Large Turbine","1.0"
"0Gv0b000000LijgCAC","01u0b00002Ir9zGAAR","0WO0b000000VCRcGAO","Battery, Low Capacity","1.0"
"0Gv0b000000LijhCAC","01u0b00002Ir9zBAAR","0WO0b000000VCSCGA4","Power Inverter","1.0"
"0Gv0b000000LijiCAC","01u0b00002Ir9zBAAR","0WO0b000000VCSDGA4","Power Inverter","1.0"
"0Gv0b000000LijjCAC","01u0b00002Ir9zAAAR","0WO0b000000VCSEGA4","Battery, High Capacity","1.0"
"0Gv0b000000LijkCAC","01u0b00002Ir9zGAAR","0WO0b000000VCRdGAO","Battery, Low Capacity","1.0"
"0Gv0b000000LijlCAC","01u0b00002Ir9z5AAB","0WO0b000000VCSFGA4","Fuses (Set of 4)","1.0"
"0Gv0b000000LijmCAC","01u0b00002Ir9z6AAB","0WO0b000000VCSGGA4","Connector Cables","1.0"
"0Gv0b000000LijnCAC","01u0b00002Ir9zAAAR","0WO0b000000VCSHGA4","Battery, High Capacity","1.0"
"0Gv0b000000LijoCAC","01u0b00002Ir9zeAAB","0WO0b000000VCRFGA4","Product C","1.0"
"0Gv0b000000LijtCAC","01u0b00002Ir9zAAAR","0WO0b000000VCSKGA4","Battery, High Capacity","1.0"
"0Gv0b000000LijuCAC","01u0b00002Ir9z3AAB","0WO0b000000VCSLGA4","Mounting System","1.0"
"0Gv0b000000LitjCAC","01u0b00002Ir9zGAAR","0WO0b000000VCQgGAO","Battery, Low Capacity","1.0"
"0Gv0b000000LitkCAC","01u0b00002Ir9zGAAR","0WO0b000000VCQhGAO","Battery, Low Capacity","1.0"
"0Gv0b000000LitlCAC","01u0b00002Ir9zGAAR","0WO0b000000VCSvGAO","Battery, Low Capacity","1.0"
"0Gv0b000000LitmCAC","01u0b00002Ir9zGAAR","0WO0b000000VCSwGAO","Battery, Low Capacity","1.0"
"0Gv0b000000LitnCAC","01u0b00002Ir9zGAAR","0WO0b000000VCTrGAO","Battery, Low Capacity","1.0"
"0Gv0b000000LitoCAC","01u0b00002Ir9zGAAR","0WO0b000000VCVxGAO","Battery, Low Capacity","1.0"
"0Gv0b000000LitpCAC","01u0b00002Ir9zGAAR","0WO0b000000VCVwGAO","Battery, Low Capacity","1.0"
"0Gv0b000000LitqCAC","01u0b00002Ir9zGAAR","0WO0b000000VCXGGA4","Battery, Low Capacity","1.0"
"0Gv0b000000LitrCAC","01u0b00002Ir9zGAAR","0WO0b000000VCSxGAO","Battery, Low Capacity","1.0"
"0Gv0b000000LitsCAC","01u0b00002Ir9zGAAR","0WO0b000000VCQwGAO","Battery, Low Capacity","1.0"
"0Gv0b000000LittCAC","01u0b00002Ir9zGAAR","0WO0b000000VCT1GAO","Battery, Low Capacity","1.0"
"0Gv0b000000LituCAC","01u0b00002Ir9zGAAR","0WO0b000000VCU1GAO","Battery, Low Capacity","1.0"
"0Gv0b000000LitvCAC","01u0b00002Ir9zGAAR","0WO0b000000VCStGAO","Battery, Low Capacity","1.0"
"0Gv0b000000LitwCAC","01u0b00002Ir9zGAAR","0WO0b000000VCTuGAO","Battery, Low Capacity","1.0"
"0Gv0b000000LitxCAC","01u0b00002Ir9zGAAR","0WO0b000000VCVzGAO","Battery, Low Capacity","1.0"
"0Gv0b000000LityCAC","01u0b00002Ir9zGAAR","0WO0b000000VCW3GAO","Battery, Low Capacity","1.0"
"0Gv0b000000LitzCAC","01u0b00002Ir9zGAAR","0WO0b000000VCW4GAO","Battery, Low Capacity","1.0"
"0Gv0b000000Liu0CAC","01u0b00002Ir9zGAAR","0WO0b000000VCYzGAO","Battery, Low Capacity","1.0"
"0Gv0b000000Liu1CAC","01u0b00002Ir9zGAAR","0WO0b000000VCQcGAO","Battery, Low Capacity","1.0"
"0Gv0b000000Liu2CAC","01u0b00002Ir9zGAAR","0WO0b000000VCWRGA4","Battery, Low Capacity","1.0"
"0Gv0b000000Liu3CAC","01u0b00002Ir9zGAAR","0WO0b000000VCZBGA4","Battery, Low Capacity","1.0"
"0Gv0b000000Liu4CAC","01u0b00002Ir9zGAAR","0WO0b000000VCWqGAO","Battery, Low Capacity","1.0"
"0Gv0b000000Liu5CAC","01u0b00002Ir9zGAAR","0WO0b000000VCPsGAO","Battery, Low Capacity","1.0"
"0Gv0b000000Liu6CAC","01u0b00002Ir9zGAAR","0WO0b000000VCaBGAW","Battery, Low Capacity","1.0"
"0Gv0b000000Liu7CAC","01u0b00002Ir9zGAAR","0WO0b000000VCaEGAW","Battery, Low Capacity","1.0"
"0Gv0b000000Liu8CAC","01u0b00002Ir9zGAAR","0WO0b000000VCQ0GAO","Battery, Low Capacity","1.0"
"0Gv0b000000Liu9CAC","01u0b00002Ir9zGAAR","0WO0b000000VCPuGAO","Battery, Low Capacity","1.0"
"0Gv0b000000LiuACAS","01u0b00002Ir9zGAAR","0WO0b000000VCQ2GAO","Battery, Low Capacity","1.0"
"0Gv0b000000LiuBCAS","01u0b00002Ir9zGAAR","0WO0b000000VCQlGAO","Battery, Low Capacity","1.0"
"0Gv0b000000LiuCCAS","01u0b00002Ir9zGAAR","0WO0b000000VCZFGA4","Battery, Low Capacity","1.0"
"0Gv0b000000LiuDCAS","01u0b00002Ir9zGAAR","0WO0b000000VCZEGA4","Battery, Low Capacity","1.0"
"0Gv0b000000LiuECAS","01u0b00002Ir9zGAAR","0WO0b000000VCZGGA4","Battery, Low Capacity","1.0"
"0Gv0b000000LiuFCAS","01u0b00002Ir9zGAAR","0WO0b000000VCZwGAO","Battery, Low Capacity","1.0"
"0Gv0b000000Lik3CAC","01u0b00002Ir9zFAAR","0WO0b000000VCX3GAO","Small Turbine","1.0"
"0Gv0b000000Lik4CAC","01u0b00002Ir9z4AAB","0WO0b000000VCX4GAO","Onsite Labor","1.0"
"0Gv0b000000Lik5CAC","01u0b00002Ir9zeAAB","0WO0b000000VCRBGA4","Product C","1.0"
"0Gv0b000000Lik6CAC","01u0b00002Ir9z6AAB","0WO0b000000VCRMGA4","Connector Cables","1.0"
"0Gv0b000000Lik7CAC","01u0b00002Ir9z6AAB","0WO0b000000VCSNGA4","Connector Cables","1.0"
"0Gv0b000000Lik8CAC","01u0b00002Ir9zGAAR","0WO0b000000VCXCGA4","Battery, Low Capacity","1.0"
"0Gv0b000000Lik9CAC","01u0b00002Ir9zBAAR","0WO0b000000VCRGGA4","Power Inverter","1.0"
"0Gv0b000000LijvCAC","01u0b00002Ir9z7AAB","0WO0b000000VCX9GAO","Starter Kit","1.0"
"0Gv0b000000LijwCAC","01u0b00002Ir9z4AAB","0WO0b000000VCXAGA4","Onsite Labor","1.0"
"0Gv0b000000LijxCAC","01u0b00002Ir9z5AAB","0WO0b000000VCXBGA4","Fuses (Set of 4)","1.0"
"0Gv0b000000LijyCAC","01u0b00002Ir9zAAAR","0WO0b000000VCREGA4","Battery, High Capacity","1.0"
"0Gv0b000000LikACAS","01u0b00002Ir9z8AAB","0WO0b000000VCRHGA4","Remote Monitoring Subscription","1.0"
"0Gv0b000000LikBCAS","01u0b00002Ir9zGAAR","0WO0b000000VCRIGA4","Battery, Low Capacity","1.0"
"0Gv0b000000LikCCAS","01u0b00002Ir9z8AAB","0WO0b000000VCXQGA4","Remote Monitoring Subscription","1.0"
"0Gv0b000000LikDCAS","01u0b00002Ir9z9AAB","0WO0b000000VCXNGA4","Large Turbine","1.0"
"0Gv0b000000LikECAS","01u0b00002Ir9z7AAB","0WO0b000000VCXOGA4","Starter Kit","1.0"
"0Gv0b000000LikFCAS","01u0b00002Ir9zBAAR","0WO0b000000VCXPGA4","Power Inverter","1.0"
"0Gv0b000000LikGCAS","01u0b00002Ir9zBAAR","0WO0b000000VCR3GAO","Power Inverter","1.0"
"0Gv0b000000LikHCAS","01u0b00002Ir9zGAAR","0WO0b000000VCRNGA4","Battery, Low Capacity","1.0"
"0Gv0b000000LikICAS","01u0b00002Ir9zGAAR","0WO0b000000VCX5GAO","Battery, Low Capacity","1.0"
"0Gv0b000000LikJCAS","01u0b00002Ir9zGAAR","0WO0b000000VCX6GAO","Battery, Low Capacity","1.0"
"0Gv0b000000LikKCAS","01u0b00002Ir9zGAAR","0WO0b000000VCR9GAO","Battery, Low Capacity","1.0"
"0Gv0b000000LikLCAS","01u0b00002Ir9z3AAB","0WO0b000000VCX7GAO","Mounting System","1.0"
"0Gv0b000000LikMCAS","01u0b00002Ir9zGAAR","0WO0b000000VCXDGA4","Battery, Low Capacity","1.0"
"0Gv0b000000LikNCAS","01u0b00002Ir9z6AAB","0WO0b000000VCRfGAO","Connector Cables","1.0"
"0Gv0b000000LijzCAC","01u0b00002Ir9z5AAB","0WO0b000000VCRCGA4","Fuses (Set of 4)","1.0"
"0Gv0b000000Lik0CAC","01u0b00002Ir9z6AAB","0WO0b000000VCRDGA4","Connector Cables","1.0"
"0Gv0b000000Lik1CAC","01u0b00002Ir9z7AAB","0WO0b000000VCR5GAO","Starter Kit","1.0"
"0Gv0b000000Lik2CAC","01u0b00002Ir9zBAAR","0WO0b000000VCR4GAO","Power Inverter","1.0"
"0Gv0b000000LikOCAS","01u0b00002Ir9z2AAB","0WO0b000000VCYgGAO","Energy Meter","1.0"
"0Gv0b000000LikPCAS","01u0b00002Ir9z8AAB","0WO0b000000VCYoGAO","Remote Monitoring Subscription","1.0"
"0Gv0b000000LikQCAS","01u0b00002Ir9zGAAR","0WO0b000000VCT6GAO","Battery, Low Capacity","1.0"
"0Gv0b000000LikRCAS","01u0b00002Ir9z7AAB","0WO0b000000VCZcGAO","Starter Kit","1.0"
"0Gv0b000000LikSCAS","01u0b00002Ir9zFAAR","0WO0b000000VCZdGAO","Small Turbine","1.0"
"0Gv0b000000LikTCAS","01u0b00002Ir9z6AAB","0WO0b000000VCZeGAO","Connector Cables","1.0"
"0Gv0b000000LikUCAS","01u0b00002Ir9z5AAB","0WO0b000000VCZfGAO","Fuses (Set of 4)","1.0"
"0Gv0b000000LikVCAS","01u0b00002Ir9zGAAR","0WO0b000000VCXzGAO","Battery, Low Capacity","1.0"
"0Gv0b000000LikWCAS","01u0b00002Ir9zBAAR","0WO0b000000VCY0GAO","Power Inverter","1.0"
"0Gv0b000000LikXCAS","01u0b00002Ir9z8AAB","0WO0b000000VCY1GAO","Remote Monitoring Subscription","1.0"
"0Gv0b000000LikYCAS","01u0b00002Ir9zDAAR","0WO0b000000VCY2GAO","Maintenance Contract","1.0"
"0Gv0b000000LikZCAS","01u0b00002Ir9z8AAB","0WO0b000000VCZgGAO","Remote Monitoring Subscription","1.0"
"0Gv0b000000LikaCAC","01u0b00002Ir9z5AAB","0WO0b000000VCYpGAO","Fuses (Set of 4)","1.0"
"0Gv0b000000LikbCAC","01u0b00002Ir9zFAAR","0WO0b000000VCYqGAO","Small Turbine","1.0"
"0Gv0b000000LikcCAC","01u0b00002Ir9z2AAB","0WO0b000000VCT7GAO","Energy Meter","1.0"
"0Gv0b000000LikdCAC","01u0b00002Ir9zGAAR","0WO0b000000VCRnGAO","Battery, Low Capacity","1.0"
"0Gv0b000000LikeCAC","01u0b00002Ir9zFAAR","0WO0b000000VCRoGAO","Small Turbine","1.0"
"0Gv0b000000LikfCAC","01u0b00002Ir9zCAAR","0WO0b000000VCYrGAO","Intelligent Optimization Service License","1.0"
"0Gv0b000000LikgCAC","01u0b00002Ir9zEAAR","0WO0b000000VCYsGAO","Installation Services","1.0"
"0Gv0b000000LikhCAC","01u0b00002Ir9zAAAR","0WO0b000000VCT9GAO","Battery, High Capacity","1.0"
"0Gv0b000000LikiCAC","01u0b00002Ir9z7AAB","0WO0b000000VCTDGA4","Starter Kit","1.0"
"0Gv0b000000LikjCAC","01u0b00002Ir9z6AAB","0WO0b000000VCZxGAO","Connector Cables","1.0"
"0Gv0b000000LikkCAC","01u0b00002Ir9z7AAB","0WO0b000000VCYtGAO","Starter Kit","1.0"
"0Gv0b000000Lil0CAC","01u0b00002Ir9zBAAR","0WO0b000000VCY8GAO","Power Inverter","1.0"
"0Gv0b000000Lil1CAC","01u0b00002Ir9zCAAR","0WO0b000000VCS1GAO","Intelligent Optimization Service License","1.0"
"0Gv0b000000Lil2CAC","01u0b00002Ir9z3AAB","0WO0b000000VCS2GAO","Mounting System","1.0"
"0Gv0b000000LiklCAC","01u0b00002Ir9z5AAB","0WO0b000000VCYuGAO","Fuses (Set of 4)","1.0"
"0Gv0b000000LikmCAC","01u0b00002Ir9zDAAR","0WO0b000000VCYwGAO","Maintenance Contract","1.0"
"0Gv0b000000LiknCAC","01u0b00002Ir9zAAAR","0WO0b000000VCYxGAO","Battery, High Capacity","1.0"
"0Gv0b000000LikoCAC","01u0b00002Ir9zeAAB","0WO0b000000VCTEGA4","Product C","1.0"
"0Gv0b000000LikpCAC","01u0b00002Ir9z6AAB","0WO0b000000VCTGGA4","Connector Cables","1.0"
"0Gv0b000000LikqCAC","01u0b00002Ir9zBAAR","0WO0b000000VCTHGA4","Power Inverter","1.0"
"0Gv0b000000LikrCAC","01u0b00002Ir9zBAAR","0WO0b000000VCY4GAO","Power Inverter","1.0"
"0Gv0b000000LiksCAC","01u0b00002Ir9zEAAR","0WO0b000000VCY3GAO","Installation Services","1.0"
"0Gv0b000000LiktCAC","01u0b00002Ir9zAAAR","0WO0b000000VCS0GAO","Battery, High Capacity","1.0"
"0Gv0b000000LikuCAC","01u0b00002Ir9zGAAR","0WO0b000000VCZyGAO","Battery, Low Capacity","1.0"
"0Gv0b000000LikvCAC","01u0b00002Ir9zGAAR","0WO0b000000VCZzGAO","Battery, Low Capacity","1.0"
"0Gv0b000000LikwCAC","01u0b00002Ir9zEAAR","0WO0b000000VCTIGA4","Installation Services","1.0"
"0Gv0b000000LikxCAC","01u0b00002Ir9zGAAR","0WO0b000000VCTKGA4","Battery, Low Capacity","1.0"
"0Gv0b000000LikyCAC","01u0b00002Ir9z5AAB","0WO0b000000VCY5GAO","Fuses (Set of 4)","1.0"
"0Gv0b000000LikzCAC","01u0b00002Ir9z5AAB","0WO0b000000VCY6GAO","Fuses (Set of 4)","1.0"
"0Gv0b000000Lil3CAC","01u0b00002Ir9z6AAB","0WO0b000000VCa0GAG","Connector Cables","1.0"
"0Gv0b000000Lil4CAC","01u0b00002Ir9zFAAR","0WO0b000000VCa1GAG","Small Turbine","1.0"
"0Gv0b000000Lil5CAC","01u0b00002Ir9z5AAB","0WO0b000000VCY9GAO","Fuses (Set of 4)","1.0"
"0Gv0b000000Lil6CAC","01u0b00002Ir9zeAAB","0WO0b000000VCYAGA4","Product C","1.0"
"0Gv0b000000Lil7CAC","01u0b00002Ir9z3AAB","0WO0b000000VCTAGA4","Mounting System","1.0"
"0Gv0b000000Lil8CAC","01u0b00002Ir9zFAAR","0WO0b000000VCTLGA4","Small Turbine","1.0"
