"Id","External_ID__c","CreatedDate","Status","Pricebook2Id","Priority","CaseId","AccountId","WorkTypeId"
"0WO0b000000VCZlGAO","WO.894","2018-08-31T01:38:18.000Z","New","01s0b000001NJJCAA4","Low","","0010b00002CfRBhAAN","08q0b000000LFbeAAG"
"0WO0b000000VCZmGAO","WO.902","2018-08-31T01:38:18.000Z","New","01s0b000001NJJCAA4","Low","","0010b00002CfRCZAA3","08q0b000000LFbWAAW"
"0WO0b000000VCZnGAO","WO.903","2018-08-31T01:38:18.000Z","New","01s0b000001NJJCAA4","Low","","0010b00002CfRC8AAN","08q0b000000LFbQAAW"
"0WO0b000000VCZoGAO","WO.812","2018-08-31T01:38:18.000Z","New","01s0b000001NJJCAA4","Low","","0010b00002CfRCWAA3","08q0b000000LFbVAAW"
"0WO0b000000VCbBGAW","WO.1202","2018-08-31T01:38:18.000Z","New","","Low","","0010b00002CfRC4AAN","08q0b000000LFbeAAG"
"0WO0b000000VCbCGAW","WO.065","2018-08-31T01:38:18.000Z","New","","Low","","0010b00002CfRCMAA3","08q0b000000LFbeAAG"
"0WO0b000000VCbEGAW","WO.067","2018-08-31T01:38:18.000Z","New","","Low","","0010b00002CfRCMAA3","08q0b000000LFbeAAG"
"0WO0b000000VCbFGAW","WO.064","2018-08-31T01:38:18.000Z","New","","Low","","0010b00002CfRCMAA3","08q0b000000LFbeAAG"
"0WO0b000000VCccGAG","WO.461","2018-08-31T01:38:18.000Z","Completed","","Low","","0010b00002CfRBbAAN","08q0b000000LFbeAAG"
"0WO0b000000VCceGAG","WO.118","2018-08-31T01:38:18.000Z","New","","Low","","0010b00002CfRCXAA3","08q0b000000LFbQAAW"
"0WO0b000000VCcfGAG","WO.119","2018-08-31T01:38:18.000Z","New","","Low","","0010b00002CfRCWAA3","08q0b000000LFbdAAG"
"0WO0b000000VCcgGAG","WO.120","2018-08-31T01:38:18.000Z","New","","Low","","0010b00002CfRCWAA3","08q0b000000LFbdAAG"
"0WO0b000000VCchGAG","WO.072","2018-08-31T01:38:18.000Z","New","","Low","","0010b00002CfRCKAA3","08q0b000000LFbbAAG"
"0WO0b000000VCe5GAG","WO.180","2018-08-31T01:38:18.000Z","New","","Low","","0010b00002CfRCxAAN","08q0b000000LFbhAAG"
"0WO0b000000VCe6GAG","WO.181","2018-08-31T01:38:18.000Z","New","","Low","","0010b00002CfRBbAAN","08q0b000000LFbbAAG"
"0WO0b000000VCe7GAG","WO.182","2018-08-31T01:38:18.000Z","New","","Low","","0010b00002CfRBbAAN","08q0b000000LFbZAAW"
"0WO0b000000VCfTGAW","WO.146","2018-08-31T01:38:18.000Z","New","","Low","","0010b00002CfRCzAAN","08q0b000000LFbbAAG"
"0WO0b000000VCfUGAW","WO.147","2018-08-31T01:38:18.000Z","New","","Low","","0010b00002CfRCcAAN","08q0b000000LFbYAAW"
"0WO0b000000VCfVGAW","WO.148","2018-08-31T01:38:18.000Z","New","","Low","","0010b00002CfRCzAAN","08q0b000000LFbdAAG"
"0WO0b000000VCfXGAW","WO.150","2018-08-31T01:38:18.000Z","New","","Low","","0010b00002CfRCzAAN","08q0b000000LFbiAAG"
"0WO0b000000VCgtGAG","WO.1268","2018-08-31T01:38:18.000Z","New","","Low","","0010b00002CfRCyAAN","08q0b000000LFbXAAW"
"0WO0b000000VCguGAG","WO.015","2018-08-31T01:38:18.000Z","New","","Low","","0010b00002CfRCzAAN","08q0b000000LFbQAAW"
"0WO0b000000VCgvGAG","WO.016","2018-08-31T01:38:18.000Z","New","","Low","","0010b00002CfRBbAAN","08q0b000000LFbjAAG"
"0WO0b000000VCQAGA4","WO.843","2018-08-31T01:38:18.000Z","New","01s0b000001NJJCAA4","Low","","0010b00002CfRBjAAN","08q0b000000LFbhAAG"
"0WO0b000000VCQCGA4","WO.842","2018-08-31T01:38:18.000Z","New","01s0b000001NJJCAA4","Low","","0010b00002CfRCUAA3","08q0b000000LFbdAAG"
"0WO0b000000VCQDGA4","WO.845","2018-08-31T01:38:18.000Z","New","","Low","","0010b00002CfRCzAAN","08q0b000000LFbbAAG"
"0WO0b000000VCQEGA4","WO.846","2018-08-31T01:38:18.000Z","New","01s0b000001NJJCAA4","Low","","0010b00002CfRCFAA3","08q0b000000LFbWAAW"
"0WO0b000000VCRbGAO","WO.472","2018-08-31T01:38:18.000Z","New","01s0b000001NJJCAA4","Low","","0010b00002CfRCzAAN","08q0b000000LFbYAAW"
"0WO0b000000VCRdGAO","WO.483","2018-08-31T01:38:18.000Z","New","01s0b000001NJJCAA4","Low","","0010b00002CfRC4AAN","08q0b000000LFbfAAG"
"0WO0b000000VCRfGAO","WO.523","2018-08-31T01:38:18.000Z","New","01s0b000001NJJCAA4","Low","","0010b00002CfRBhAAN","08q0b000000LFbZAAW"
"0WO0b000000VCT2GAO","WO.962","2018-08-31T01:38:18.000Z","New","01s0b000001NJJCAA4","Low","","0010b00002CfRCcAAN","08q0b000000LFbXAAW"
"0WO0b000000VCT3GAO","WO.967","2018-08-31T01:38:18.000Z","New","01s0b000001NJJCAA4","Low","","0010b00002CfRCVAA3","08q0b000000LFbQAAW"
"0WO0b000000VCT4GAO","WO.968","2018-08-31T01:38:18.000Z","New","01s0b000001NJJCAA4","Low","","0010b00002CfRCKAA3","08q0b000000LFbZAAW"
"0WO0b000000VCT1GAO","WO.961","2018-08-31T01:38:18.000Z","New","01s0b000001NJJCAA4","Low","","0010b00002CfRCIAA3","08q0b000000LFbXAAW"
"0WO0b000000VCUTGA4","WO.827","2018-08-31T01:38:18.000Z","New","01s0b000001NJJCAA4","Low","","0010b00002CfRC6AAN","08q0b000000LFbdAAG"
"0WO0b000000VCUUGA4","WO.850","2018-08-31T01:38:18.000Z","New","01s0b000001NJJCAA4","Low","","0010b00002CfRCMAA3","08q0b000000LFbQAAW"
"0WO0b000000VCVoGAO","WO.709","2018-08-31T01:38:18.000Z","New","","Low","","0010b00002CfRCWAA3","08q0b000000LFbdAAG"
"0WO0b000000VCVpGAO","WO.706","2018-08-31T01:38:18.000Z","New","01s0b000001NJJCAA4","Low","","0010b00002CfRCDAA3","08q0b000000LFbbAAG"
"0WO0b000000VCVmGAO","WO.792","2018-08-31T01:38:18.000Z","New","01s0b000001NJJCAA4","Low","","0010b00002CfRCVAA3","08q0b000000LFbYAAW"
"0WO0b000000VCVqGAO","WO.707","2018-08-31T01:38:18.000Z","New","01s0b000001NJJCAA4","Low","","0010b00002CfRCrAAN","08q0b000000LFbgAAG"
"0WO0b000000VCX6GAO","WO.518","2018-08-31T01:38:18.000Z","New","01s0b000001NJJCAA4","Low","","0010b00002CfRBbAAN","08q0b000000LFbdAAG"
"0WO0b000000VCX7GAO","WO.520","2018-08-31T01:38:18.000Z","New","01s0b000001NJJCAA4","Low","","0010b00002CfRCcAAN","08q0b000000LFbiAAG"
"0WO0b000000VCX9GAO","WO.494","2018-08-31T01:38:18.000Z","New","01s0b000001NJJCAA4","Low","","0010b00002CfRCUAA3","08q0b000000LFbgAAG"
"0WO0b000000VCXAGA4","WO.495","2018-08-31T01:38:18.000Z","New","01s0b000001NJJCAA4","Low","","0010b00002CfRC4AAN","08q0b000000LFbUAAW"
"0WO0b000000VCYSGA4","WO.643","2018-08-31T01:38:18.000Z","New","01s0b000001NJJCAA4","Low","","0010b00002CfRCzAAN","08q0b000000LFbUAAW"
"0WO0b000000VCYTGA4","WO.644","2018-08-31T01:38:18.000Z","New","01s0b000001NJJCAA4","Low","","0010b00002CfRCzAAN","08q0b000000LFbUAAW"
"0WO0b000000VCYUGA4","WO.646","2018-08-31T01:38:18.000Z","New","01s0b000001NJJCAA4","Low","","0010b00002CfRBjAAN","08q0b000000LFbYAAW"
"0WO0b000000VCZsGAO","WO.1087","2018-08-31T01:38:18.000Z","New","01s0b000001NJJCAA4","Low","","0010b00002CfRCyAAN","08q0b000000LFbQAAW"
"0WO0b000000VCZtGAO","WO.1084","2018-08-31T01:38:18.000Z","New","01s0b000001NJJCAA4","Low","","0010b00002CfRCVAA3","08q0b000000LFbWAAW"
"0WO0b000000VCZuGAO","WO.1089","2018-08-31T01:38:18.000Z","New","01s0b000001NJJCAA4","Low","","0010b00002CfRBhAAN","08q0b000000LFbgAAG"
"0WO0b000000VCZvGAO","WO.1090","2018-08-31T01:38:18.000Z","New","01s0b000001NJJCAA4","Low","","0010b00002CfRCxAAN","08q0b000000LFbQAAW"
"0WO0b000000VCbHGAW","WO.061","2018-08-31T01:38:18.000Z","New","","Low","","0010b00002CfRCMAA3","08q0b000000LFbeAAG"
"0WO0b000000VCbIGAW","WO.062","2018-08-31T01:38:18.000Z","New","","Low","","0010b00002CfRCMAA3","08q0b000000LFbeAAG"
"0WO0b000000VCbJGAW","WO.063","2018-08-31T01:38:18.000Z","New","","Low","","0010b00002CfRCMAA3","08q0b000000LFbeAAG"
"0WO0b000000VCbKGAW","WO.070","2018-08-31T01:38:18.000Z","New","","Low","","0010b00002CfRCMAA3","08q0b000000LFbeAAG"
"0WO0b000000VCclGAG","WO.076","2018-08-31T01:38:18.000Z","New","","Low","","0010b00002CfRBhAAN","08q0b000000LFbbAAG"
"0WO0b000000VCciGAG","WO.073","2018-08-31T01:38:18.000Z","New","","Low","","0010b00002CfRCKAA3","08q0b000000LFbVAAW"
"0WO0b000000VCcmGAG","WO.071","2018-08-31T01:38:18.000Z","New","","Low","","0010b00002CfRCyAAN","08q0b000000LFbcAAG"
"0WO0b000000VCeCGAW","WO.187","2018-08-31T01:38:18.000Z","New","","Low","","0010b00002CfRCIAA3","08q0b000000LFbeAAG"
"0WO0b000000VCe8GAG","WO.183","2018-08-31T01:38:18.000Z","New","","Low","","0010b00002CfRCFAA3","08q0b000000LFbZAAW"
"0WO0b000000VCe9GAG","WO.184","2018-08-31T01:38:18.000Z","New","","Low","","0010b00002CfRBbAAN","08q0b000000LFbdAAG"
"0WO0b000000VCeAGAW","WO.185","2018-08-31T01:38:18.000Z","New","","Low","","0010b00002CfRBbAAN","08q0b000000LFbWAAW"
"0WO0b000000VCfYGAW","WO.151","2018-08-31T01:38:18.000Z","New","","Low","","0010b00002CfRCzAAN","08q0b000000LFbgAAG"
"0WO0b000000VCfZGAW","WO.152","2018-08-31T01:38:18.000Z","New","","Low","","0010b00002CfRCzAAN","08q0b000000LFbUAAW"
"0WO0b000000VCfaGAG","WO.153","2018-08-31T01:38:18.000Z","New","","Low","","0010b00002CfRCzAAN","08q0b000000LFbXAAW"
"0WO0b000000VCfbGAG","WO.154","2018-08-31T01:38:18.000Z","New","","Low","","0010b00002CfRBjAAN","08q0b000000LFbdAAG"
"0WO0b000000VCfdGAG","WO.160","2018-08-31T01:38:18.000Z","New","","Low","","0010b00002CfRCDAA3","08q0b000000LFbXAAW"
"0WO0b000000VCgzGAG","WO.018","2018-08-31T01:38:18.000Z","New","","Low","","0010b00002CfRBbAAN","08q0b000000LFbVAAW"
"0WO0b000000VCh0GAG","WO.019","2018-08-31T01:38:18.000Z","New","","Low","","0010b00002CfRBbAAN","08q0b000000LFbgAAG"
"0WO0b000000VCgyGAG","WO.017","2018-08-31T01:38:18.000Z","New","","Low","","0010b00002CfRBbAAN","08q0b000000LFbiAAG"
"0WO0b000000VCh1GAG","WO.020","2018-08-31T01:38:18.000Z","New","","Low","","0010b00002CfRCDAA3","08q0b000000LFbbAAG"
"0WO0b000000VCh2GAG","WO.021","2018-08-31T01:38:18.000Z","New","","Low","","0010b00002CfRBbAAN","08q0b000000LFbaAAG"
"0WO0b000000VCh3GAG","WO.025","2018-08-31T01:38:18.000Z","New","","Low","","0010b00002CfRBbAAN","08q0b000000LFbVAAW"
"0WO0b000000VCQIGA4","WO.924","2018-08-31T01:38:18.000Z","New","01s0b000001NJJCAA4","Low","","0010b00002CfRCyAAN","08q0b000000LFbUAAW"
"0WO0b000000VCQJGA4","WO.953","2018-08-31T01:38:18.000Z","New","01s0b000001NJJCAA4","Low","","0010b00002CfRCVAA3","08q0b000000LFbgAAG"
"0WO0b000000VCQKGA4","WO.954","2018-08-31T01:38:18.000Z","New","01s0b000001NJJCAA4","Low","","0010b00002CfRBhAAN","08q0b000000LFbYAAW"
"0WO0b000000VCRhGAO","WO.467","2018-08-31T01:38:18.000Z","New","01s0b000001NJJCAA4","Low","","0010b00002CfRCzAAN","08q0b000000LFbXAAW"
"0WO0b000000VCRiGAO","WO.602","2018-08-31T01:38:18.000Z","New","01s0b000001NJJCAA4","Low","","0010b00002CfRCXAA3","08q0b000000LFbQAAW"
"0WO0b000000VCRjGAO","WO.608","2018-08-31T01:38:18.000Z","New","01s0b000001NJJCAA4","Low","","0010b00002CfRCVAA3","08q0b000000LFbiAAG"
"0WO0b000000VCRkGAO","WO.607","2018-08-31T01:38:18.000Z","New","01s0b000001NJJCAA4","Low","","0010b00002CfRCsAAN","08q0b000000LFbQAAW"
"0WO0b000000VCRlGAO","WO.615","2018-08-31T01:38:18.000Z","New","01s0b000001NJJCAA4","Low","","0010b00002CfRCxAAN","08q0b000000LFbZAAW"
"0WO0b000000VCT7GAO","WO.538","2018-08-31T01:38:18.000Z","New","01s0b000001NJJCAA4","Low","","0010b00002CfRCMAA3","08q0b000000LFbhAAG"
"0WO0b000000VCT8GAO","WO.544","2018-08-31T01:38:18.000Z","New","","Low","","0010b00002CfRCMAA3","08q0b000000LFbaAAG"
"0WO0b000000VCT9GAO","WO.543","2018-08-31T01:38:18.000Z","New","01s0b000001NJJCAA4","Low","","0010b00002CfRCMAA3","08q0b000000LFbQAAW"
"0WO0b000000VCTAGA4","WO.574","2018-08-31T01:38:18.000Z","New","01s0b000001NJJCAA4","Low","","0010b00002CfRCxAAN","08q0b000000LFbVAAW"
"0WO0b000000VCT6GAO","WO.526","2018-08-31T01:38:18.000Z","New","01s0b000001NJJCAA4","Low","","0010b00002CfRBjAAN","08q0b000000LFbaAAG"
"0WO0b000000VCTBGA4","WO.584","2018-08-31T01:38:18.000Z","New","01s0b000001NJJCAA4","Low","","0010b00002CfRBhAAN","08q0b000000LFbcAAG"
"0WO0b000000VCUZGA4","WO.798","2018-08-31T01:38:18.000Z","New","01s0b000001NJJCAA4","Low","","0010b00002CfRCXAA3","08q0b000000LFbXAAW"
"0WO0b000000VCUaGAO","WO.810","2018-08-31T01:38:18.000Z","New","01s0b000001NJJCAA4","Low","","0010b00002CfRCWAA3","08q0b000000LFbQAAW"
"0WO0b000000VCUbGAO","WO.714","2018-08-31T01:38:18.000Z","New","01s0b000001NJJCAA4","Low","","0010b00002CfRCZAA3","08q0b000000LFbdAAG"
"0WO0b000000VCUYGA4","WO.800","2018-08-31T01:38:18.000Z","New","01s0b000001NJJCAA4","Low","","0010b00002CfRCWAA3","08q0b000000LFbWAAW"
"0WO0b000000VCVrGAO","WO.708","2018-08-31T01:38:18.000Z","New","01s0b000001NJJCAA4","Low","","0010b00002CfRBhAAN","08q0b000000LFbjAAG"
"0WO0b000000VCVuGAO","WO.726","2018-08-31T01:38:18.000Z","New","01s0b000001NJJCAA4","Low","","0010b00002CfRCXAA3","08q0b000000LFbjAAG"
"0WO0b000000VCVwGAO","WO.939","2018-08-31T01:38:18.000Z","New","01s0b000001NJJCAA4","Low","","0010b00002CfRCrAAN","08q0b000000LFbYAAW"
"0WO0b000000VCXCGA4","WO.507","2018-08-31T01:38:18.000Z","New","01s0b000001NJJCAA4","Low","","0010b00002CfRBbAAN","08q0b000000LFbiAAG"
"0WO0b000000VCXDGA4","WO.522","2018-08-31T01:38:18.000Z","New","01s0b000001NJJCAA4","Low","","0010b00002CfRCrAAN","08q0b000000LFbQAAW"
"0WO0b000000VCXEGA4","WO.925","2018-08-31T01:38:18.000Z","New","01s0b000001NJJCAA4","Low","","0010b00002CfRCKAA3","08q0b000000LFbYAAW"
"0WO0b000000VCXGGA4","WO.942","2018-08-31T01:38:18.000Z","New","01s0b000001NJJCAA4","Low","","0010b00002CfRCxAAN","08q0b000000LFbcAAG"
"0WO0b000000VCYWGA4","WO.654","2018-08-31T01:38:18.000Z","New","01s0b000001NJJCAA4","Low","","0010b00002CfRCDAA3","08q0b000000LFbgAAG"
"0WO0b000000VCYaGAO","WO.609","2018-08-31T01:38:18.000Z","New","01s0b000001NJJCAA4","Low","","0010b00002CfRCWAA3","08q0b000000LFbaAAG"
"0WO0b000000VCYbGAO","WO.610","2018-08-31T01:38:18.000Z","New","01s0b000001NJJCAA4","Low","","0010b00002CfRBhAAN","08q0b000000LFbWAAW"
"0WO0b000000VCYYGA4","WO.669","2018-08-31T01:38:18.000Z","New","01s0b000001NJJCAA4","Low","","0010b00002CfRCXAA3","08q0b000000LFbdAAG"
"0WO0b000000VCZwGAO","WO.1091","2018-08-31T01:38:18.000Z","New","01s0b000001NJJCAA4","Low","","0010b00002CfRCTAA3","08q0b000000LFbWAAW"
"0WO0b000000VCZyGAO","WO.559","2018-08-31T01:38:18.000Z","New","01s0b000001NJJCAA4","Low","","0010b00002CfRCKAA3","08q0b000000LFbeAAG"
"0WO0b000000VCa0GAG","WO.570","2018-08-31T01:38:18.000Z","New","01s0b000001NJJCAA4","Low","","0010b00002CfRCXAA3","08q0b000000LFbfAAG"
"0WO0b000000VCa1GAG","WO.571","2018-08-31T01:38:18.000Z","New","01s0b000001NJJCAA4","Low","","0010b00002CfRCUAA3","08q0b000000LFbcAAG"
"0WO0b000000VCbNGAW","WO.1208","2018-08-31T01:38:18.000Z","New","","Low","","0010b00002CfRC6AAN","08q0b000000LFbeAAG"
"0WO0b000000VCbQGAW","WO.1211","2018-08-31T01:38:18.000Z","New","","Low","","0010b00002CfRCzAAN","08q0b000000LFbeAAG"
"0WO0b000000VCbRGAW","WO.1206","2018-08-31T01:38:18.000Z","New","","Low","","0010b00002CfRBjAAN","08q0b000000LFbeAAG"
"0WO0b000000VCcnGAG","WO.077","2018-08-31T01:38:18.000Z","New","","Low","","0010b00002CfRC6AAN","08q0b000000LFbZAAW"
"0WO0b000000VCcoGAG","WO.078","2018-08-31T01:38:18.000Z","New","","Low","","0010b00002CfRCsAAN","08q0b000000LFbeAAG"
"0WO0b000000VCcpGAG","WO.079","2018-08-31T01:38:18.000Z","New","","Low","","0010b00002CfRCKAA3","08q0b000000LFbjAAG"
"0WO0b000000VCcqGAG","WO.080","2018-08-31T01:38:18.000Z","New","","Low","","0010b00002CfRCXAA3","08q0b000000LFbZAAW"
"0WO0b000000VCeEGAW","WO.1094","2018-08-31T01:38:18.000Z","New","","Low","","0010b00002CfRCcAAN","08q0b000000LFbaAAG"
"0WO0b000000VCeGGAW","WO.1095","2018-08-31T01:38:18.000Z","New","","Low","","0010b00002CfRBhAAN","08q0b000000LFbXAAW"
"0WO0b000000VCeHGAW","WO.1096","2018-08-31T01:38:18.000Z","New","","Low","","0010b00002CfRCXAA3","08q0b000000LFbaAAG"
"0WO0b000000VCeIGAW","WO.1097","2018-08-31T01:38:18.000Z","New","","Low","","0010b00002CfRBhAAN","08q0b000000LFbfAAG"
"0WO0b000000VChFGAW","WO.035","2018-08-31T01:38:18.000Z","New","","Low","","0010b00002CfRBhAAN","08q0b000000LFbhAAG"
"0WO0b000000VChGGAW","WO.034","2018-08-31T01:38:18.000Z","New","","Low","","0010b00002CfRCcAAN","08q0b000000LFbbAAG"
"0WO0b000000VChHGAW","WO.037","2018-08-31T01:38:18.000Z","New","","Low","","0010b00002CfRCZAA3","08q0b000000LFbUAAW"
"0WO0b000000VChIGAW","WO.036","2018-08-31T01:38:18.000Z","New","","Low","","0010b00002CfRBhAAN","08q0b000000LFbZAAW"
"0WO0b000000VChJGAW","WO.001","2018-08-31T01:38:18.000Z","New","","Medium","","0010b00002CfRCxAAN",""
"0WO0b000000VCQLGA4","WO.955","2018-08-31T01:38:18.000Z","New","01s0b000001NJJCAA4","Low","","0010b00002CfRBhAAN","08q0b000000LFbdAAG"
"0WO0b000000VCQMGA4","WO.972","2018-08-31T01:38:18.000Z","New","01s0b000001NJJCAA4","Low","","0010b00002CfRBhAAN","08q0b000000LFbYAAW"
"0WO0b000000VCQNGA4","WO.979","2018-08-31T01:38:18.000Z","New","01s0b000001NJJCAA4","Low","","0010b00002CfRCWAA3","08q0b000000LFbYAAW"
"0WO0b000000VCQOGA4","WO.980","2018-08-31T01:38:18.000Z","New","01s0b000001NJJCAA4","Low","","0010b00002CfRCWAA3","08q0b000000LFbaAAG"
"0WO0b000000VCRmGAO","WO.616","2018-08-31T01:38:18.000Z","New","01s0b000001NJJCAA4","Low","","0010b00002CfRCDAA3","08q0b000000LFbgAAG"
"0WO0b000000VCRoGAO","WO.540","2018-08-31T01:38:18.000Z","New","01s0b000001NJJCAA4","Low","","0010b00002CfRCMAA3","08q0b000000LFbaAAG"
"0WO0b000000VCRpGAO","WO.577","2018-08-31T01:38:18.000Z","New","01s0b000001NJJCAA4","Low","","0010b00002CfRCxAAN","08q0b000000LFbWAAW"
"0WO0b000000VCRqGAO","WO.578","2018-08-31T01:38:18.000Z","New","01s0b000001NJJCAA4","Low","","0010b00002CfRBjAAN","08q0b000000LFbiAAG"
"0WO0b000000VCTEGA4","WO.552","2018-08-31T01:38:18.000Z","New","01s0b000001NJJCAA4","Low","","0010b00002CfRCKAA3","08q0b000000LFbcAAG"
"0WO0b000000VCTFGA4","WO.553","2018-08-31T01:38:18.000Z","New","","Low","","0010b00002CfRCXAA3","08q0b000000LFbdAAG"
"0WO0b000000VCTCGA4","WO.593","2018-08-31T01:38:18.000Z","New","01s0b000001NJJCAA4","Low","","0010b00002CfRCXAA3","08q0b000000LFbWAAW"
"0WO0b000000VCUcGAO","WO.715","2018-08-31T01:38:18.000Z","New","01s0b000001NJJCAA4","Low","","0010b00002CfRCxAAN","08q0b000000LFbbAAG"
"0WO0b000000VCUfGAO","WO.724","2018-08-31T01:38:18.000Z","New","01s0b000001NJJCAA4","Low","","0010b00002CfRCDAA3","08q0b000000LFbQAAW"
"0WO0b000000VCUhGAO","WO.737","2018-08-31T01:38:18.000Z","New","01s0b000001NJJCAA4","Low","","0010b00002CfRCMAA3","08q0b000000LFbeAAG"
"0WO0b000000VCVxGAO","WO.938","2018-08-31T01:38:18.000Z","New","01s0b000001NJJCAA4","Low","","0010b00002CfRCxAAN","08q0b000000LFbWAAW"
"0WO0b000000VCXHGA4","WO.943","2018-08-31T01:38:18.000Z","New","01s0b000001NJJCAA4","Low","","0010b00002CfRCxAAN","08q0b000000LFbdAAG"
"0WO0b000000VCXIGA4","WO.956","2018-08-31T01:38:18.000Z","New","01s0b000001NJJCAA4","Low","","0010b00002CfRBhAAN","08q0b000000LFbjAAG"
"0WO0b000000VCXJGA4","WO.957","2018-08-31T01:38:18.000Z","New","01s0b000001NJJCAA4","Low","","0010b00002CfRBbAAN","08q0b000000LFbZAAW"
"0WO0b000000VCXKGA4","WO.958","2018-08-31T01:38:18.000Z","New","01s0b000001NJJCAA4","Low","","0010b00002CfRBhAAN","08q0b000000LFbhAAG"
"0WO0b000000VCXLGA4","WO.973","2018-08-31T01:38:18.000Z","New","01s0b000001NJJCAA4","Low","","0010b00002CfRCIAA3","08q0b000000LFbUAAW"
"0WO0b000000VCXMGA4","WO.974","2018-08-31T01:38:18.000Z","New","01s0b000001NJJCAA4","Low","","0010b00002CfRCXAA3","08q0b000000LFbbAAG"
"0WO0b000000VCYgGAO","WO.524","2018-08-31T01:38:18.000Z","New","01s0b000001NJJCAA4","Low","","0010b00002CfRBhAAN","08q0b000000LFbVAAW"
"0WO0b000000VCa2GAG","WO.594","2018-08-31T01:38:18.000Z","New","01s0b000001NJJCAA4","Low","","0010b00002CfRCxAAN","08q0b000000LFbcAAG"
"0WO0b000000VCa3GAG","WO.603","2018-08-31T01:38:18.000Z","New","01s0b000001NJJCAA4","Low","","0010b00002CfRCWAA3","08q0b000000LFbhAAG"
"0WO0b000000VCa4GAG","WO.604","2018-08-31T01:38:18.000Z","New","01s0b000001NJJCAA4","Low","","0010b00002CfRCDAA3","08q0b000000LFbUAAW"
"0WO0b000000VCa6GAG","WO.606","2018-08-31T01:38:18.000Z","New","01s0b000001NJJCAA4","Low","","0010b00002CfRCWAA3","08q0b000000LFbeAAG"
"0WO0b000000VCcwGAG","WO.086","2018-08-31T01:38:18.000Z","New","","Low","","0010b00002CfRBbAAN","08q0b000000LFbVAAW"
"0WO0b000000VCcxGAG","WO.087","2018-08-31T01:38:18.000Z","New","","Low","","0010b00002CfRCrAAN","08q0b000000LFbeAAG"
"0WO0b000000VCeKGAW","WO.1099","2018-08-31T01:38:18.000Z","New","","Low","","0010b00002CfRBhAAN","08q0b000000LFbWAAW"
"0WO0b000000VCeLGAW","WO.1100","2018-08-31T01:38:18.000Z","New","","Low","","0010b00002CfRCxAAN","08q0b000000LFbWAAW"
"0WO0b000000VCeMGAW","WO.1101","2018-08-31T01:38:18.000Z","New","","Low","","0010b00002CfRCTAA3","08q0b000000LFbdAAG"
"0WO0b000000VCfjGAG","WO.1139","2018-08-31T01:38:18.000Z","New","","Low","","0010b00002CfRCxAAN","08q0b000000LFbZAAW"
"0WO0b000000VCfkGAG","WO.1143","2018-08-31T01:38:18.000Z","New","","Low","","0010b00002CfRCzAAN","08q0b000000LFbgAAG"
"0WO0b000000VCflGAG","WO.1144","2018-08-31T01:38:18.000Z","New","","Low","","0010b00002CfRCxAAN","08q0b000000LFbVAAW"
"0WO0b000000VCfmGAG","WO.1145","2018-08-31T01:38:18.000Z","New","","Low","","0010b00002CfRCKAA3","08q0b000000LFbUAAW"
"0WO0b000000VCfoGAG","WO.1153","2018-08-31T01:38:18.000Z","New","","Low","","0010b00002CfRBhAAN","08q0b000000LFbXAAW"
"0WO0b000000VChRGAW","WO.009","2018-08-31T01:38:18.000Z","Completed","","Low","","0010b00002CfRBhAAN",""
"0WO0b000000VChSGAW","WO.010","2018-08-31T01:38:18.000Z","Completed","","Medium","","0010b00002CfRCWAA3",""
"0WO0b000000VChTGAW","WO.011","2018-08-31T01:38:18.000Z","Completed","","Critical","","0010b00002CfRCMAA3",""
"0WO0b000000VChUGAW","WO.012","2018-08-31T01:38:18.000Z","Completed","","Medium","","0010b00002CfRCMAA3",""
"0WO0b000000VChVGAW","WO.039","2018-08-31T01:38:18.000Z","Scheduled","","Low","5000b00001KjzDtAAJ","0010b00002CfRBbAAN",""
"0WO0b000000VChQGAW","WO.008","2018-08-31T01:38:18.000Z","New","","Low","","0010b00002CfRBhAAN",""
"0WO0b000000VCQSGA4","WO.879","2018-08-31T01:38:18.000Z","New","01s0b000001NJJCAA4","Low","","0010b00002CfRBbAAN","08q0b000000LFbbAAG"
"0WO0b000000VCQTGA4","WO.886","2018-08-31T01:38:18.000Z","New","01s0b000001NJJCAA4","Low","","0010b00002CfRBbAAN","08q0b000000LFbaAAG"
"0WO0b000000VCRsGAO","WO.595","2018-08-31T01:38:18.000Z","New","01s0b000001NJJCAA4","Low","","0010b00002CfRCXAA3","08q0b000000LFbeAAG"
"0WO0b000000VCRuGAO","WO.645","2018-08-31T01:38:18.000Z","New","01s0b000001NJJCAA4","Low","","0010b00002CfRCzAAN","08q0b000000LFbUAAW"
"0WO0b000000VCRwGAO","WO.656","2018-08-31T01:38:18.000Z","New","01s0b000001NJJCAA4","Low","","0010b00002CfRCLAA3","08q0b000000LFbVAAW"
"0WO0b000000VCTIGA4","WO.561","2018-08-31T01:38:18.000Z","New","01s0b000001NJJCAA4","Low","","0010b00002CfRC6AAN","08q0b000000LFbgAAG"
"0WO0b000000VCTJGA4","WO.562","2018-08-31T01:38:18.000Z","New","","Low","","0010b00002CfRCsAAN","08q0b000000LFbYAAW"
"0WO0b000000VCTKGA4","WO.563","2018-08-31T01:38:18.000Z","New","01s0b000001NJJCAA4","Low","","0010b00002CfRCMAA3","08q0b000000LFbYAAW"
"0WO0b000000VCTLGA4","WO.575","2018-08-31T01:38:18.000Z","New","01s0b000001NJJCAA4","Low","","0010b00002CfRCxAAN","08q0b000000LFbaAAG"
"0WO0b000000VCTMGA4","WO.576","2018-08-31T01:38:18.000Z","New","01s0b000001NJJCAA4","Low","","0010b00002CfRCxAAN","08q0b000000LFbcAAG"
"0WO0b000000VCUiGAO","WO.882","2018-08-31T01:38:18.000Z","New","01s0b000001NJJCAA4","Low","","0010b00002CfRCzAAN","08q0b000000LFbaAAG"
"0WO0b000000VCUjGAO","WO.888","2018-08-31T01:38:18.000Z","New","01s0b000001NJJCAA4","Low","","0010b00002CfRCcAAN","08q0b000000LFbQAAW"
"0WO0b000000VCUkGAO","WO.893","2018-08-31T01:38:18.000Z","New","01s0b000001NJJCAA4","Low","","0010b00002CfRCLAA3","08q0b000000LFbgAAG"
"0WO0b000000VCW4GAO","WO.999","2018-08-31T01:38:18.000Z","New","01s0b000001NJJCAA4","Low","","0010b00002CfRBjAAN","08q0b000000LFbWAAW"
"0WO0b000000VCXOGA4","WO.513","2018-08-31T01:38:18.000Z","New","01s0b000001NJJCAA4","Low","","0010b00002CfRBbAAN","08q0b000000LFbaAAG"
"0WO0b000000VCXPGA4","WO.514","2018-08-31T01:38:18.000Z","New","01s0b000001NJJCAA4","Low","","0010b00002CfRBbAAN","08q0b000000LFbeAAG"
"0WO0b000000VCXQGA4","WO.511","2018-08-31T01:38:18.000Z","New","01s0b000001NJJCAA4","Low","","0010b00002CfRCMAA3","08q0b000000LFbeAAG"
"0WO0b000000VCYhGAO","WO.599","2018-08-31T01:38:18.000Z","New","01s0b000001NJJCAA4","Low","","0010b00002CfRCzAAN","08q0b000000LFbhAAG"
"0WO0b000000VCYiGAO","WO.600","2018-08-31T01:38:18.000Z","New","01s0b000001NJJCAA4","Low","","0010b00002CfRCWAA3","08q0b000000LFbZAAW"
"0WO0b000000VCYjGAO","WO.601","2018-08-31T01:38:18.000Z","New","01s0b000001NJJCAA4","Low","","0010b00002CfRCWAA3","08q0b000000LFbiAAG"
"0WO0b000000VCYlGAO","WO.623","2018-08-31T01:38:18.000Z","New","01s0b000001NJJCAA4","Low","","0010b00002CfRBbAAN","08q0b000000LFbQAAW"
"0WO0b000000VCa9GAG","WO.1047","2018-08-31T01:38:18.000Z","New","01s0b000001NJJCAA4","Low","","0010b00002CfRBbAAN","08q0b000000LFbXAAW"
"0WO0b000000VCaAGAW","WO.1048","2018-08-31T01:38:18.000Z","New","01s0b000001NJJCAA4","Low","","0010b00002CfRBbAAN","08q0b000000LFbXAAW"
"0WO0b000000VCbcGAG","WO.1222","2018-08-31T01:38:18.000Z","New","","Low","","0010b00002CfRCDAA3","08q0b000000LFbeAAG"
"0WO0b000000VCcyGAG","WO.088","2018-08-31T01:38:18.000Z","New","","Low","","0010b00002CfRCxAAN","08q0b000000LFbZAAW"
"0WO0b000000VCd1GAG","WO.091","2018-08-31T01:38:18.000Z","New","","Low","","0010b00002CfRCxAAN","08q0b000000LFbZAAW"
"0WO0b000000VCd2GAG","WO.092","2018-08-31T01:38:18.000Z","New","","Low","","0010b00002CfRCxAAN","08q0b000000LFbbAAG"
"0WO0b000000VCd3GAG","WO.093","2018-08-31T01:38:18.000Z","New","","Low","","0010b00002CfRCxAAN","08q0b000000LFbcAAG"
"0WO0b000000VCeOGAW","WO.1115","2018-08-31T01:38:18.000Z","New","","Low","","0010b00002CfRCTAA3","08q0b000000LFbXAAW"
"0WO0b000000VCePGAW","WO.1116","2018-08-31T01:38:18.000Z","New","","Low","","0010b00002CfRCMAA3","08q0b000000LFbfAAG"
"0WO0b000000VCeQGAW","WO.1117","2018-08-31T01:38:18.000Z","New","","Low","","0010b00002CfRCMAA3","08q0b000000LFbZAAW"
"0WO0b000000VCeRGAW","WO.1118","2018-08-31T01:38:18.000Z","New","","Low","","0010b00002CfRCMAA3","08q0b000000LFbQAAW"
"0WO0b000000VCeSGAW","WO.1104","2018-08-31T01:38:18.000Z","New","","Low","","0010b00002CfRCUAA3","08q0b000000LFbQAAW"
"0WO0b000000VCfpGAG","WO.1154","2018-08-31T01:38:18.000Z","New","","Low","","0010b00002CfRBhAAN","08q0b000000LFbXAAW"
"0WO0b000000VCfqGAG","WO.1161","2018-08-31T01:38:18.000Z","New","","Low","","0010b00002CfRCUAA3","08q0b000000LFbeAAG"
"0WO0b000000VCfsGAG","WO.1163","2018-08-31T01:38:18.000Z","New","","Low","","0010b00002CfRCVAA3","08q0b000000LFbaAAG"
"0WO0b000000VCftGAG","WO.1165","2018-08-31T01:38:18.000Z","New","","Low","","0010b00002CfRCXAA3","08q0b000000LFbgAAG"
"0WO0b000000VChKGAW","WO.002","2018-08-31T01:38:18.000Z","New","","Medium","","0010b00002CfRCMAA3",""
"0WO0b000000VChLGAW","WO.003","2018-08-31T01:38:18.000Z","Completed","","High","","0010b00002CfRCxAAN",""
"0WO0b000000VChMGAW","WO.004","2018-08-31T01:38:18.000Z","Completed","","Low","","0010b00002CfRBhAAN",""
"0WO0b000000VChNGAW","WO.005","2018-08-31T01:38:18.000Z","Completed","","Low","","0010b00002CfRBhAAN",""
"0WO0b000000VChOGAW","WO.006","2018-08-31T01:38:18.000Z","Completed","","Critical","","0010b00002CfRCxAAN",""
"0WO0b000000VChPGAW","WO.007","2018-08-31T01:38:18.000Z","Completed","","High","","0010b00002CfRCMAA3",""
"0WO0b000000VCQaGAO","WO.1010","2018-08-31T01:38:18.000Z","New","01s0b000001NJJCAA4","Low","","0010b00002CfRCIAA3","08q0b000000LFbeAAG"
"0WO0b000000VCQbGAO","WO.1014","2018-08-31T01:38:18.000Z","New","01s0b000001NJJCAA4","Low","","0010b00002CfRCzAAN","08q0b000000LFbbAAG"
"0WO0b000000VCRzGAO","WO.1092","2018-08-31T01:38:18.000Z","New","01s0b000001NJJCAA4","Low","","0010b00002CfRCMAA3","08q0b000000LFbVAAW"
"0WO0b000000VCTNGA4","WO.585","2018-08-31T01:38:18.000Z","New","01s0b000001NJJCAA4","Low","","0010b00002CfRBhAAN","08q0b000000LFbUAAW"
"0WO0b000000VCTOGA4","WO.586","2018-08-31T01:38:18.000Z","New","01s0b000001NJJCAA4","Low","","0010b00002CfRBhAAN","08q0b000000LFbeAAG"
"0WO0b000000VCTPGA4","WO.587","2018-08-31T01:38:18.000Z","New","01s0b000001NJJCAA4","Low","","0010b00002CfRBhAAN","08q0b000000LFbjAAG"
"0WO0b000000VCTQGA4","WO.734","2018-08-31T01:38:18.000Z","New","01s0b000001NJJCAA4","Low","","0010b00002CfRCMAA3","08q0b000000LFbUAAW"
"0WO0b000000VCTSGA4","WO.735","2018-08-31T01:38:18.000Z","New","01s0b000001NJJCAA4","Low","","0010b00002CfRCrAAN","08q0b000000LFbXAAW"
"0WO0b000000VCUrGAO","WO.867","2018-08-31T01:38:18.000Z","New","01s0b000001NJJCAA4","Low","","0010b00002CfRBbAAN","08q0b000000LFbeAAG"
"0WO0b000000VCWAGA4","WO.829","2018-08-31T01:38:18.000Z","New","01s0b000001NJJCAA4","Low","","0010b00002CfRCLAA3","08q0b000000LFbiAAG"
"0WO0b000000VCXVGA4","WO.659","2018-08-31T01:38:18.000Z","New","01s0b000001NJJCAA4","Low","","0010b00002CfRC6AAN","08q0b000000LFbZAAW"
"0WO0b000000VCXXGA4","WO.661","2018-08-31T01:38:18.000Z","New","01s0b000001NJJCAA4","Low","","0010b00002CfRCFAA3","08q0b000000LFbWAAW"
"0WO0b000000VCYoGAO","WO.525","2018-08-31T01:38:18.000Z","New","01s0b000001NJJCAA4","Low","","0010b00002CfRCVAA3","08q0b000000LFbcAAG"
"0WO0b000000VCYpGAO","WO.536","2018-08-31T01:38:18.000Z","New","01s0b000001NJJCAA4","Low","","0010b00002CfRCLAA3","08q0b000000LFbhAAG"
"0WO0b000000VCYqGAO","WO.537","2018-08-31T01:38:18.000Z","New","01s0b000001NJJCAA4","Low","","0010b00002CfRC4AAN","08q0b000000LFbeAAG"
"0WO0b000000VCYrGAO","WO.541","2018-08-31T01:38:18.000Z","New","01s0b000001NJJCAA4","Low","","0010b00002CfRCKAA3","08q0b000000LFbYAAW"
"0WO0b000000VCaEGAW","WO.1057","2018-08-31T01:38:18.000Z","New","01s0b000001NJJCAA4","Low","","0010b00002CfRCUAA3","08q0b000000LFbhAAG"
"0WO0b000000VCaFGAW","WO.638","2018-08-31T01:38:18.000Z","New","01s0b000001NJJCAA4","Low","","0010b00002CfRCyAAN","08q0b000000LFbYAAW"
"0WO0b000000VCaDGAW","WO.1056","2018-08-31T01:38:18.000Z","New","01s0b000001NJJCAA4","Low","","0010b00002CfRBbAAN","08q0b000000LFbcAAG"
"0WO0b000000VCbfGAG","WO.1225","2018-08-31T01:38:18.000Z","New","","Low","","0010b00002CfRBbAAN","08q0b000000LFbeAAG"
"0WO0b000000VCbgGAG","WO.038","2018-08-31T01:38:18.000Z","New","01s0b000001NJJCAA4","Low","","0010b00002CfRBbAAN","08q0b000000LFbQAAW"
"0WO0b000000VCbhGAG","WO.1293","2018-08-31T01:38:18.000Z","New","","Low","","0010b00002CfRBbAAN","08q0b000000LFbkAAG"
"0WO0b000000VCbiGAG","","2018-08-31T01:38:18.000Z","New","","Low","","0010b00002CfRBbAAN","08q0b000000LFbkAAG"
"0WO0b000000VCd5GAG","WO.095","2018-08-31T01:38:18.000Z","New","","Low","","0010b00002CfRCFAA3","08q0b000000LFbeAAG"
"0WO0b000000VCd6GAG","WO.096","2018-08-31T01:38:18.000Z","New","","Low","","0010b00002CfRBbAAN","08q0b000000LFbfAAG"
"0WO0b000000VCd7GAG","WO.097","2018-08-31T01:38:18.000Z","New","","Low","","0010b00002CfRCDAA3","08q0b000000LFbUAAW"
"0WO0b000000VCd8GAG","WO.098","2018-08-31T01:38:18.000Z","New","","Low","","0010b00002CfRBhAAN","08q0b000000LFbUAAW"
"0WO0b000000VCd4GAG","WO.094","2018-08-31T01:38:18.000Z","New","","Low","","0010b00002CfRCLAA3","08q0b000000LFbdAAG"
"0WO0b000000VCeUGAW","WO.1112","2018-08-31T01:38:18.000Z","New","","Low","","0010b00002CfRC4AAN","08q0b000000LFbiAAG"
"0WO0b000000VCeVGAW","WO.1120","2018-08-31T01:38:18.000Z","New","","Low","","0010b00002CfRCMAA3","08q0b000000LFbcAAG"
"0WO0b000000VCeWGAW","WO.1121","2018-08-31T01:38:18.000Z","New","","Low","","0010b00002CfRCyAAN","08q0b000000LFbiAAG"
"0WO0b000000VCeXGAW","WO.1113","2018-08-31T01:38:18.000Z","New","","Low","","0010b00002CfRCMAA3","08q0b000000LFbbAAG"
"0WO0b000000VCeYGAW","WO.1114","2018-08-31T01:38:18.000Z","New","","Low","","0010b00002CfRCMAA3","08q0b000000LFbQAAW"
"0WO0b000000VCfuGAG","WO.1166","2018-08-31T01:38:18.000Z","New","","Low","","0010b00002CfRCWAA3","08q0b000000LFbZAAW"
"0WO0b000000VCfvGAG","WO.1167","2018-08-31T01:38:18.000Z","New","","Low","","0010b00002CfRCUAA3","08q0b000000LFbWAAW"
"0WO0b000000VCfwGAG","WO.1169","2018-08-31T01:38:18.000Z","New","","Low","","0010b00002CfRCMAA3","08q0b000000LFbbAAG"
"0WO0b000000VCfxGAG","WO.1170","2018-08-31T01:38:18.000Z","New","","Low","","0010b00002CfRCWAA3","08q0b000000LFbaAAG"
"0WO0b000000VCfyGAG","WO.1134","2018-08-31T01:38:18.000Z","New","","Low","","0010b00002CfRCrAAN","08q0b000000LFbaAAG"
"0WO0b000000VCfzGAG","WO.1135","2018-08-31T01:38:18.000Z","New","","Low","","0010b00002CfRCxAAN","08q0b000000LFbcAAG"
"0WO0b000000VCh6GAG","WO.022","2018-08-31T01:38:18.000Z","New","","Low","","0010b00002CfRBbAAN","08q0b000000LFbZAAW"
"0WO0b000000VCh7GAG","WO.033","2018-08-31T01:38:18.000Z","New","","Critical","","0010b00002CfRCTAA3","08q0b000000LFbgAAG"
"0WO0b000000VCh8GAG","WO.026","2018-08-31T01:38:18.000Z","New","","Low","","0010b00002CfRBbAAN","08q0b000000LFbdAAG"
"0WO0b000000VCQcGAO","WO.1015","2018-08-31T01:38:18.000Z","New","01s0b000001NJJCAA4","Low","","0010b00002CfRCzAAN","08q0b000000LFbgAAG"
"0WO0b000000VCQdGAO","WO.916","2018-08-31T01:38:18.000Z","New","01s0b000001NJJCAA4","Low","","0010b00002CfRCMAA3","08q0b000000LFbeAAG"
"0WO0b000000VCQeGAO","WO.920","2018-08-31T01:38:18.000Z","New","01s0b000001NJJCAA4","Low","","0010b00002CfRCzAAN","08q0b000000LFbUAAW"
"0WO0b000000VCQfGAO","WO.921","2018-08-31T01:38:18.000Z","New","01s0b000001NJJCAA4","Low","","0010b00002CfRCDAA3","08q0b000000LFbWAAW"
"0WO0b000000VCQgGAO","WO.927","2018-08-31T01:38:18.000Z","New","01s0b000001NJJCAA4","Low","","0010b00002CfRC6AAN","08q0b000000LFbZAAW"
"0WO0b000000VCS4GAO","WO.582","2018-08-31T01:38:18.000Z","New","01s0b000001NJJCAA4","Low","","0010b00002CfRCFAA3","08q0b000000LFbfAAG"
"0WO0b000000VCS5GAO","WO.583","2018-08-31T01:38:18.000Z","New","01s0b000001NJJCAA4","Low","","0010b00002CfRCDAA3","08q0b000000LFbeAAG"
"0WO0b000000VCS3GAO","WO.581","2018-08-31T01:38:18.000Z","New","01s0b000001NJJCAA4","Low","","0010b00002CfRCLAA3","08q0b000000LFbVAAW"
"0WO0b000000VCS7GAO","WO.591","2018-08-31T01:38:18.000Z","New","01s0b000001NJJCAA4","Low","","0010b00002CfRCUAA3","08q0b000000LFbdAAG"
"0WO0b000000VCTTGA4","WO.744","2018-08-31T01:38:18.000Z","New","","Low","","0010b00002CfRCWAA3","08q0b000000LFbfAAG"
"0WO0b000000VCTVGA4","WO.776","2018-08-31T01:38:18.000Z","New","01s0b000001NJJCAA4","Low","","0010b00002CfRCxAAN","08q0b000000LFbhAAG"
"0WO0b000000VCTWGA4","WO.782","2018-08-31T01:38:18.000Z","New","01s0b000001NJJCAA4","Low","","0010b00002CfRBhAAN","08q0b000000LFbaAAG"
"0WO0b000000VCTXGA4","WO.783","2018-08-31T01:38:18.000Z","New","01s0b000001NJJCAA4","Low","","0010b00002CfRCyAAN","08q0b000000LFbdAAG"
"0WO0b000000VCUtGAO","WO.869","2018-08-31T01:38:18.000Z","New","01s0b000001NJJCAA4","Low","","0010b00002CfRBbAAN","08q0b000000LFbZAAW"
"0WO0b000000VCUuGAO","WO.729","2018-08-31T01:38:18.000Z","New","01s0b000001NJJCAA4","Low","","0010b00002CfRCZAA3","08q0b000000LFbaAAG"
"0WO0b000000VCUvGAO","WO.730","2018-08-31T01:38:18.000Z","New","01s0b000001NJJCAA4","Low","","0010b00002CfRC8AAN","08q0b000000LFbWAAW"
"0WO0b000000VCUxGAO","WO.739","2018-08-31T01:38:18.000Z","New","01s0b000001NJJCAA4","Low","","0010b00002CfRBjAAN","08q0b000000LFbjAAG"
"0WO0b000000VCWDGA4","WO.831","2018-08-31T01:38:18.000Z","New","01s0b000001NJJCAA4","Low","","0010b00002CfRBjAAN","08q0b000000LFbVAAW"
"0WO0b000000VCWGGA4","WO.839","2018-08-31T01:38:18.000Z","New","01s0b000001NJJCAA4","Low","","0010b00002CfRCzAAN","08q0b000000LFbgAAG"
"0WO0b000000VCWHGA4","WO.840","2018-08-31T01:38:18.000Z","New","01s0b000001NJJCAA4","Low","","0010b00002CfRCzAAN","08q0b000000LFbdAAG"
"0WO0b000000VCWIGA4","WO.841","2018-08-31T01:38:18.000Z","New","01s0b000001NJJCAA4","Low","","0010b00002CfRCzAAN","08q0b000000LFbeAAG"
"0WO0b000000VCXZGA4","WO.668","2018-08-31T01:38:18.000Z","New","01s0b000001NJJCAA4","Low","","0010b00002CfRCMAA3","08q0b000000LFbeAAG"
"0WO0b000000VCXaGAO","WO.670","2018-08-31T01:38:18.000Z","New","01s0b000001NJJCAA4","Low","","0010b00002CfRCxAAN","08q0b000000LFbgAAG"
"0WO0b000000VCYsGAO","WO.542","2018-08-31T01:38:18.000Z","New","01s0b000001NJJCAA4","Low","","0010b00002CfRCMAA3","08q0b000000LFbfAAG"
"0WO0b000000VCYuGAO","WO.548","2018-08-31T01:38:18.000Z","New","01s0b000001NJJCAA4","Low","","0010b00002CfRCMAA3","08q0b000000LFbhAAG"
"0WO0b000000VCYvGAO","WO.549","2018-08-31T01:38:18.000Z","New","","Low","","0010b00002CfRCMAA3","08q0b000000LFbiAAG"
"0WO0b000000VCYwGAO","WO.550","2018-08-31T01:38:18.000Z","New","01s0b000001NJJCAA4","Low","","0010b00002CfRCMAA3","08q0b000000LFbXAAW"
"0WO0b000000VCYxGAO","WO.551","2018-08-31T01:38:18.000Z","New","01s0b000001NJJCAA4","Low","","0010b00002CfRCyAAN","08q0b000000LFbgAAG"
"0WO0b000000VCaJGAW","WO.679","2018-08-31T01:38:18.000Z","New","01s0b000001NJJCAA4","Low","","0010b00002CfRBbAAN","08q0b000000LFbdAAG"
"0WO0b000000VCaKGAW","WO.680","2018-08-31T01:38:18.000Z","New","01s0b000001NJJCAA4","Low","","0010b00002CfRBbAAN","08q0b000000LFbYAAW"
"0WO0b000000VCaMGAW","WO.678","2018-08-31T01:38:18.000Z","New","01s0b000001NJJCAA4","Low","","0010b00002CfRBbAAN","08q0b000000LFbQAAW"
"0WO0b000000VCaNGAW","WO.686","2018-08-31T01:38:18.000Z","New","01s0b000001NJJCAA4","Low","","0010b00002CfRBbAAN","08q0b000000LFbbAAG"
"0WO0b000000VCblGAG","WO.425","2018-08-31T01:38:18.000Z","New","","Low","","0010b00002CfRCUAA3","08q0b000000LFbgAAG"
"0WO0b000000VCbmGAG","WO.426","2018-08-31T01:38:18.000Z","New","","Low","","0010b00002CfRCUAA3","08q0b000000LFbiAAG"
"0WO0b000000VCbnGAG","WO.427","2018-08-31T01:38:18.000Z","New","","Low","","0010b00002CfRCVAA3","08q0b000000LFbXAAW"
"0WO0b000000VCboGAG","WO.428","2018-08-31T01:38:18.000Z","New","","Low","","0010b00002CfRCxAAN","08q0b000000LFbUAAW"
"0WO0b000000VCd9GAG","WO.099","2018-08-31T01:38:18.000Z","New","","Low","","0010b00002CfRCXAA3","08q0b000000LFbdAAG"
"0WO0b000000VCdAGAW","WO.100","2018-08-31T01:38:18.000Z","New","","Low","","0010b00002CfRCTAA3","08q0b000000LFbaAAG"
"0WO0b000000VCdBGAW","WO.101","2018-08-31T01:38:18.000Z","New","","Low","","0010b00002CfRBhAAN","08q0b000000LFbWAAW"
"0WO0b000000VCdCGAW","WO.102","2018-08-31T01:38:18.000Z","New","","Low","","0010b00002CfRBhAAN","08q0b000000LFbZAAW"
"0WO0b000000VCdDGAW","WO.103","2018-08-31T01:38:18.000Z","New","","Low","","0010b00002CfRCUAA3","08q0b000000LFbcAAG"
"0WO0b000000VCdEGAW","WO.104","2018-08-31T01:38:18.000Z","New","","Low","","0010b00002CfRBhAAN","08q0b000000LFbYAAW"
"0WO0b000000VCeZGAW","WO.1122","2018-08-31T01:38:18.000Z","New","","Low","","0010b00002CfRCKAA3","08q0b000000LFbXAAW"
"0WO0b000000VCebGAG","WO.1123","2018-08-31T01:38:18.000Z","New","","Low","","0010b00002CfRCKAA3","08q0b000000LFbfAAG"
"0WO0b000000VCecGAG","WO.1124","2018-08-31T01:38:18.000Z","New","","Low","","0010b00002CfRC6AAN","08q0b000000LFbeAAG"
"0WO0b000000VCedGAG","WO.1125","2018-08-31T01:38:18.000Z","New","","Low","","0010b00002CfRCsAAN","08q0b000000LFbfAAG"
"0WO0b000000VCeeGAG","WO.193","2018-08-31T01:38:18.000Z","New","","Low","","0010b00002CfRCKAA3","08q0b000000LFbXAAW"
"0WO0b000000VCg1GAG","WO.1140","2018-08-31T01:38:18.000Z","New","","Low","","0010b00002CfRC4AAN","08q0b000000LFbjAAG"
"0WO0b000000VCg0GAG","WO.1141","2018-08-31T01:38:18.000Z","New","","Low","","0010b00002CfRCsAAN","08q0b000000LFbiAAG"
"0WO0b000000VCg2GAG","WO.1142","2018-08-31T01:38:18.000Z","New","","Low","","0010b00002CfRCXAA3","08q0b000000LFbaAAG"
"0WO0b000000VCg3GAG","WO.1146","2018-08-31T01:38:18.000Z","New","","Low","","0010b00002CfRCLAA3","08q0b000000LFbWAAW"
"0WO0b000000VCh9GAG","WO.027","2018-08-31T01:38:18.000Z","New","","Low","","0010b00002CfRCWAA3","08q0b000000LFbgAAG"
"0WO0b000000VChBGAW","WO.028","2018-08-31T01:38:18.000Z","New","","Low","","0010b00002CfRBbAAN","08q0b000000LFbVAAW"
"0WO0b000000VChCGAW","WO.031","2018-08-31T01:38:18.000Z","New","","Low","","0010b00002CfRBbAAN","08q0b000000LFbZAAW"
"0WO0b000000VChDGAW","WO.032","2018-08-31T01:38:18.000Z","New","","Low","","0010b00002CfRCzAAN","08q0b000000LFbaAAG"
"0WO0b000000VChEGAW","WO.030","2018-08-31T01:38:18.000Z","New","","Low","","0010b00002CfRBbAAN","08q0b000000LFbVAAW"
"0WO0b000000VCQhGAO","WO.928","2018-08-31T01:38:18.000Z","New","01s0b000001NJJCAA4","Low","","0010b00002CfRCsAAN","08q0b000000LFbZAAW"
"0WO0b000000VCQiGAO","WO.1066","2018-08-31T01:38:18.000Z","New","01s0b000001NJJCAA4","Low","","0010b00002CfRCxAAN","08q0b000000LFbUAAW"
"0WO0b000000VCQlGAO","WO.1074","2018-08-31T01:38:18.000Z","New","01s0b000001NJJCAA4","Low","","0010b00002CfRCyAAN","08q0b000000LFbQAAW"
"0WO0b000000VCQmGAO","WO.1075","2018-08-31T01:38:18.000Z","New","01s0b000001NJJCAA4","Low","","0010b00002CfRCZAA3","08q0b000000LFbZAAW"
"0WO0b000000VCS8GAO","WO.592","2018-08-31T01:38:18.000Z","New","01s0b000001NJJCAA4","Low","","0010b00002CfRCVAA3","08q0b000000LFbcAAG"
"0WO0b000000VCS9GAO","WO.475","2018-08-31T01:38:18.000Z","New","01s0b000001NJJCAA4","Low","","0010b00002CfRC4AAN","08q0b000000LFbQAAW"
"0WO0b000000VCSAGA4","WO.476","2018-08-31T01:38:18.000Z","New","01s0b000001NJJCAA4","Low","","0010b00002CfRBjAAN","08q0b000000LFbeAAG"
"0WO0b000000VCSBGA4","WO.477","2018-08-31T01:38:18.000Z","New","01s0b000001NJJCAA4","Low","","0010b00002CfRCyAAN","08q0b000000LFbcAAG"
"0WO0b000000VCTYGA4","WO.889","2018-08-31T01:38:18.000Z","New","01s0b000001NJJCAA4","Low","","0010b00002CfRCxAAN","08q0b000000LFbgAAG"
"0WO0b000000VCTZGA4","WO.890","2018-08-31T01:38:18.000Z","New","01s0b000001NJJCAA4","Low","","0010b00002CfRBhAAN","08q0b000000LFbiAAG"
"0WO0b000000VCTdGAO","WO.823","2018-08-31T01:38:18.000Z","New","","Low","","0010b00002CfRCyAAN","08q0b000000LFbYAAW"
"0WO0b000000VCUyGAO","WO.745","2018-08-31T01:38:18.000Z","New","01s0b000001NJJCAA4","Low","","0010b00002CfRCMAA3","08q0b000000LFbjAAG"
"0WO0b000000VCV0GAO","WO.747","2018-08-31T01:38:18.000Z","New","01s0b000001NJJCAA4","Low","","0010b00002CfRCUAA3","08q0b000000LFbaAAG"
"0WO0b000000VCV1GAO","WO.757","2018-08-31T01:38:18.000Z","New","01s0b000001NJJCAA4","Low","","0010b00002CfRCKAA3","08q0b000000LFbfAAG"
"0WO0b000000VCV2GAO","WO.758","2018-08-31T01:38:18.000Z","New","01s0b000001NJJCAA4","Low","","0010b00002CfRCKAA3","08q0b000000LFbhAAG"
"0WO0b000000VCV3GAO","WO.765","2018-08-31T01:38:18.000Z","New","01s0b000001NJJCAA4","Low","","0010b00002CfRCxAAN","08q0b000000LFbhAAG"
"0WO0b000000VCWJGA4","WO.848","2018-08-31T01:38:18.000Z","New","01s0b000001NJJCAA4","Low","","0010b00002CfRCrAAN","08q0b000000LFbbAAG"
"0WO0b000000VCWLGA4","WO.940","2018-08-31T01:38:18.000Z","New","01s0b000001NJJCAA4","Low","","0010b00002CfRC6AAN","08q0b000000LFbgAAG"
"0WO0b000000VCWMGA4","WO.950","2018-08-31T01:38:18.000Z","New","01s0b000001NJJCAA4","Low","","0010b00002CfRC4AAN","08q0b000000LFbbAAG"
"0WO0b000000VCWNGA4","WO.951","2018-08-31T01:38:18.000Z","New","01s0b000001NJJCAA4","Low","","0010b00002CfRCFAA3","08q0b000000LFbdAAG"
"0WO0b000000VCXeGAO","WO.683","2018-08-31T01:38:18.000Z","New","01s0b000001NJJCAA4","Low","","0010b00002CfRBbAAN","08q0b000000LFbVAAW"
"0WO0b000000VCXfGAO","WO.684","2018-08-31T01:38:18.000Z","New","01s0b000001NJJCAA4","Low","","0010b00002CfRCLAA3","08q0b000000LFbeAAG"
"0WO0b000000VCXgGAO","WO.685","2018-08-31T01:38:18.000Z","New","01s0b000001NJJCAA4","Low","","0010b00002CfRBbAAN","08q0b000000LFbcAAG"
"0WO0b000000VCXiGAO","WO.690","2018-08-31T01:38:18.000Z","New","","Low","","0010b00002CfRBbAAN","08q0b000000LFbfAAG"
"0WO0b000000VCYzGAO","WO.1002","2018-08-31T01:38:18.000Z","New","01s0b000001NJJCAA4","Low","","0010b00002CfRCDAA3","08q0b000000LFbQAAW"
"0WO0b000000VCZ0GAO","WO.1003","2018-08-31T01:38:18.000Z","New","01s0b000001NJJCAA4","Low","","0010b00002CfRCzAAN","08q0b000000LFbjAAG"
"0WO0b000000VCZ2GAO","WO.1006","2018-08-31T01:38:18.000Z","New","01s0b000001NJJCAA4","Low","","0010b00002CfRCrAAN","08q0b000000LFbQAAW"
"0WO0b000000VCaOGAW","WO.693","2018-08-31T01:38:18.000Z","New","01s0b000001NJJCAA4","Low","","0010b00002CfRCzAAN","08q0b000000LFbiAAG"
"0WO0b000000VCaPGAW","WO.692","2018-08-31T01:38:18.000Z","New","01s0b000001NJJCAA4","Low","","0010b00002CfRCXAA3","08q0b000000LFbVAAW"
"0WO0b000000VCaQGAW","WO.696","2018-08-31T01:38:18.000Z","New","01s0b000001NJJCAA4","Low","","0010b00002CfRCrAAN","08q0b000000LFbZAAW"
"0WO0b000000VCaRGAW","WO.697","2018-08-31T01:38:18.000Z","New","01s0b000001NJJCAA4","Low","","0010b00002CfRCFAA3","08q0b000000LFbdAAG"
"0WO0b000000VCaSGAW","WO.698","2018-08-31T01:38:18.000Z","New","01s0b000001NJJCAA4","Low","","0010b00002CfRBbAAN","08q0b000000LFbjAAG"
"0WO0b000000VCbpGAG","WO.429","2018-08-31T01:38:18.000Z","New","","Low","","0010b00002CfRCXAA3","08q0b000000LFbYAAW"
"0WO0b000000VCbqGAG","WO.431","2018-08-31T01:38:18.000Z","New","","Low","","0010b00002CfRCyAAN","08q0b000000LFbgAAG"
"0WO0b000000VCbrGAG","WO.432","2018-08-31T01:38:18.000Z","New","","Low","","0010b00002CfRCTAA3","08q0b000000LFbdAAG"
"0WO0b000000VCbtGAG","WO.434","2018-08-31T01:38:18.000Z","New","","Low","","0010b00002CfRCXAA3","08q0b000000LFbXAAW"
"0WO0b000000VCdFGAW","WO.105","2018-08-31T01:38:18.000Z","New","","Low","","0010b00002CfRCIAA3","08q0b000000LFbQAAW"
"0WO0b000000VCdHGAW","WO.107","2018-08-31T01:38:18.000Z","New","","Low","","0010b00002CfRCTAA3","08q0b000000LFbUAAW"
"0WO0b000000VCdIGAW","WO.108","2018-08-31T01:38:18.000Z","New","","Low","","0010b00002CfRCUAA3","08q0b000000LFbQAAW"
"0WO0b000000VCdJGAW","WO.109","2018-08-31T01:38:18.000Z","New","","Low","","0010b00002CfRCTAA3","08q0b000000LFbYAAW"
"0WO0b000000VCefGAG","WO.191","2018-08-31T01:38:18.000Z","New","","Low","","0010b00002CfRBbAAN","08q0b000000LFbZAAW"
"0WO0b000000VCegGAG","WO.192","2018-08-31T01:38:18.000Z","New","","Low","","0010b00002CfRCDAA3","08q0b000000LFbgAAG"
"0WO0b000000VCg5GAG","WO.1148","2018-08-31T01:38:18.000Z","New","","Low","","0010b00002CfRCFAA3","08q0b000000LFbUAAW"
"0WO0b000000VCg6GAG","WO.1149","2018-08-31T01:38:18.000Z","New","","Low","","0010b00002CfRCDAA3","08q0b000000LFbgAAG"
"0WO0b000000VCg7GAG","WO.1150","2018-08-31T01:38:18.000Z","New","","Low","","0010b00002CfRCKAA3","08q0b000000LFbgAAG"
"0WO0b000000VCg8GAG","WO.1151","2018-08-31T01:38:18.000Z","New","","Low","","0010b00002CfRBjAAN","08q0b000000LFbeAAG"
"0WO0b000000VCg9GAG","WO.1155","2018-08-31T01:38:18.000Z","New","","Low","","0010b00002CfRBbAAN","08q0b000000LFbcAAG"
"0WO0b000000VCgAGAW","WO.1156","2018-08-31T01:38:18.000Z","New","","Low","","0010b00002CfRBhAAN","08q0b000000LFbVAAW"
"0WO0b000000VCQoGAO","WO.1038","2018-08-31T01:38:18.000Z","New","01s0b000001NJJCAA4","Low","","0010b00002CfRCTAA3","08q0b000000LFbYAAW"
"0WO0b000000VCSIGA4","WO.473","2018-08-31T01:38:18.000Z","New","01s0b000001NJJCAA4","Low","","0010b00002CfRCIAA3","08q0b000000LFbYAAW"
"0WO0b000000VCTeGAO","WO.836","2018-08-31T01:38:18.000Z","New","01s0b000001NJJCAA4","Low","","0010b00002CfRCKAA3","08q0b000000LFbiAAG"
"0WO0b000000VCTfGAO","WO.837","2018-08-31T01:38:18.000Z","New","","Low","","0010b00002CfRCzAAN","08q0b000000LFbcAAG"
"0WO0b000000VCTgGAO","WO.1016","2018-08-31T01:38:18.000Z","New","01s0b000001NJJCAA4","Low","","0010b00002CfRCzAAN","08q0b000000LFbfAAG"
"0WO0b000000VCV6GAO","WO.809","2018-08-31T01:38:18.000Z","New","01s0b000001NJJCAA4","Low","","0010b00002CfRCWAA3","08q0b000000LFbgAAG"
"0WO0b000000VCV7GAO","WO.756","2018-08-31T01:38:18.000Z","New","01s0b000001NJJCAA4","Low","","0010b00002CfRCyAAN","08q0b000000LFbgAAG"
"0WO0b000000VCV4GAO","WO.766","2018-08-31T01:38:18.000Z","New","01s0b000001NJJCAA4","Low","","0010b00002CfRCIAA3","08q0b000000LFbdAAG"
"0WO0b000000VCV8GAO","WO.774","2018-08-31T01:38:18.000Z","New","01s0b000001NJJCAA4","Low","","0010b00002CfRCxAAN","08q0b000000LFbgAAG"
"0WO0b000000VCWOGA4","WO.952","2018-08-31T01:38:18.000Z","New","01s0b000001NJJCAA4","Low","","0010b00002CfRCDAA3","08q0b000000LFbeAAG"
"0WO0b000000VCWPGA4","WO.1011","2018-08-31T01:38:18.000Z","New","01s0b000001NJJCAA4","Low","","0010b00002CfRCzAAN","08q0b000000LFbdAAG"
"0WO0b000000VCWTGA4","WO.1030","2018-08-31T01:38:18.000Z","New","01s0b000001NJJCAA4","Low","","0010b00002CfRCDAA3","08q0b000000LFbUAAW"
"0WO0b000000VCXjGAO","WO.691","2018-08-31T01:38:18.000Z","New","01s0b000001NJJCAA4","Low","","0010b00002CfRBbAAN","08q0b000000LFbaAAG"
"0WO0b000000VCXkGAO","WO.695","2018-08-31T01:38:18.000Z","New","01s0b000001NJJCAA4","Low","","0010b00002CfRCyAAN","08q0b000000LFbgAAG"
"0WO0b000000VCXlGAO","WO.699","2018-08-31T01:38:18.000Z","New","01s0b000001NJJCAA4","Low","","0010b00002CfRCKAA3","08q0b000000LFbeAAG"
"0WO0b000000VCXnGAO","WO.701","2018-08-31T01:38:18.000Z","New","01s0b000001NJJCAA4","Low","","0010b00002CfRCcAAN","08q0b000000LFbWAAW"
"0WO0b000000VCZ4GAO","WO.1008","2018-08-31T01:38:18.000Z","New","01s0b000001NJJCAA4","Low","","0010b00002CfRCKAA3","08q0b000000LFbeAAG"
"0WO0b000000VCZ3GAO","WO.1007","2018-08-31T01:38:18.000Z","New","01s0b000001NJJCAA4","Low","","0010b00002CfRCzAAN","08q0b000000LFbjAAG"
"0WO0b000000VCZ6GAO","WO.1012","2018-08-31T01:38:18.000Z","New","01s0b000001NJJCAA4","Low","","0010b00002CfRCzAAN","08q0b000000LFbWAAW"
"0WO0b000000VCZ7GAO","WO.1013","2018-08-31T01:38:18.000Z","New","01s0b000001NJJCAA4","Low","","0010b00002CfRCFAA3","08q0b000000LFbYAAW"
"0WO0b000000VCZ8GAO","WO.1022","2018-08-31T01:38:18.000Z","New","01s0b000001NJJCAA4","Low","","0010b00002CfRC4AAN","08q0b000000LFbQAAW"
"0WO0b000000VCaVGAW","WO.1269","2018-08-31T01:38:18.000Z","New","01s0b000001NJJCAA4","Low","","0010b00002CfRBbAAN","08q0b000000LFbQAAW"
"0WO0b000000VCaWGAW","WO.1227","2018-08-31T01:38:18.000Z","New","","Low","","0010b00002CfRBbAAN","08q0b000000LFbSAAW"
"0WO0b000000VCaXGAW","WO.1228","2018-08-31T01:38:18.000Z","New","","Low","","0010b00002CfRBbAAN","08q0b000000LFbSAAW"
"0WO0b000000VCaYGAW","WO.1226","2018-08-31T01:38:18.000Z","New","","Low","","0010b00002CfRCsAAN","08q0b000000LFbSAAW"
"0WO0b000000VCbvGAG","WO.436","2018-08-31T01:38:18.000Z","New","","Low","","0010b00002CfRCWAA3","08q0b000000LFbUAAW"
"0WO0b000000VCbwGAG","WO.437","2018-08-31T01:38:18.000Z","New","","Low","","0010b00002CfRCWAA3","08q0b000000LFbjAAG"
"0WO0b000000VCbyGAG","WO.439","2018-08-31T01:38:18.000Z","New","","Low","","0010b00002CfRCcAAN","08q0b000000LFbhAAG"
"0WO0b000000VCbuGAG","WO.435","2018-08-31T01:38:18.000Z","New","","Low","","0010b00002CfRCWAA3","08q0b000000LFbhAAG"
"0WO0b000000VCbzGAG","WO.440","2018-08-31T01:38:18.000Z","New","","Low","","0010b00002CfRCWAA3","08q0b000000LFbiAAG"
"0WO0b000000VCdKGAW","WO.110","2018-08-31T01:38:18.000Z","New","","Low","","0010b00002CfRCXAA3","08q0b000000LFbfAAG"
"0WO0b000000VCdLGAW","WO.111","2018-08-31T01:38:18.000Z","New","","Low","","0010b00002CfRCWAA3","08q0b000000LFbdAAG"
"0WO0b000000VCdMGAW","WO.112","2018-08-31T01:38:18.000Z","New","","Low","","0010b00002CfRCUAA3","08q0b000000LFbiAAG"
"0WO0b000000VCdNGAW","WO.113","2018-08-31T01:38:18.000Z","New","","Low","","0010b00002CfRCVAA3","08q0b000000LFbeAAG"
"0WO0b000000VCdPGAW","WO.115","2018-08-31T01:38:18.000Z","New","","Low","","0010b00002CfRCsAAN","08q0b000000LFbaAAG"
"0WO0b000000VCekGAG","WO.1107","2018-08-31T01:38:18.000Z","New","","Low","","0010b00002CfRCZAA3","08q0b000000LFbjAAG"
"0WO0b000000VCelGAG","WO.1111","2018-08-31T01:38:18.000Z","New","","Low","","0010b00002CfRC8AAN","08q0b000000LFbbAAG"
"0WO0b000000VCemGAG","WO.1119","2018-08-31T01:38:18.000Z","New","","Low","","0010b00002CfRCMAA3","08q0b000000LFbQAAW"
"0WO0b000000VCenGAG","WO.194","2018-08-31T01:38:18.000Z","New","","Low","","0010b00002CfRCUAA3","08q0b000000LFbXAAW"
"0WO0b000000VCepGAG","WO.196","2018-08-31T01:38:18.000Z","New","","Low","","0010b00002CfRBbAAN","08q0b000000LFbcAAG"
"0WO0b000000VCgBGAW","WO.1157","2018-08-31T01:38:18.000Z","New","","Low","","0010b00002CfRBhAAN","08q0b000000LFbiAAG"
"0WO0b000000VCgCGAW","WO.1158","2018-08-31T01:38:18.000Z","New","","Low","","0010b00002CfRCIAA3","08q0b000000LFbQAAW"
"0WO0b000000VCgDGAW","WO.1159","2018-08-31T01:38:18.000Z","New","","Low","","0010b00002CfRCTAA3","08q0b000000LFbhAAG"
"0WO0b000000VCgFGAW","WO.1164","2018-08-31T01:38:18.000Z","New","","Low","","0010b00002CfRCXAA3","08q0b000000LFbaAAG"
"0WO0b000000VCQsGAO","WO.1017","2018-08-31T01:38:18.000Z","New","01s0b000001NJJCAA4","Low","","0010b00002CfRBjAAN","08q0b000000LFbfAAG"
"0WO0b000000VCQuGAO","WO.936","2018-08-31T01:38:18.000Z","New","01s0b000001NJJCAA4","Low","","0010b00002CfRBbAAN","08q0b000000LFbdAAG"
"0WO0b000000VCQvGAO","WO.937","2018-08-31T01:38:18.000Z","New","01s0b000001NJJCAA4","Low","","0010b00002CfRCxAAN","08q0b000000LFbgAAG"
"0WO0b000000VCQxGAO","WO.964","2018-08-31T01:38:18.000Z","New","01s0b000001NJJCAA4","Low","","0010b00002CfRCTAA3","08q0b000000LFbhAAG"
"0WO0b000000VCSJGA4","WO.474","2018-08-31T01:38:18.000Z","New","01s0b000001NJJCAA4","Low","","0010b00002CfRCDAA3","08q0b000000LFbcAAG"
"0WO0b000000VCSMGA4","WO.491","2018-08-31T01:38:18.000Z","New","01s0b000001NJJCAA4","Low","","0010b00002CfRCFAA3","08q0b000000LFbUAAW"
"0WO0b000000VCSNGA4","WO.506","2018-08-31T01:38:18.000Z","New","01s0b000001NJJCAA4","Low","","0010b00002CfRBbAAN","08q0b000000LFbhAAG"
"0WO0b000000VCTlGAO","WO.906","2018-08-31T01:38:18.000Z","New","01s0b000001NJJCAA4","Low","","0010b00002CfRC4AAN","08q0b000000LFbQAAW"
"0WO0b000000VCTmGAO","WO.907","2018-08-31T01:38:18.000Z","New","01s0b000001NJJCAA4","Low","","0010b00002CfRC4AAN","08q0b000000LFbjAAG"
"0WO0b000000VCTnGAO","WO.908","2018-08-31T01:38:18.000Z","New","01s0b000001NJJCAA4","Low","","0010b00002CfRCMAA3","08q0b000000LFbbAAG"
"0WO0b000000VCV9GAO","WO.775","2018-08-31T01:38:18.000Z","New","01s0b000001NJJCAA4","Low","","0010b00002CfRCxAAN","08q0b000000LFbVAAW"
"0WO0b000000VCVAGA4","WO.778","2018-08-31T01:38:18.000Z","New","01s0b000001NJJCAA4","Low","","0010b00002CfRCFAA3","08q0b000000LFbhAAG"
"0WO0b000000VCVBGA4","WO.779","2018-08-31T01:38:18.000Z","New","01s0b000001NJJCAA4","Low","","0010b00002CfRCDAA3","08q0b000000LFbaAAG"
"0WO0b000000VCVCGA4","WO.780","2018-08-31T01:38:18.000Z","New","01s0b000001NJJCAA4","Low","","0010b00002CfRBhAAN","08q0b000000LFbVAAW"
"0WO0b000000VCVDGA4","WO.781","2018-08-31T01:38:18.000Z","New","01s0b000001NJJCAA4","Low","","0010b00002CfRCXAA3","08q0b000000LFbXAAW"
"0WO0b000000VCVEGA4","WO.802","2018-08-31T01:38:18.000Z","New","01s0b000001NJJCAA4","Low","","0010b00002CfRCWAA3","08q0b000000LFbUAAW"
"0WO0b000000VCWUGA4","WO.731","2018-08-31T01:38:18.000Z","New","01s0b000001NJJCAA4","Low","","0010b00002CfRC4AAN","08q0b000000LFbdAAG"
"0WO0b000000VCWVGA4","WO.732","2018-08-31T01:38:18.000Z","New","01s0b000001NJJCAA4","Low","","0010b00002CfRCMAA3","08q0b000000LFbdAAG"
"0WO0b000000VCWXGA4","WO.741","2018-08-31T01:38:18.000Z","New","01s0b000001NJJCAA4","Low","","0010b00002CfRCMAA3","08q0b000000LFbUAAW"
"0WO0b000000VCWYGA4","WO.742","2018-08-31T01:38:18.000Z","New","01s0b000001NJJCAA4","Low","","0010b00002CfRCFAA3","08q0b000000LFbQAAW"
"0WO0b000000VCXoGAO","WO.702","2018-08-31T01:38:18.000Z","New","01s0b000001NJJCAA4","Low","","0010b00002CfRCcAAN","08q0b000000LFbcAAG"
"0WO0b000000VCXpGAO","WO.703","2018-08-31T01:38:18.000Z","New","01s0b000001NJJCAA4","Low","","0010b00002CfRBhAAN","08q0b000000LFbiAAG"
"0WO0b000000VCXqGAO","WO.641","2018-08-31T01:38:18.000Z","New","01s0b000001NJJCAA4","Low","","0010b00002CfRCzAAN","08q0b000000LFbUAAW"
"0WO0b000000VCXrGAO","WO.665","2018-08-31T01:38:18.000Z","New","01s0b000001NJJCAA4","Low","","0010b00002CfRCzAAN","08q0b000000LFbiAAG"
"0WO0b000000VCXsGAO","WO.666","2018-08-31T01:38:18.000Z","New","01s0b000001NJJCAA4","Low","","0010b00002CfRC6AAN","08q0b000000LFbZAAW"
"0WO0b000000VCZCGA4","WO.1079","2018-08-31T01:38:18.000Z","New","","Low","","0010b00002CfRCrAAN","08q0b000000LFbWAAW"
"0WO0b000000VCZDGA4","WO.1082","2018-08-31T01:38:18.000Z","New","","Low","","0010b00002CfRCMAA3","08q0b000000LFbaAAG"
"0WO0b000000VCaZGAW","WO.1229","2018-08-31T01:38:18.000Z","New","","Low","","0010b00002CfRBbAAN","08q0b000000LFbSAAW"
"0WO0b000000VCaaGAG","WO.1230","2018-08-31T01:38:18.000Z","New","","Low","","0010b00002CfRBbAAN","08q0b000000LFbSAAW"
"0WO0b000000VCabGAG","WO.1231","2018-08-31T01:38:18.000Z","New","","Low","","0010b00002CfRBbAAN","08q0b000000LFbSAAW"
"0WO0b000000VCacGAG","WO.1232","2018-08-31T01:38:18.000Z","New","","Low","","0010b00002CfRCIAA3","08q0b000000LFbSAAW"
"0WO0b000000VCc0GAG","WO.441","2018-08-31T01:38:18.000Z","New","","Low","","0010b00002CfRCWAA3","08q0b000000LFbjAAG"
"0WO0b000000VCc4GAG","WO.445","2018-08-31T01:38:18.000Z","New","","Low","","0010b00002CfRCWAA3","08q0b000000LFbjAAG"
"0WO0b000000VCdQGAW","WO.116","2018-08-31T01:38:18.000Z","New","","Low","","0010b00002CfRCXAA3","08q0b000000LFbjAAG"
"0WO0b000000VCdSGAW","WO.046","2018-08-31T01:38:18.000Z","New","","Low","","0010b00002CfRCZAA3","08q0b000000LFbgAAG"
"0WO0b000000VCeqGAG","WO.1108","2018-08-31T01:38:18.000Z","New","","Low","","0010b00002CfRCKAA3","08q0b000000LFbXAAW"
"0WO0b000000VCesGAG","WO.1110","2018-08-31T01:38:18.000Z","New","","Low","","0010b00002CfRCzAAN","08q0b000000LFbQAAW"
"0WO0b000000VCetGAG","WO.197","2018-08-31T01:38:18.000Z","New","","Low","","0010b00002CfRBbAAN","08q0b000000LFbUAAW"
"0WO0b000000VCeuGAG","WO.198","2018-08-31T01:38:18.000Z","New","","Low","","0010b00002CfRCZAA3","08q0b000000LFbVAAW"
"0WO0b000000VCgGGAW","WO.1168","2018-08-31T01:38:18.000Z","New","","Low","","0010b00002CfRCIAA3","08q0b000000LFbUAAW"
"0WO0b000000VCgHGAW","WO.1171","2018-08-31T01:38:18.000Z","New","","Low","","0010b00002CfRCWAA3","08q0b000000LFbiAAG"
"0WO0b000000VCgIGAW","WO.1172","2018-08-31T01:38:18.000Z","New","","Low","","0010b00002CfRCWAA3","08q0b000000LFbaAAG"
"0WO0b000000VCgKGAW","WO.1174","2018-08-31T01:38:18.000Z","New","","Low","","0010b00002CfRC4AAN","08q0b000000LFbcAAG"
"0WO0b000000VCgLGAW","WO.1175","2018-08-31T01:38:18.000Z","New","","Low","","0010b00002CfRCWAA3","08q0b000000LFbcAAG"
"0WO0b000000VCQyGAO","WO.965","2018-08-31T01:38:18.000Z","New","01s0b000001NJJCAA4","Low","","0010b00002CfRCUAA3","08q0b000000LFbbAAG"
"0WO0b000000VCQzGAO","WO.963","2018-08-31T01:38:18.000Z","New","01s0b000001NJJCAA4","Low","","0010b00002CfRCKAA3","08q0b000000LFbjAAG"
"0WO0b000000VCR0GAO","WO.970","2018-08-31T01:38:18.000Z","New","01s0b000001NJJCAA4","Low","","0010b00002CfRCsAAN","08q0b000000LFbUAAW"
"0WO0b000000VCR1GAO","WO.971","2018-08-31T01:38:18.000Z","New","01s0b000001NJJCAA4","Low","","0010b00002CfRCXAA3","08q0b000000LFbiAAG"
"0WO0b000000VCR2GAO","WO.468","2018-08-31T01:38:18.000Z","New","","Low","","0010b00002CfRCzAAN","08q0b000000LFbdAAG"
"0WO0b000000VCSRGA4","WO.873","2018-08-31T01:38:18.000Z","New","01s0b000001NJJCAA4","Low","","0010b00002CfRCFAA3","08q0b000000LFbZAAW"
"0WO0b000000VCSSGA4","WO.874","2018-08-31T01:38:18.000Z","New","01s0b000001NJJCAA4","Low","","0010b00002CfRBbAAN","08q0b000000LFbUAAW"
"0WO0b000000VCSTGA4","WO.875","2018-08-31T01:38:18.000Z","New","01s0b000001NJJCAA4","Low","","0010b00002CfRBbAAN","08q0b000000LFbWAAW"
"0WO0b000000VCTqGAO","WO.933","2018-08-31T01:38:18.000Z","New","01s0b000001NJJCAA4","Low","","0010b00002CfRBhAAN","08q0b000000LFbeAAG"
"0WO0b000000VCTrGAO","WO.934","2018-08-31T01:38:18.000Z","New","01s0b000001NJJCAA4","Low","","0010b00002CfRCVAA3","08q0b000000LFbWAAW"
"0WO0b000000VCTtGAO","WO.948","2018-08-31T01:38:18.000Z","New","01s0b000001NJJCAA4","Low","","0010b00002CfRCLAA3","08q0b000000LFbUAAW"
"0WO0b000000VCVFGA4","WO.803","2018-08-31T01:38:18.000Z","New","01s0b000001NJJCAA4","Low","","0010b00002CfRCVAA3","08q0b000000LFbZAAW"
"0WO0b000000VCVGGA4","WO.808","2018-08-31T01:38:18.000Z","New","01s0b000001NJJCAA4","Low","","0010b00002CfRCWAA3","08q0b000000LFbjAAG"
"0WO0b000000VCVJGA4","WO.753","2018-08-31T01:38:18.000Z","New","01s0b000001NJJCAA4","Low","","0010b00002CfRCMAA3","08q0b000000LFbaAAG"
"0WO0b000000VCWZGA4","WO.748","2018-08-31T01:38:18.000Z","New","","Low","","0010b00002CfRCMAA3","08q0b000000LFbjAAG"
"0WO0b000000VCWaGAO","WO.749","2018-08-31T01:38:18.000Z","New","01s0b000001NJJCAA4","Low","","0010b00002CfRCVAA3","08q0b000000LFbcAAG"
"0WO0b000000VCWbGAO","WO.750","2018-08-31T01:38:18.000Z","New","","Low","","0010b00002CfRCIAA3","08q0b000000LFbYAAW"
"0WO0b000000VCWcGAO","WO.767","2018-08-31T01:38:18.000Z","New","01s0b000001NJJCAA4","Low","","0010b00002CfRC4AAN","08q0b000000LFbXAAW"
"0WO0b000000VCWeGAO","WO.777","2018-08-31T01:38:18.000Z","New","01s0b000001NJJCAA4","Low","","0010b00002CfRCLAA3","08q0b000000LFbYAAW"
"0WO0b000000VCXuGAO","WO.675","2018-08-31T01:38:18.000Z","New","01s0b000001NJJCAA4","Low","","0010b00002CfRCWAA3","08q0b000000LFbYAAW"
"0WO0b000000VCXwGAO","WO.1080","2018-08-31T01:38:18.000Z","New","01s0b000001NJJCAA4","Low","","0010b00002CfRCMAA3","08q0b000000LFbcAAG"
"0WO0b000000VCXyGAO","WO.1088","2018-08-31T01:38:18.000Z","New","01s0b000001NJJCAA4","Low","","0010b00002CfRCMAA3","08q0b000000LFbYAAW"
"0WO0b000000VCZEGA4","WO.1083","2018-08-31T01:38:18.000Z","New","01s0b000001NJJCAA4","Low","","0010b00002CfRCcAAN","08q0b000000LFbgAAG"
"0WO0b000000VCZFGA4","WO.1081","2018-08-31T01:38:18.000Z","New","01s0b000001NJJCAA4","Low","","0010b00002CfRCMAA3","08q0b000000LFbYAAW"
"0WO0b000000VCZGGA4","WO.1086","2018-08-31T01:38:18.000Z","New","01s0b000001NJJCAA4","Low","","0010b00002CfRCMAA3","08q0b000000LFbdAAG"
"0WO0b000000VCZHGA4","WO.452","2018-08-31T01:38:18.000Z","New","01s0b000001NJJCAA4","Low","","0010b00002CfRCTAA3","08q0b000000LFbeAAG"
"0WO0b000000VCZIGA4","WO.457","2018-08-31T01:38:18.000Z","New","01s0b000001NJJCAA4","Low","","0010b00002CfRCMAA3","08q0b000000LFbaAAG"
"0WO0b000000VCaeGAG","WO.1234","2018-08-31T01:38:18.000Z","New","","Low","","0010b00002CfRBbAAN","08q0b000000LFbSAAW"
"0WO0b000000VCafGAG","WO.1235","2018-08-31T01:38:18.000Z","New","","Low","","0010b00002CfRBbAAN","08q0b000000LFbSAAW"
"0WO0b000000VCaiGAG","WO.1178","2018-08-31T01:38:18.000Z","New","","Critical","","0010b00002CfRCWAA3","08q0b000000LFbeAAG"
"0WO0b000000VCajGAG","WO.1179","2018-08-31T01:38:18.000Z","New","","Critical","","0010b00002CfRCWAA3","08q0b000000LFbeAAG"
"0WO0b000000VCc9GAG","WO.1288","2018-08-31T01:38:18.000Z","New","","Low","","0010b00002CfRCUAA3","08q0b000000LFbgAAG"
"0WO0b000000VCcAGAW","WO.1289","2018-08-31T01:38:18.000Z","New","","Low","","0010b00002CfRBbAAN","08q0b000000LFbbAAG"
"0WO0b000000VCdVGAW","WO.053","2018-08-31T01:38:18.000Z","New","","Low","","0010b00002CfRCzAAN","08q0b000000LFbdAAG"
"0WO0b000000VCdXGAW","WO.055","2018-08-31T01:38:18.000Z","New","","Low","","0010b00002CfRCsAAN","08q0b000000LFbUAAW"
"0WO0b000000VCdZGAW","WO.052","2018-08-31T01:38:18.000Z","New","","Low","","0010b00002CfRCWAA3","08q0b000000LFbYAAW"
"0WO0b000000VCevGAG","WO.199","2018-08-31T01:38:18.000Z","New","","Low","","0010b00002CfRBbAAN","08q0b000000LFbaAAG"
"0WO0b000000VCewGAG","WO.200","2018-08-31T01:38:18.000Z","New","","Low","","0010b00002CfRBbAAN","08q0b000000LFbaAAG"
"0WO0b000000VCexGAG","WO.1093","2018-08-31T01:38:18.000Z","New","","Low","","0010b00002CfRCXAA3","08q0b000000LFbfAAG"
"0WO0b000000VCezGAG","WO.1132","2018-08-31T01:38:18.000Z","New","","Low","","0010b00002CfRCKAA3","08q0b000000LFbQAAW"
"0WO0b000000VCf0GAG","WO.1130","2018-08-31T01:38:18.000Z","New","","Low","","0010b00002CfRBbAAN","08q0b000000LFbZAAW"
"0WO0b000000VCgNGAW","WO.1137","2018-08-31T01:38:18.000Z","New","","Low","","0010b00002CfRCXAA3","08q0b000000LFbXAAW"
"0WO0b000000VCgMGAW","WO.1136","2018-08-31T01:38:18.000Z","New","","Low","","0010b00002CfRCUAA3","08q0b000000LFbZAAW"
"0WO0b000000VCgOGAW","WO.1138","2018-08-31T01:38:18.000Z","New","","Low","","0010b00002CfRCxAAN","08q0b000000LFbeAAG"
"0WO0b000000VCgPGAW","WO.1239","2018-08-31T01:38:18.000Z","New","","Low","","0010b00002CfRCWAA3","08q0b000000LFbcAAG"
"0WO0b000000VCgQGAW","WO.1240","2018-08-31T01:38:18.000Z","New","","Low","","0010b00002CfRC4AAN","08q0b000000LFbfAAG"
"0WO0b000000VCR4GAO","WO.501","2018-08-31T01:38:18.000Z","New","01s0b000001NJJCAA4","Low","","0010b00002CfRCxAAN","08q0b000000LFbjAAG"
"0WO0b000000VCR6GAO","WO.462","2018-08-31T01:38:18.000Z","New","01s0b000001NJJCAA4","Low","","0010b00002CfRCLAA3","08q0b000000LFbiAAG"
"0WO0b000000VCR8GAO","WO.464","2018-08-31T01:38:18.000Z","New","01s0b000001NJJCAA4","Low","","0010b00002CfRC4AAN","08q0b000000LFbiAAG"
"0WO0b000000VCSUGA4","WO.880","2018-08-31T01:38:18.000Z","New","01s0b000001NJJCAA4","Low","","0010b00002CfRBbAAN","08q0b000000LFbhAAG"
"0WO0b000000VCSVGA4","WO.881","2018-08-31T01:38:18.000Z","New","01s0b000001NJJCAA4","Low","","0010b00002CfRBbAAN","08q0b000000LFbcAAG"
"0WO0b000000VCSYGA4","WO.712","2018-08-31T01:38:18.000Z","New","01s0b000001NJJCAA4","Low","","0010b00002CfRCWAA3","08q0b000000LFbaAAG"
"0WO0b000000VCTuGAO","WO.984","2018-08-31T01:38:18.000Z","New","01s0b000001NJJCAA4","Low","","0010b00002CfRCWAA3","08q0b000000LFbcAAG"
"0WO0b000000VCTyGAO","WO.997","2018-08-31T01:38:18.000Z","New","","Low","","0010b00002CfRBbAAN","08q0b000000LFbfAAG"
"0WO0b000000VCVLGA4","WO.773","2018-08-31T01:38:18.000Z","New","01s0b000001NJJCAA4","Low","","0010b00002CfRCcAAN","08q0b000000LFbXAAW"
"0WO0b000000VCVOGA4","WO.876","2018-08-31T01:38:18.000Z","New","01s0b000001NJJCAA4","Low","","0010b00002CfRCWAA3","08q0b000000LFbZAAW"
"0WO0b000000VCVPGA4","WO.877","2018-08-31T01:38:18.000Z","New","01s0b000001NJJCAA4","Low","","0010b00002CfRCZAA3","08q0b000000LFbYAAW"
"0WO0b000000VCVKGA4","WO.754","2018-08-31T01:38:18.000Z","New","01s0b000001NJJCAA4","Low","","0010b00002CfRCMAA3","08q0b000000LFbUAAW"
"0WO0b000000VCWgGAO","WO.807","2018-08-31T01:38:18.000Z","New","01s0b000001NJJCAA4","Low","","0010b00002CfRCWAA3","08q0b000000LFbUAAW"
"0WO0b000000VCWhGAO","WO.710","2018-08-31T01:38:18.000Z","New","01s0b000001NJJCAA4","Low","","0010b00002CfRBjAAN","08q0b000000LFbdAAG"
"0WO0b000000VCWiGAO","WO.751","2018-08-31T01:38:18.000Z","New","01s0b000001NJJCAA4","Low","","0010b00002CfRC4AAN","08q0b000000LFbXAAW"
"0WO0b000000VCWjGAO","WO.760","2018-08-31T01:38:18.000Z","New","01s0b000001NJJCAA4","Low","","0010b00002CfRCsAAN","08q0b000000LFbbAAG"
"0WO0b000000VCY1GAO","WO.533","2018-08-31T01:38:18.000Z","New","01s0b000001NJJCAA4","Low","","0010b00002CfRCxAAN","08q0b000000LFbfAAG"
"0WO0b000000VCY2GAO","WO.534","2018-08-31T01:38:18.000Z","New","01s0b000001NJJCAA4","Low","","0010b00002CfRCZAA3","08q0b000000LFbjAAG"
"0WO0b000000VCZNGA4","WO.443","2018-08-31T01:38:18.000Z","New","01s0b000001NJJCAA4","Low","","0010b00002CfRCWAA3","08q0b000000LFbiAAG"
"0WO0b000000VCZOGA4","WO.444","2018-08-31T01:38:18.000Z","New","01s0b000001NJJCAA4","Low","","0010b00002CfRCWAA3","08q0b000000LFbaAAG"
"0WO0b000000VCakGAG","WO.1180","2018-08-31T01:38:18.000Z","New","","Critical","","0010b00002CfRCWAA3","08q0b000000LFbeAAG"
"0WO0b000000VCanGAG","WO.1183","2018-08-31T01:38:18.000Z","New","","Critical","","0010b00002CfRCVAA3","08q0b000000LFbeAAG"
"0WO0b000000VCcDGAW","WO.401","2018-08-31T01:38:18.000Z","New","","Low","","0010b00002CfRCxAAN","08q0b000000LFbhAAG"
"0WO0b000000VCcBGAW","WO.1290","2018-08-31T01:38:18.000Z","New","","Low","","0010b00002CfRCrAAN","08q0b000000LFbgAAG"
"0WO0b000000VCcCGAW","WO.1292","2018-08-31T01:38:18.000Z","New","","Low","","0010b00002CfRCUAA3","08q0b000000LFbiAAG"
"0WO0b000000VCcEGAW","WO.402","2018-08-31T01:38:18.000Z","New","","Low","","0010b00002CfRCxAAN","08q0b000000LFbgAAG"
"0WO0b000000VCcFGAW","WO.404","2018-08-31T01:38:18.000Z","New","","Low","","0010b00002CfRCLAA3","08q0b000000LFbUAAW"
"0WO0b000000VCdbGAG","WO.057","2018-08-31T01:38:18.000Z","New","","Low","","0010b00002CfRCZAA3","08q0b000000LFbZAAW"
"0WO0b000000VCdcGAG","WO.040","2018-08-31T01:38:18.000Z","New","","Low","","0010b00002CfRBhAAN","08q0b000000LFbWAAW"
"0WO0b000000VCdeGAG","WO.042","2018-08-31T01:38:18.000Z","New","","Low","","0010b00002CfRCxAAN","08q0b000000LFbjAAG"
"0WO0b000000VCdfGAG","WO.043","2018-08-31T01:38:18.000Z","New","","Low","","0010b00002CfRCUAA3","08q0b000000LFbXAAW"
"0WO0b000000VCf1GAG","WO.188","2018-08-31T01:38:18.000Z","New","","Low","","0010b00002CfRBbAAN","08q0b000000LFbXAAW"
"0WO0b000000VCf2GAG","WO.189","2018-08-31T01:38:18.000Z","New","","Low","","0010b00002CfRBbAAN","08q0b000000LFbVAAW"
"0WO0b000000VCf3GAG","WO.190","2018-08-31T01:38:18.000Z","New","","Low","","0010b00002CfRCUAA3","08q0b000000LFbbAAG"
"0WO0b000000VCf5GAG","WO.122","2018-08-31T01:38:18.000Z","New","","Low","","0010b00002CfRCWAA3","08q0b000000LFbgAAG"
"0WO0b000000VCgSGAW","WO.1243","2018-08-31T01:38:18.000Z","New","","Low","","0010b00002CfRBhAAN","08q0b000000LFbaAAG"
"0WO0b000000VCgTGAW","WO.1238","2018-08-31T01:38:18.000Z","New","","Low","","0010b00002CfRBbAAN","08q0b000000LFbQAAW"
"0WO0b000000VCgUGAW","WO.1244","2018-08-31T01:38:18.000Z","New","","Low","","0010b00002CfRBhAAN","08q0b000000LFbeAAG"
"0WO0b000000VCgVGAW","WO.1241","2018-08-31T01:38:18.000Z","New","","Low","","0010b00002CfRCcAAN","08q0b000000LFbWAAW"
"0WO0b000000VCgWGAW","WO.1245","2018-08-31T01:38:18.000Z","New","","Low","","0010b00002CfRCxAAN","08q0b000000LFbQAAW"
"0WO0b000000VCgRGAW","WO.1242","2018-08-31T01:38:18.000Z","New","","Low","","0010b00002CfRBhAAN","08q0b000000LFbWAAW"
"0WO0b000000VCR9GAO","WO.519","2018-08-31T01:38:18.000Z","New","01s0b000001NJJCAA4","Low","","0010b00002CfRBbAAN","08q0b000000LFbZAAW"
"0WO0b000000VCSaGAO","WO.719","2018-08-31T01:38:18.000Z","New","01s0b000001NJJCAA4","Low","","0010b00002CfRC6AAN","08q0b000000LFbZAAW"
"0WO0b000000VCSbGAO","WO.720","2018-08-31T01:38:18.000Z","New","01s0b000001NJJCAA4","Low","","0010b00002CfRCsAAN","08q0b000000LFbfAAG"
"0WO0b000000VCSdGAO","WO.733","2018-08-31T01:38:18.000Z","New","01s0b000001NJJCAA4","Low","","0010b00002CfRCxAAN","08q0b000000LFbjAAG"
"0WO0b000000VCSZGA4","WO.713","2018-08-31T01:38:18.000Z","New","01s0b000001NJJCAA4","Low","","0010b00002CfRBhAAN","08q0b000000LFbQAAW"
"0WO0b000000VCU1GAO","WO.969","2018-08-31T01:38:18.000Z","New","01s0b000001NJJCAA4","Low","","0010b00002CfRCsAAN","08q0b000000LFbbAAG"
"0WO0b000000VCU2GAO","WO.977","2018-08-31T01:38:18.000Z","New","01s0b000001NJJCAA4","Low","","0010b00002CfRCWAA3","08q0b000000LFbeAAG"
"0WO0b000000VCU3GAO","WO.978","2018-08-31T01:38:18.000Z","New","01s0b000001NJJCAA4","Low","","0010b00002CfRBbAAN","08q0b000000LFbbAAG"
"0WO0b000000VCVQGA4","WO.883","2018-08-31T01:38:18.000Z","New","","Low","","0010b00002CfRBbAAN","08q0b000000LFbUAAW"
"0WO0b000000VCVRGA4","WO.884","2018-08-31T01:38:18.000Z","New","01s0b000001NJJCAA4","Low","","0010b00002CfRBbAAN","08q0b000000LFbXAAW"
"0WO0b000000VCVSGA4","WO.900","2018-08-31T01:38:18.000Z","New","01s0b000001NJJCAA4","Low","","0010b00002CfRCTAA3","08q0b000000LFbUAAW"
"0WO0b000000VCVTGA4","WO.897","2018-08-31T01:38:18.000Z","New","01s0b000001NJJCAA4","Low","","0010b00002CfRCUAA3","08q0b000000LFbiAAG"
"0WO0b000000VCWlGAO","WO.759","2018-08-31T01:38:18.000Z","New","01s0b000001NJJCAA4","Low","","0010b00002CfRC6AAN","08q0b000000LFbfAAG"
"0WO0b000000VCWmGAO","WO.769","2018-08-31T01:38:18.000Z","New","01s0b000001NJJCAA4","Low","","0010b00002CfRBbAAN","08q0b000000LFbVAAW"
"0WO0b000000VCWnGAO","WO.770","2018-08-31T01:38:18.000Z","New","01s0b000001NJJCAA4","Low","","0010b00002CfRCrAAN","08q0b000000LFbgAAG"
"0WO0b000000VCWoGAO","WO.771","2018-08-31T01:38:18.000Z","New","01s0b000001NJJCAA4","Low","","0010b00002CfRCxAAN","08q0b000000LFbeAAG"
"0WO0b000000VCY9GAO","WO.572","2018-08-31T01:38:18.000Z","New","01s0b000001NJJCAA4","Low","","0010b00002CfRBbAAN","08q0b000000LFbaAAG"
"0WO0b000000VCZPGA4","WO.448","2018-08-31T01:38:18.000Z","New","01s0b000001NJJCAA4","Low","","0010b00002CfRCLAA3","08q0b000000LFbjAAG"
"0WO0b000000VCZSGA4","WO.451","2018-08-31T01:38:18.000Z","New","01s0b000001NJJCAA4","Low","","0010b00002CfRCXAA3","08q0b000000LFbfAAG"
"0WO0b000000VCZUGA4","WO.614","2018-08-31T01:38:18.000Z","New","01s0b000001NJJCAA4","Low","","0010b00002CfRCUAA3","08q0b000000LFbUAAW"
"0WO0b000000VCaqGAG","WO.1236","2018-08-31T01:38:18.000Z","New","","Low","","0010b00002CfRBbAAN","08q0b000000LFbTAAW"
"0WO0b000000VCatGAG","WO.1187","2018-08-31T01:38:18.000Z","New","","Low","","0010b00002CfRBbAAN","08q0b000000LFbeAAG"
"0WO0b000000VCarGAG","WO.1237","2018-08-31T01:38:18.000Z","New","","Low","","0010b00002CfRBbAAN","08q0b000000LFbTAAW"
"0WO0b000000VCcHGAW","WO.406","2018-08-31T01:38:18.000Z","New","","Low","","0010b00002CfRCUAA3","08q0b000000LFbXAAW"
"0WO0b000000VCcIGAW","WO.407","2018-08-31T01:38:18.000Z","New","","Low","","0010b00002CfRCKAA3","08q0b000000LFbXAAW"
"0WO0b000000VCcKGAW","WO.409","2018-08-31T01:38:18.000Z","New","","Low","","0010b00002CfRCFAA3","08q0b000000LFbVAAW"
"0WO0b000000VCcLGAW","WO.410","2018-08-31T01:38:18.000Z","New","","Low","","0010b00002CfRCDAA3","08q0b000000LFbhAAG"
"0WO0b000000VCdgGAG","WO.044","2018-08-31T01:38:18.000Z","New","","Low","","0010b00002CfRCIAA3","08q0b000000LFbdAAG"
"0WO0b000000VCdiGAG","WO.049","2018-08-31T01:38:18.000Z","New","","Low","","0010b00002CfRCzAAN","08q0b000000LFbgAAG"
"0WO0b000000VCdjGAG","WO.058","2018-08-31T01:38:18.000Z","New","","Low","","0010b00002CfRC8AAN","08q0b000000LFbhAAG"
"0WO0b000000VCdlGAG","WO.060","2018-08-31T01:38:18.000Z","New","","Low","","0010b00002CfRC4AAN","08q0b000000LFbfAAG"
"0WO0b000000VCf8GAG","WO.125","2018-08-31T01:38:18.000Z","New","","Low","","0010b00002CfRCWAA3","08q0b000000LFbfAAG"
"0WO0b000000VCf6GAG","WO.123","2018-08-31T01:38:18.000Z","New","","Low","","0010b00002CfRCWAA3","08q0b000000LFbXAAW"
"0WO0b000000VCf7GAG","WO.124","2018-08-31T01:38:18.000Z","New","","Low","","0010b00002CfRCWAA3","08q0b000000LFbbAAG"
"0WO0b000000VCgbGAG","WO.1250","2018-08-31T01:38:18.000Z","New","","Low","","0010b00002CfRCZAA3","08q0b000000LFbZAAW"
"0WO0b000000VCPsGAO","WO.1049","2018-08-31T01:38:18.000Z","New","01s0b000001NJJCAA4","Low","","0010b00002CfRBbAAN","08q0b000000LFbhAAG"
"0WO0b000000VCRGGA4","WO.508","2018-08-31T01:38:18.000Z","New","01s0b000001NJJCAA4","Low","","0010b00002CfRBbAAN","08q0b000000LFbbAAG"
"0WO0b000000VCRHGA4","WO.509","2018-08-31T01:38:18.000Z","New","01s0b000001NJJCAA4","Low","","0010b00002CfRBbAAN","08q0b000000LFbVAAW"
"0WO0b000000VCSfGAO","WO.763","2018-08-31T01:38:18.000Z","New","01s0b000001NJJCAA4","Low","","0010b00002CfRCcAAN","08q0b000000LFbaAAG"
"0WO0b000000VCSjGAO","WO.914","2018-08-31T01:38:18.000Z","New","01s0b000001NJJCAA4","Low","","0010b00002CfRCTAA3","08q0b000000LFbZAAW"
"0WO0b000000VCU6GAO","WO.1028","2018-08-31T01:38:18.000Z","New","01s0b000001NJJCAA4","Low","","0010b00002CfRCUAA3","08q0b000000LFbQAAW"
"0WO0b000000VCU7GAO","WO.1029","2018-08-31T01:38:18.000Z","New","01s0b000001NJJCAA4","Low","","0010b00002CfRC4AAN","08q0b000000LFbgAAG"
"0WO0b000000VCU8GAO","WO.909","2018-08-31T01:38:18.000Z","New","01s0b000001NJJCAA4","Low","","0010b00002CfRCWAA3","08q0b000000LFbYAAW"
"0WO0b000000VCU9GAO","WO.910","2018-08-31T01:38:18.000Z","New","01s0b000001NJJCAA4","Low","","0010b00002CfRCMAA3","08q0b000000LFbYAAW"
"0WO0b000000VCUAGA4","WO.911","2018-08-31T01:38:18.000Z","New","01s0b000001NJJCAA4","Low","","0010b00002CfRCMAA3","08q0b000000LFbXAAW"
"0WO0b000000VCU5GAO","WO.1027","2018-08-31T01:38:18.000Z","New","01s0b000001NJJCAA4","Low","","0010b00002CfRC4AAN","08q0b000000LFbaAAG"
"0WO0b000000VCVWGA4","WO.901","2018-08-31T01:38:18.000Z","New","01s0b000001NJJCAA4","Low","","0010b00002CfRCVAA3","08q0b000000LFbXAAW"
"0WO0b000000VCVYGA4","WO.755","2018-08-31T01:38:18.000Z","New","01s0b000001NJJCAA4","Low","","0010b00002CfRCMAA3","08q0b000000LFbhAAG"
"0WO0b000000VCVZGA4","WO.785","2018-08-31T01:38:18.000Z","New","01s0b000001NJJCAA4","Low","","0010b00002CfRBhAAN","08q0b000000LFbUAAW"
"0WO0b000000VCVaGAO","WO.786","2018-08-31T01:38:18.000Z","New","01s0b000001NJJCAA4","Low","","0010b00002CfRCIAA3","08q0b000000LFbgAAG"
"0WO0b000000VCWqGAO","WO.1046","2018-08-31T01:38:18.000Z","New","01s0b000001NJJCAA4","Low","","0010b00002CfRBbAAN","08q0b000000LFbiAAG"
"0WO0b000000VCWsGAO","WO.1051","2018-08-31T01:38:18.000Z","New","01s0b000001NJJCAA4","Low","","0010b00002CfRBbAAN","08q0b000000LFbUAAW"
"0WO0b000000VCWtGAO","WO.1063","2018-08-31T01:38:18.000Z","New","01s0b000001NJJCAA4","Low","","0010b00002CfRBhAAN","08q0b000000LFbaAAG"
"0WO0b000000VCWuGAO","WO.1064","2018-08-31T01:38:18.000Z","New","01s0b000001NJJCAA4","Low","","0010b00002CfRBhAAN","08q0b000000LFbVAAW"
"0WO0b000000VCYFGA4","WO.598","2018-08-31T01:38:18.000Z","New","01s0b000001NJJCAA4","Low","","0010b00002CfRCWAA3","08q0b000000LFbfAAG"
"0WO0b000000VCYAGA4","WO.573","2018-08-31T01:38:18.000Z","New","01s0b000001NJJCAA4","Low","","0010b00002CfRCrAAN","08q0b000000LFbXAAW"
"0WO0b000000VCYBGA4","WO.588","2018-08-31T01:38:18.000Z","New","01s0b000001NJJCAA4","Low","","0010b00002CfRCIAA3","08q0b000000LFbXAAW"
"0WO0b000000VCYCGA4","WO.589","2018-08-31T01:38:18.000Z","New","01s0b000001NJJCAA4","Low","","0010b00002CfRCTAA3","08q0b000000LFbbAAG"
"0WO0b000000VCYDGA4","WO.590","2018-08-31T01:38:18.000Z","New","01s0b000001NJJCAA4","Low","","0010b00002CfRCUAA3","08q0b000000LFbVAAW"
"0WO0b000000VCZWGA4","WO.624","2018-08-31T01:38:18.000Z","New","","Low","","0010b00002CfRCZAA3","08q0b000000LFbYAAW"
"0WO0b000000VCcMGAW","WO.411","2018-08-31T01:38:18.000Z","New","","Low","","0010b00002CfRBhAAN","08q0b000000LFbgAAG"
"0WO0b000000VCcNGAW","WO.412","2018-08-31T01:38:18.000Z","New","","Low","","0010b00002CfRBhAAN","08q0b000000LFbVAAW"
"0WO0b000000VCcOGAW","WO.413","2018-08-31T01:38:18.000Z","New","","Low","","0010b00002CfRCVAA3","08q0b000000LFbVAAW"
"0WO0b000000VCcPGAW","WO.414","2018-08-31T01:38:18.000Z","New","","Low","","0010b00002CfRBhAAN","08q0b000000LFbiAAG"
"0WO0b000000VCcQGAW","WO.415","2018-08-31T01:38:18.000Z","New","","Low","","0010b00002CfRBhAAN","08q0b000000LFbgAAG"
"0WO0b000000VCfCGAW","WO.129","2018-08-31T01:38:18.000Z","New","","Low","","0010b00002CfRCVAA3","08q0b000000LFbeAAG"
"0WO0b000000VCfDGAW","WO.130","2018-08-31T01:38:18.000Z","New","","Low","","0010b00002CfRCWAA3","08q0b000000LFbaAAG"
"0WO0b000000VCfEGAW","WO.131","2018-08-31T01:38:18.000Z","New","","Low","","0010b00002CfRCzAAN","08q0b000000LFbXAAW"
"0WO0b000000VCfFGAW","WO.132","2018-08-31T01:38:18.000Z","New","","Low","","0010b00002CfRCWAA3","08q0b000000LFbaAAG"
"0WO0b000000VCgcGAG","WO.1251","2018-08-31T01:38:18.000Z","New","","Low","","0010b00002CfRC8AAN","08q0b000000LFbdAAG"
"0WO0b000000VCgdGAG","WO.1252","2018-08-31T01:38:18.000Z","New","","Low","","0010b00002CfRCIAA3","08q0b000000LFbUAAW"
"0WO0b000000VCgeGAG","WO.1253","2018-08-31T01:38:18.000Z","New","","Low","","0010b00002CfRCFAA3","08q0b000000LFbXAAW"
"0WO0b000000VCgfGAG","WO.1254","2018-08-31T01:38:18.000Z","New","","Low","","0010b00002CfRC4AAN","08q0b000000LFbXAAW"
"0WO0b000000VCggGAG","WO.1255","2018-08-31T01:38:18.000Z","New","","Low","","0010b00002CfRCMAA3","08q0b000000LFbeAAG"
"0WO0b000000VCghGAG","WO.1256","2018-08-31T01:38:18.000Z","New","","Low","","0010b00002CfRCMAA3","08q0b000000LFbaAAG"
"0WO0b000000VCPuGAO","WO.1065","2018-08-31T01:38:18.000Z","New","01s0b000001NJJCAA4","Low","","0010b00002CfRCrAAN","08q0b000000LFbXAAW"
"0WO0b000000VCPwGAO","WO.1055","2018-08-31T01:38:18.000Z","New","01s0b000001NJJCAA4","Low","","0010b00002CfRBbAAN","08q0b000000LFbgAAG"
"0WO0b000000VCPyGAO","WO.1060","2018-08-31T01:38:18.000Z","New","01s0b000001NJJCAA4","Low","","0010b00002CfRCZAA3","08q0b000000LFbQAAW"
"0WO0b000000VCRLGA4","WO.490","2018-08-31T01:38:18.000Z","New","01s0b000001NJJCAA4","Low","","0010b00002CfRCKAA3","08q0b000000LFbYAAW"
"0WO0b000000VCROGA4","WO.1076","2018-08-31T01:38:18.000Z","New","01s0b000001NJJCAA4","Low","","0010b00002CfRC8AAN","08q0b000000LFbUAAW"
"0WO0b000000VCSkGAO","WO.915","2018-08-31T01:38:18.000Z","New","01s0b000001NJJCAA4","Low","","0010b00002CfRCMAA3","08q0b000000LFbdAAG"
"0WO0b000000VCSlGAO","WO.917","2018-08-31T01:38:18.000Z","New","01s0b000001NJJCAA4","Low","","0010b00002CfRCMAA3","08q0b000000LFbUAAW"
"0WO0b000000VCSnGAO","WO.919","2018-08-31T01:38:18.000Z","New","01s0b000001NJJCAA4","Low","","0010b00002CfRCMAA3","08q0b000000LFbVAAW"
"0WO0b000000VCSoGAO","WO.926","2018-08-31T01:38:18.000Z","New","01s0b000001NJJCAA4","Low","","0010b00002CfRCKAA3","08q0b000000LFbaAAG"
"0WO0b000000VCSpGAO","WO.975","2018-08-31T01:38:18.000Z","New","01s0b000001NJJCAA4","Low","","0010b00002CfRCWAA3","08q0b000000LFbWAAW"
"0WO0b000000VCUBGA4","WO.912","2018-08-31T01:38:18.000Z","New","01s0b000001NJJCAA4","Low","","0010b00002CfRCZAA3","08q0b000000LFbfAAG"
"0WO0b000000VCUDGA4","WO.1271","2018-08-31T01:38:18.000Z","New","01s0b000001NJJCAA4","Low","","0010b00002CfRCxAAN","08q0b000000LFbcAAG"
"0WO0b000000VCUFGA4","WO.1270","2018-08-31T01:38:18.000Z","New","01s0b000001NJJCAA4","Low","","0010b00002CfRCKAA3","08q0b000000LFbgAAG"
"0WO0b000000VCVbGAO","WO.793","2018-08-31T01:38:18.000Z","New","01s0b000001NJJCAA4","Low","","0010b00002CfRCLAA3","08q0b000000LFbZAAW"
"0WO0b000000VCVcGAO","WO.794","2018-08-31T01:38:18.000Z","New","01s0b000001NJJCAA4","Low","","0010b00002CfRCrAAN","08q0b000000LFbdAAG"
"0WO0b000000VCVeGAO","WO.796","2018-08-31T01:38:18.000Z","New","01s0b000001NJJCAA4","Low","","0010b00002CfRCXAA3","08q0b000000LFbgAAG"
"0WO0b000000VCWzGAO","WO.682","2018-08-31T01:38:18.000Z","New","01s0b000001NJJCAA4","Low","","0010b00002CfRBbAAN","08q0b000000LFbjAAG"
"0WO0b000000VCX0GAO","WO.687","2018-08-31T01:38:18.000Z","New","01s0b000001NJJCAA4","Low","","0010b00002CfRBbAAN","08q0b000000LFbhAAG"
"0WO0b000000VCYGGA4","WO.617","2018-08-31T01:38:18.000Z","New","01s0b000001NJJCAA4","Low","","0010b00002CfRCKAA3","08q0b000000LFbZAAW"
"0WO0b000000VCYHGA4","WO.618","2018-08-31T01:38:18.000Z","New","01s0b000001NJJCAA4","Low","","0010b00002CfRCWAA3","08q0b000000LFbaAAG"
"0WO0b000000VCYJGA4","WO.620","2018-08-31T01:38:18.000Z","New","01s0b000001NJJCAA4","Low","","0010b00002CfRCWAA3","08q0b000000LFbhAAG"
"0WO0b000000VCZaGAO","WO.635","2018-08-31T01:38:18.000Z","New","01s0b000001NJJCAA4","Low","","0010b00002CfRCzAAN","08q0b000000LFbjAAG"
"0WO0b000000VCZcGAO","WO.527","2018-08-31T01:38:18.000Z","New","01s0b000001NJJCAA4","Low","","0010b00002CfRCxAAN","08q0b000000LFbVAAW"
"0WO0b000000VCZdGAO","WO.528","2018-08-31T01:38:18.000Z","New","01s0b000001NJJCAA4","Low","","0010b00002CfRBhAAN","08q0b000000LFbUAAW"
"0WO0b000000VCZeGAO","WO.529","2018-08-31T01:38:18.000Z","New","01s0b000001NJJCAA4","Low","","0010b00002CfRCxAAN","08q0b000000LFbgAAG"
"0WO0b000000VCb0GAG","WO.1194","2018-08-31T01:38:18.000Z","New","","Low","","0010b00002CfRCzAAN","08q0b000000LFbeAAG"
"0WO0b000000VCb1GAG","WO.1195","2018-08-31T01:38:18.000Z","New","","Low","","0010b00002CfRCzAAN","08q0b000000LFbeAAG"
"0WO0b000000VCb2GAG","WO.1196","2018-08-31T01:38:18.000Z","New","","Low","","0010b00002CfRCzAAN","08q0b000000LFbeAAG"
"0WO0b000000VCb4GAG","WO.1197","2018-08-31T01:38:18.000Z","New","","Low","","0010b00002CfRCzAAN","08q0b000000LFbeAAG"
"0WO0b000000VCb5GAG","WO.1199","2018-08-31T01:38:18.000Z","New","","Low","","0010b00002CfRCrAAN","08q0b000000LFbeAAG"
"0WO0b000000VCcSGAW","WO.417","2018-08-31T01:38:18.000Z","New","","Low","","0010b00002CfRCTAA3","08q0b000000LFbVAAW"
"0WO0b000000VCcTGAW","WO.418","2018-08-31T01:38:18.000Z","New","","Low","","0010b00002CfRC4AAN","08q0b000000LFbdAAG"
"0WO0b000000VCcRGAW","WO.416","2018-08-31T01:38:18.000Z","New","","Low","","0010b00002CfRCIAA3","08q0b000000LFbcAAG"
"0WO0b000000VCcUGAW","WO.419","2018-08-31T01:38:18.000Z","New","","Low","","0010b00002CfRCrAAN","08q0b000000LFbXAAW"
"0WO0b000000VCcVGAW","WO.420","2018-08-31T01:38:18.000Z","New","","Low","","0010b00002CfRCXAA3","08q0b000000LFbbAAG"
"0WO0b000000VCcWGAW","WO.421","2018-08-31T01:38:18.000Z","New","","Low","","0010b00002CfRCXAA3","08q0b000000LFbgAAG"
"0WO0b000000VCdsGAG","WO.167","2018-08-31T01:38:18.000Z","New","","Low","","0010b00002CfRCxAAN","08q0b000000LFbZAAW"
"0WO0b000000VCdtGAG","WO.168","2018-08-31T01:38:18.000Z","New","","Low","","0010b00002CfRBbAAN","08q0b000000LFbfAAG"
"0WO0b000000VCdwGAG","WO.171","2018-08-31T01:38:18.000Z","New","","Low","","0010b00002CfRCsAAN","08q0b000000LFbhAAG"
"0WO0b000000VCgiGAG","WO.1257","2018-08-31T01:38:18.000Z","New","","Low","","0010b00002CfRCXAA3","08q0b000000LFbUAAW"
"0WO0b000000VCgjGAG","WO.1258","2018-08-31T01:38:18.000Z","New","","Low","","0010b00002CfRCMAA3","08q0b000000LFbhAAG"
"0WO0b000000VCgkGAG","WO.1259","2018-08-31T01:38:18.000Z","New","","Low","","0010b00002CfRCzAAN","08q0b000000LFbYAAW"
"0WO0b000000VCPzGAO","WO.1061","2018-08-31T01:38:18.000Z","New","01s0b000001NJJCAA4","Low","","0010b00002CfRCcAAN","08q0b000000LFbaAAG"
"0WO0b000000VCQ1GAO","WO.1069","2018-08-31T01:38:18.000Z","New","01s0b000001NJJCAA4","Low","","0010b00002CfRC6AAN","08q0b000000LFbbAAG"
"0WO0b000000VCQ2GAO","WO.1070","2018-08-31T01:38:18.000Z","New","01s0b000001NJJCAA4","Low","","0010b00002CfRCWAA3","08q0b000000LFbYAAW"
"0WO0b000000VCQ0GAO","WO.1062","2018-08-31T01:38:18.000Z","New","01s0b000001NJJCAA4","Low","","0010b00002CfRBhAAN","08q0b000000LFbdAAG"
"0WO0b000000VCQ4GAO","WO.1077","2018-08-31T01:38:18.000Z","New","01s0b000001NJJCAA4","Low","","0010b00002CfRCIAA3","08q0b000000LFbeAAG"
"0WO0b000000VCRTGA4","WO.1040","2018-08-31T01:38:18.000Z","New","01s0b000001NJJCAA4","Low","","0010b00002CfRBbAAN","08q0b000000LFbYAAW"
"0WO0b000000VCRUGA4","WO.1041","2018-08-31T01:38:18.000Z","New","01s0b000001NJJCAA4","Low","","0010b00002CfRBbAAN","08q0b000000LFbVAAW"
"0WO0b000000VCSqGAO","WO.976","2018-08-31T01:38:18.000Z","New","01s0b000001NJJCAA4","Low","","0010b00002CfRCWAA3","08q0b000000LFbXAAW"
"0WO0b000000VCSrGAO","WO.981","2018-08-31T01:38:18.000Z","New","01s0b000001NJJCAA4","Low","","0010b00002CfRC6AAN","08q0b000000LFbiAAG"
"0WO0b000000VCSsGAO","WO.982","2018-08-31T01:38:18.000Z","New","01s0b000001NJJCAA4","Low","","0010b00002CfRCWAA3","08q0b000000LFbXAAW"
"0WO0b000000VCStGAO","WO.983","2018-08-31T01:38:18.000Z","New","01s0b000001NJJCAA4","Low","","0010b00002CfRCWAA3","08q0b000000LFbjAAG"
"0WO0b000000VCSuGAO","WO.959","2018-08-31T01:38:18.000Z","New","","Low","","0010b00002CfRCXAA3","08q0b000000LFbVAAW"
"0WO0b000000VCUGGA4","WO.1274","2018-08-31T01:38:18.000Z","New","01s0b000001NJJCAA4","Low","","0010b00002CfRCDAA3","08q0b000000LFbcAAG"
"0WO0b000000VCUHGA4","WO.1272","2018-08-31T01:38:18.000Z","New","01s0b000001NJJCAA4","Low","","0010b00002CfRCKAA3","08q0b000000LFbaAAG"
"0WO0b000000VCUJGA4","WO.1276","2018-08-31T01:38:18.000Z","New","01s0b000001NJJCAA4","Low","","0010b00002CfRC6AAN","08q0b000000LFbfAAG"
"0WO0b000000VCUKGA4","WO.1278","2018-08-31T01:38:18.000Z","New","01s0b000001NJJCAA4","Low","","0010b00002CfRCsAAN","08q0b000000LFbdAAG"
"0WO0b000000VCVhGAO","WO.784","2018-08-31T01:38:18.000Z","New","01s0b000001NJJCAA4","Low","","0010b00002CfRBhAAN","08q0b000000LFbdAAG"
"0WO0b000000VCViGAO","WO.788","2018-08-31T01:38:18.000Z","New","01s0b000001NJJCAA4","Low","","0010b00002CfRCTAA3","08q0b000000LFbZAAW"
"0WO0b000000VCVjGAO","WO.789","2018-08-31T01:38:18.000Z","New","01s0b000001NJJCAA4","Low","","0010b00002CfRCXAA3","08q0b000000LFbfAAG"
"0WO0b000000VCVkGAO","WO.790","2018-08-31T01:38:18.000Z","New","01s0b000001NJJCAA4","Low","","0010b00002CfRCFAA3","08q0b000000LFbdAAG"
"0WO0b000000VCVlGAO","WO.791","2018-08-31T01:38:18.000Z","New","01s0b000001NJJCAA4","Low","","0010b00002CfRCUAA3","08q0b000000LFbcAAG"
"0WO0b000000VCX2GAO","WO.694","2018-08-31T01:38:18.000Z","New","01s0b000001NJJCAA4","Low","","0010b00002CfRCyAAN","08q0b000000LFbQAAW"
"0WO0b000000VCX3GAO","WO.502","2018-08-31T01:38:18.000Z","New","01s0b000001NJJCAA4","Low","","0010b00002CfRBbAAN","08q0b000000LFbhAAG"
"0WO0b000000VCX4GAO","WO.503","2018-08-31T01:38:18.000Z","New","01s0b000001NJJCAA4","Low","","0010b00002CfRBbAAN","08q0b000000LFbaAAG"
"0WO0b000000VCX5GAO","WO.517","2018-08-31T01:38:18.000Z","New","01s0b000001NJJCAA4","Low","","0010b00002CfRBbAAN","08q0b000000LFbZAAW"
"0WO0b000000VCX1GAO","WO.688","2018-08-31T01:38:18.000Z","New","01s0b000001NJJCAA4","Low","","0010b00002CfRCWAA3","08q0b000000LFbiAAG"
"0WO0b000000VCYMGA4","WO.403","2018-08-31T01:38:18.000Z","New","01s0b000001NJJCAA4","Low","","0010b00002CfRCxAAN","08q0b000000LFbjAAG"
"0WO0b000000VCYNGA4","WO.1291","2018-08-31T01:38:18.000Z","New","01s0b000001NJJCAA4","Low","","0010b00002CfRCxAAN","08q0b000000LFbiAAG"
"0WO0b000000VCYQGA4","WO.637","2018-08-31T01:38:18.000Z","New","01s0b000001NJJCAA4","Low","","0010b00002CfRCzAAN","08q0b000000LFbUAAW"
"0WO0b000000VCZjGAO","WO.891","2018-08-31T01:38:18.000Z","New","01s0b000001NJJCAA4","Low","","0010b00002CfRBhAAN","08q0b000000LFbaAAG"
"0WO0b000000VCZkGAO","WO.892","2018-08-31T01:38:18.000Z","New","01s0b000001NJJCAA4","Low","","0010b00002CfRCxAAN","08q0b000000LFbjAAG"
"0WO0b000000VCZgGAO","WO.535","2018-08-31T01:38:18.000Z","New","01s0b000001NJJCAA4","Low","","0010b00002CfRC8AAN","08q0b000000LFbUAAW"
"0WO0b000000VCZhGAO","WO.878","2018-08-31T01:38:18.000Z","New","","Low","","0010b00002CfRBbAAN","08q0b000000LFbeAAG"
"0WO0b000000VCb6GAG","WO.1200","2018-08-31T01:38:18.000Z","New","","Low","","0010b00002CfRC4AAN","08q0b000000LFbeAAG"
"0WO0b000000VCb7GAG","WO.1201","2018-08-31T01:38:18.000Z","New","","Low","","0010b00002CfRCzAAN","08q0b000000LFbeAAG"
"0WO0b000000VCb8GAG","WO.1203","2018-08-31T01:38:18.000Z","New","","Low","","0010b00002CfRCzAAN","08q0b000000LFbeAAG"
"0WO0b000000VCcXGAW","WO.422","2018-08-31T01:38:18.000Z","New","","Low","","0010b00002CfRCVAA3","08q0b000000LFbUAAW"
"0WO0b000000VCcbGAG","WO.1282","2018-08-31T01:38:18.000Z","Closed","","Low","","0010b00002CfRBbAAN","08q0b000000LFbiAAG"
"0WO0b000000VCdxGAG","WO.172","2018-08-31T01:38:18.000Z","New","","Low","","0010b00002CfRCTAA3","08q0b000000LFbcAAG"
"0WO0b000000VCfOGAW","WO.141","2018-08-31T01:38:18.000Z","New","","Low","","0010b00002CfRCXAA3","08q0b000000LFbbAAG"
"0WO0b000000VCgoGAG","WO.1263","2018-08-31T01:38:18.000Z","New","","Low","","0010b00002CfRCXAA3","08q0b000000LFbjAAG"
"0WO0b000000VCgpGAG","WO.1264","2018-08-31T01:38:18.000Z","New","","Low","","0010b00002CfRCMAA3","08q0b000000LFbgAAG"
"0WO0b000000VCgqGAG","WO.1265","2018-08-31T01:38:18.000Z","New","","Low","","0010b00002CfRCMAA3","08q0b000000LFbeAAG"
"0WO0b000000VCgrGAG","WO.1266","2018-08-31T01:38:18.000Z","New","","Low","","0010b00002CfRCMAA3","08q0b000000LFbXAAW"
"0WO0b000000VCgnGAG","WO.1262","2018-08-31T01:38:18.000Z","New","","Low","","0010b00002CfRCMAA3","08q0b000000LFbhAAG"
"0WO0b000000VCQ7GAO","WO.833","2018-08-31T01:38:18.000Z","New","01s0b000001NJJCAA4","Low","","0010b00002CfRCzAAN","08q0b000000LFbaAAG"
"0WO0b000000VCQ5GAO","WO.1078","2018-08-31T01:38:18.000Z","New","","Low","","0010b00002CfRC4AAN","08q0b000000LFbeAAG"
"0WO0b000000VCQ8GAO","WO.834","2018-08-31T01:38:18.000Z","New","01s0b000001NJJCAA4","Low","","0010b00002CfRCzAAN","08q0b000000LFbZAAW"
"0WO0b000000VCRVGA4","WO.1042","2018-08-31T01:38:18.000Z","New","01s0b000001NJJCAA4","Low","","0010b00002CfRBbAAN","08q0b000000LFbiAAG"
"0WO0b000000VCRWGA4","WO.1044","2018-08-31T01:38:18.000Z","New","01s0b000001NJJCAA4","Low","","0010b00002CfRCsAAN","08q0b000000LFbXAAW"
"0WO0b000000VCRXGA4","WO.1043","2018-08-31T01:38:18.000Z","New","","Low","","0010b00002CfRBbAAN","08q0b000000LFbbAAG"
"0WO0b000000VCRYGA4","WO.469","2018-08-31T01:38:18.000Z","New","01s0b000001NJJCAA4","Low","","0010b00002CfRCzAAN","08q0b000000LFbXAAW"
"0WO0b000000VCRZGA4","WO.470","2018-08-31T01:38:18.000Z","New","01s0b000001NJJCAA4","Low","","0010b00002CfRCzAAN","08q0b000000LFbYAAW"
"0WO0b000000VCRaGAO","WO.471","2018-08-31T01:38:18.000Z","New","01s0b000001NJJCAA4","Low","","0010b00002CfRCzAAN","08q0b000000LFbWAAW"
"0WO0b000000VCSxGAO","WO.944","2018-08-31T01:38:18.000Z","New","01s0b000001NJJCAA4","Low","","0010b00002CfRCxAAN","08q0b000000LFbXAAW"
"0WO0b000000VCSyGAO","WO.945","2018-08-31T01:38:18.000Z","New","01s0b000001NJJCAA4","Low","","0010b00002CfRCKAA3","08q0b000000LFbeAAG"
"0WO0b000000VCSzGAO","WO.946","2018-08-31T01:38:18.000Z","New","01s0b000001NJJCAA4","Low","","0010b00002CfRCxAAN","08q0b000000LFbcAAG"
"0WO0b000000VCT0GAO","WO.960","2018-08-31T01:38:18.000Z","New","01s0b000001NJJCAA4","Low","","0010b00002CfRCIAA3","08q0b000000LFbQAAW"
"0WO0b000000VCUNGA4","WO.895","2018-08-31T01:38:18.000Z","New","01s0b000001NJJCAA4","Low","","0010b00002CfRCxAAN","08q0b000000LFbQAAW"
"0WO0b000000VCUPGA4","WO.814","2018-08-31T01:38:18.000Z","New","01s0b000001NJJCAA4","Low","","0010b00002CfRCWAA3","08q0b000000LFbaAAG"
