Name,FinancialInterests,InvestmentExperience,InvestmentObjectives,FirstName,LastName,AccountNumber,Id,LeadOrContactId
Adams Charitable Trust (Sample),,Moderately Inexperienced,Growth,,,1,0011U00000Kcp1JQAR,0031U00000Mreh2QAB
Adams Household (Sample),,Experienced,Balanced,,,2,0011U00000Kcp1KQAR,
Neil Symonds (Sample),Energy,Moderately Experienced,Balanced Growth,Neil,Symonds (Sample),3,0011U00000Kcp1LQAR,0031U00000Mreh3QAB
Rachel Adams (Sample),Fixed Income,Experienced,Growth,Rachel,Adams (Sample),4,0011U00000Kcp1NQAR,
Nigel Adams (Sample),,Moderately Inexperienced,Balanced,Nigel,Adams (Sample),5,0011U00000Kcp1MQAR,0031U00000Mreh4QAB
"Smith, Kohl and Company (Sample)",,Inexperienced,Aggressive Growth,,,6,0011U00000Kcp1OQAR,0031U00000Mreh5QAB
Symonds Household (Sample),,Moderately Inexperienced,Growth,,,7,0011U00000Kcp1PQAR,
Jinni Boyd,,Inexperienced,Conservative Income,Jinni,Boyd,8,0011U00000Kss4jQAB,0031U00000Mreh6QAB
Kristen Beasley,,Moderately Experienced,Income,,,9,0011U00000KuFXFQA3,0031U00000Mreh7QAB
Fredericka Mccullough,,Moderately Experienced,Balanced,,,10,0011U00000KuWpYQAV,0031U00000Mreh8QAB
Hedley Church,,Experienced,Conservative Income,,,11,0011U00000KuFXHQA3,0031U00000Mreh9QAB
Wallace Summers,,Inexperienced,Conservative Income,,,12,0011U00000KuFXIQA3,
Zane Cervantes,,Moderately Inexperienced,Growth,,,13,0011U00000KuFXJQA3,
Carissa Mckee,,Experienced,Growth,,,14,0011U00000KuFXKQA3,
Akeem Head,,Moderately Inexperienced,Balanced,,,15,0011U00000KuFXLQA3,0031U00000MrehAQAR
Quinn Cummings,,Moderately Inexperienced,Income,,,16,0011U00000KuFXMQA3,0031U00000MrehBQAR
Hasad Madden,,Moderately Experienced,Growth,,,17,0011U00000KuFXNQA3,
Alfreda Pierce,,Inexperienced,Income,,,18,0011U00000KuFXOQA3,
Erich Grimes,,Inexperienced,Growth,,,19,0011U00000KuFXPQA3,0031U00000MrehCQAR
Ebony Ramsey,,Inexperienced,Aggressive Growth,,,20,0011U00000KuFXQQA3,0031U00000MrehDQAR
Sloane Holland,,Experienced,Balanced,,,21,0011U00000KuFXRQA3,0031U00000MrehEQAR
Zeph Mcmahon,,Moderately Inexperienced,Conservative Income,,,22,0011U00000KuFXSQA3,
Aquila Mejia,,Experienced,Growth,,,23,0011U00000KuFXTQA3,0031U00000MrehFQAR
Britanni Garcia,,Inexperienced,Conservative Income,,,24,0011U00000KuFXUQA3,
Abel Sanchez,,Inexperienced,Balanced,,,25,0011U00000KuFXVQA3,
Grant Cline,,Moderately Experienced,Growth,,,26,0011U00000KuFXWQA3,0031U00000MrehGQAR
Brenda Graham,,Moderately Experienced,Conservative Income,,,27,0011U00000KuFXXQA3,
Elizabeth Avila,,Inexperienced,Balanced,,,28,0011U00000KuFXYQA3,
Pamela Ayala,,Moderately Experienced,Conservative Income,,,29,0011U00000KuFXZQA3,0031U00000MrehHQAR
Lucius Fry,,Moderately Inexperienced,Growth,,,30,0011U00000KuFXaQAN,0031U00000MrehIQAR
Kato Vega,,Moderately Inexperienced,Balanced,,,31,0011U00000KuFXbQAN,
Travis Jacobson,,Moderately Experienced,Conservative Income,,,32,0011U00000KuFXcQAN,
Penelope Solis,,Moderately Inexperienced,Conservative Income,,,33,0011U00000KuFXdQAN,0031U00000MrehJQAR
Ramona Hamilton,,Moderately Experienced,Conservative Income,,,34,0011U00000KuFXeQAN,0031U00000MrehKQAR
Xanthus Wilkins,,Experienced,Growth,,,35,0011U00000KuFXfQAN,0031U00000MrehLQAR
Palmer Macdonald,,Inexperienced,Aggressive Growth,,,36,0011U00000KuFXgQAN,
Brett Beard,,Moderately Experienced,Aggressive Growth,,,37,0011U00000KuFXhQAN,
Ocean Mccullough,,Inexperienced,Growth,,,38,0011U00000KuFXiQAN,
Dorian Newton,,Moderately Inexperienced,Balanced,,,39,0011U00000KuFXjQAN,0031U00000MrehMQAR
Idola Le,,Experienced,Conservative Income,,,40,0011U00000KuFXkQAN,0031U00000MrehNQAR
Wade Greer,,Moderately Inexperienced,Conservative Income,,,41,0011U00000KuFXlQAN,0031U00000MrehOQAR
Ferris King,,Moderately Inexperienced,Income,,,42,0011U00000KuFXmQAN,0031U00000MrehPQAR
TaShya Perez,,Inexperienced,Balanced,,,43,0011U00000KuFXnQAN,0031U00000MrehQQAR
Meredith Lowe,,Moderately Experienced,Aggressive Growth,,,44,0011U00000KuFXoQAN,
Cooper Flowers,,Inexperienced,Balanced,,,45,0011U00000KuFXpQAN,0031U00000MrehRQAR
Ryder Velez,,Experienced,Balanced,,,46,0011U00000KuFXqQAN,0031U00000MrehSQAR
Priscilla Jimenez,,Inexperienced,Balanced,,,47,0011U00000KuFXrQAN,
Harlan Mcgowan,,Moderately Experienced,Aggressive Growth,,,48,0011U00000KuFXsQAN,
Blaze Pennington,,Moderately Experienced,Growth,,,49,0011U00000KuFXtQAN,0031U00000MrehTQAR
Marvin Garcia,,Moderately Experienced,Aggressive Growth,,,50,0011U00000KuFXuQAN,0031U00000MrehUQAR
Odysseus Grimes,,Moderately Experienced,Aggressive Growth,,,51,0011U00000KuFXvQAN,0031U00000MrehVQAR
Genevieve Bauer,,Experienced,Growth,,,52,0011U00000KuFXwQAN,0031U00000MrehWQAR
Lael Rutledge,,Experienced,Conservative Income,,,53,0011U00000KuFXxQAN,0031U00000MrehXQAR
Tatum Holt,,Inexperienced,Growth,,,54,0011U00000KuFXyQAN,0031U00000MrehYQAR
Seth Frost,,Experienced,Conservative Income,,,55,0011U00000KuFXzQAN,0031U00000MrehZQAR
Orla Weeks,,Experienced,Aggressive Growth,,,56,0011U00000KuFY0QAN,0031U00000MrehaQAB
Yoko Marshall,,Inexperienced,Growth,,,57,0011U00000KuFY1QAN,0031U00000MrehbQAB
Odysseus Ortiz,,Experienced,Balanced,,,58,0011U00000KuFY2QAN,0031U00000MrehcQAB
Amos May,,Moderately Inexperienced,Conservative Income,,,59,0011U00000KuFY3QAN,0031U00000MrehdQAB
Marny Ford,,Inexperienced,Conservative Income,,,60,0011U00000KuFY4QAN,0031U00000MreheQAB
Declan Leblanc,,Moderately Experienced,Aggressive Growth,,,61,0011U00000KuFY5QAN,
Angelica Herman,,Moderately Experienced,Income,,,62,0011U00000KuFY6QAN,
Brielle Lynn,,Experienced,Balanced,,,63,0011U00000KuFY7QAN,0031U00000MrehfQAB
Ava Bean,,Moderately Inexperienced,Conservative Income,,,64,0011U00000KuFY8QAN,0031U00000MrehgQAB
Ruby Vargas,,Moderately Inexperienced,Balanced,,,65,0011U00000KuFY9QAN,
Asher House,,Inexperienced,Income,,,66,0011U00000KuFYAQA3,0031U00000MrehhQAB
Lynn Davidson,,Experienced,Conservative Income,,,67,0011U00000KuFYBQA3,0031U00000MrehiQAB
Evangeline Christian,,Moderately Experienced,Income,,,68,0011U00000KuFYCQA3,0031U00000MrehjQAB
Ulysses Hale,,Moderately Experienced,Income,,,69,0011U00000KuFYDQA3,
Reuben Roman,,Experienced,Conservative Income,,,70,0011U00000KuFYEQA3,0031U00000MrehkQAB
Chloe Knox,,Moderately Inexperienced,Aggressive Growth,,,71,0011U00000KuFYFQA3,
Caleb Mccray,,Moderately Experienced,Conservative Income,,,72,0011U00000KuFYGQA3,0031U00000MrehlQAB
Shelly Fowler,,Moderately Experienced,Growth,,,73,0011U00000KuFYHQA3,
Rigel Joyner,,Moderately Experienced,Growth,,,74,0011U00000KuFYIQA3,
Constance Henson,,Moderately Inexperienced,Balanced,,,75,0011U00000KuFYJQA3,
Cathleen Mcconnell,,Inexperienced,Aggressive Growth,,,76,0011U00000KuFYKQA3,
Bell Solis,,Moderately Inexperienced,Growth,,,77,0011U00000KuFYLQA3,0031U00000MrehmQAB
Ainsley Cotton,,Moderately Inexperienced,Aggressive Growth,,,78,0011U00000KuFYMQA3,
Raphael Snider,,Inexperienced,Income,,,79,0011U00000KuFYNQA3,0031U00000MrehnQAB
Slade Lindsay,,Moderately Experienced,Income,,,80,0011U00000KuFYOQA3,0031U00000MrehoQAB
Roth Guy,,Experienced,Aggressive Growth,,,81,0011U00000KuFYPQA3,0031U00000MrehpQAB
Autumn Perry,,Experienced,Aggressive Growth,,,82,0011U00000KuFYQQA3,0031U00000MrehqQAB
Rafael Klein,,Moderately Experienced,Growth,,,83,0011U00000KuFYRQA3,
Nicole Savage,,Moderately Experienced,Growth,,,84,0011U00000KuFYSQA3,0031U00000MrehrQAB
Stephen Pittman,,Moderately Experienced,Conservative Income,,,85,0011U00000KuFYTQA3,0031U00000MrehsQAB
Inga Moss,,Experienced,Balanced,,,86,0011U00000KuFYUQA3,
Kirestin Ratliff,,Moderately Inexperienced,Growth,,,87,0011U00000KuFYVQA3,
Brian Williamson,,Inexperienced,Conservative Income,,,88,0011U00000KuFYWQA3,0031U00000MrehtQAB
Tarik Mercer,,Moderately Experienced,Growth,,,89,0011U00000KuFYXQA3,
Gary Prince,,Inexperienced,Income,,,90,0011U00000KuFYYQA3,
Clementine Hughes,,Moderately Experienced,Income,,,91,0011U00000KuFYZQA3,0031U00000MrehuQAB
Drake Branch,,Moderately Experienced,Growth,,,92,0011U00000KuFYaQAN,0031U00000MrehvQAB
Penelope Briggs,,Moderately Experienced,Conservative Income,,,93,0011U00000KuFYbQAN,0031U00000MrehwQAB
Basil Moran,,Experienced,Growth,,,94,0011U00000KuFYcQAN,
Yuri Hensley,,Inexperienced,Growth,,,95,0011U00000KuFYdQAN,0031U00000MrehxQAB
Claudia Hahn,,Experienced,Balanced,,,96,0011U00000KuFYeQAN,
Raja Oneal,,Experienced,Income,,,97,0011U00000KuFYfQAN,0031U00000MrehyQAB
Edan Downs,,Inexperienced,Conservative Income,,,98,0011U00000KuFYgQAN,0031U00000MrehzQAB
Quon Holcomb,,Moderately Inexperienced,Income,,,99,0011U00000KuFYhQAN,0031U00000Mrei0QAB
Selma Dodson,,Moderately Inexperienced,Income,,,100,0011U00000KuFYiQAN,0031U00000Mrei1QAB
Abraham Tyler,,Moderately Inexperienced,Income,,,101,0011U00000KuFYjQAN,0031U00000Mrei2QAB
Harlan Noel,,Moderately Inexperienced,Balanced,,,102,0011U00000KuFYkQAN,
Maryam Ramsey,,Inexperienced,Income,,,103,0011U00000KuFYlQAN,0031U00000Mrei3QAB
Gay Pacheco,,Experienced,Growth,,,104,0011U00000KuFYmQAN,0031U00000Mrei4QAB
Kirestin Wilkins,,Experienced,Balanced,,,105,0011U00000KuFYnQAN,0031U00000Mrei5QAB
Calvin Rutledge,,Inexperienced,Aggressive Growth,,,106,0011U00000KuFYoQAN,
Nell Alford,,Moderately Experienced,Income,,,107,0011U00000KuFYpQAN,0031U00000Mrei6QAB
Abbot Gutierrez,,Moderately Experienced,Conservative Income,,,108,0011U00000KuFYqQAN,
Ashton Torres,,Moderately Experienced,Balanced,,,109,0011U00000KuFYrQAN,0031U00000Mrei7QAB
Gavin Blevins,,Moderately Inexperienced,Balanced,,,110,0011U00000KuFYsQAN,0031U00000Mrei8QAB
Fuller Cooley,,Experienced,Aggressive Growth,,,111,0011U00000KuFYtQAN,0031U00000Mrei9QAB
Mannix Best,,Moderately Experienced,Aggressive Growth,,,112,0011U00000KuFYuQAN,
Ruby Gay,,Moderately Experienced,Conservative Income,,,113,0011U00000KuFYvQAN,0031U00000MreiAQAR
Armand Knowles,,Inexperienced,Conservative Income,,,114,0011U00000KuFYwQAN,0031U00000MreiBQAR
Noah Rosa,,Inexperienced,Income,,,115,0011U00000KuFYxQAN,0031U00000MreiCQAR
Lacey Snider,,Moderately Inexperienced,Growth,,,116,0011U00000KuFYyQAN,0031U00000MreiDQAR
Sacha Mooney,,Experienced,Conservative Income,,,117,0011U00000KuFYzQAN,0031U00000MreiEQAR
Keaton Lang,,Inexperienced,Conservative Income,,,118,0011U00000KuFZ0QAN,0031U00000MreiFQAR
Abel Clay,,Experienced,Aggressive Growth,,,119,0011U00000KuFZ1QAN,
Ori Copeland,,Moderately Experienced,Conservative Income,,,120,0011U00000KuFZ2QAN,
Brady Frazier,,Experienced,Income,,,121,0011U00000KuFZ3QAN,0031U00000MreiGQAR
Fitzgerald Coffey,,Experienced,Aggressive Growth,,,122,0011U00000KuFZ4QAN,0031U00000MreiHQAR
Hayes Huff,,Moderately Experienced,Aggressive Growth,,,123,0011U00000KuFZ5QAN,0031U00000MreiIQAR
Ferdinand Jennings,,Experienced,Growth,,,124,0011U00000KuFZ6QAN,0031U00000MreiJQAR
Kirk Walton,,Experienced,Balanced,,,125,0011U00000KuFZ7QAN,
Wang Church,,Moderately Inexperienced,Balanced,,,126,0011U00000KuFZ8QAN,
Ishmael Shaw,,Experienced,Balanced,,,127,0011U00000KuFZ9QAN,0031U00000MreiKQAR
Constance Gill,,Inexperienced,Conservative Income,,,128,0011U00000KuFZAQA3,0031U00000MreiLQAR
Thor David,,Experienced,Balanced,,,129,0011U00000KuFZBQA3,0031U00000MreiMQAR
Edward Wood,,Inexperienced,Conservative Income,,,130,0011U00000KuFZCQA3,0031U00000MreiNQAR
Oscar Duncan,,Moderately Inexperienced,Aggressive Growth,,,131,0011U00000KuFZDQA3,0031U00000MreiOQAR
Caesar Bullock,,Experienced,Growth,,,132,0011U00000KuFZEQA3,
Mohammad Diaz,,Experienced,Balanced,,,133,0011U00000KuFZFQA3,0031U00000MreiPQAR
Richard Cameron,,Inexperienced,Aggressive Growth,,,134,0011U00000KuFZGQA3,0031U00000MreiQQAR
Samson Gordon,,Inexperienced,Aggressive Growth,,,135,0011U00000KuFZHQA3,0031U00000MreiRQAR
Knox Cote,,Moderately Inexperienced,Aggressive Growth,,,136,0011U00000KuFZIQA3,0031U00000MreiSQAR
Darius Walter,,Experienced,Balanced,,,137,0011U00000KuFZJQA3,
Charissa Fulton,,Moderately Inexperienced,Income,,,138,0011U00000KuFZKQA3,0031U00000MreiTQAR
Nathan Bryant,,Moderately Inexperienced,Income,,,139,0011U00000KuFZLQA3,
Cade Clarke,,Experienced,Balanced,,,140,0011U00000KuFZMQA3,0031U00000MreiUQAR
Justina Ross,,Moderately Inexperienced,Income,,,141,0011U00000KuFZNQA3,
Amity Schroeder,,Experienced,Balanced,,,142,0011U00000KuFZOQA3,0031U00000MreiVQAR
Nomlanga Ramirez,,Inexperienced,Conservative Income,,,143,0011U00000KuFZPQA3,
Nero Cortez,,Inexperienced,Income,,,144,0011U00000KuFZQQA3,0031U00000MreiWQAR
Solomon Pearson,,Experienced,Income,,,145,0011U00000KuFZRQA3,0031U00000MreiXQAR
Daria Peck,,Moderately Inexperienced,Growth,,,146,0011U00000KuFZSQA3,
Lana Patel,,Moderately Inexperienced,Balanced,,,147,0011U00000KuFZTQA3,0031U00000MreiYQAR
Liberty Aguilar,,Inexperienced,Balanced,,,148,0011U00000KuFZUQA3,0031U00000MreiZQAR
Dalton Oliver,,Experienced,Conservative Income,,,149,0011U00000KuFZVQA3,0031U00000MreiaQAB
Wilma Stanley,,Experienced,Balanced,,,150,0011U00000KuFZWQA3,0031U00000MreibQAB
Hayes Marsh,,Experienced,Balanced,,,151,0011U00000KuFZXQA3,
Mercedes Wynn,,Inexperienced,Balanced,,,152,0011U00000KuFZYQA3,0031U00000MreicQAB
Beau Steele,,Inexperienced,Income,,,153,0011U00000KuFZZQA3,0031U00000MreidQAB
Cecilia Copeland,,Inexperienced,Aggressive Growth,,,154,0011U00000KuFZaQAN,
Michael Mccarty,,Inexperienced,Growth,,,155,0011U00000KuFZbQAN,
Zephania Kline,,Inexperienced,Aggressive Growth,,,156,0011U00000KuFZcQAN,
Latifah Mcbride,,Moderately Experienced,Conservative Income,,,157,0011U00000KuFZdQAN,
Joelle Sharpe,,Inexperienced,Growth,,,158,0011U00000KuFZeQAN,
Autumn Weiss,,Experienced,Aggressive Growth,,,159,0011U00000KuFZfQAN,
Hall Cleveland,,Moderately Inexperienced,Growth,,,160,0011U00000KuFZgQAN,
Thor Jefferson,,Moderately Experienced,Aggressive Growth,,,161,0011U00000KuFZhQAN,
Simone Greer,,Moderately Inexperienced,Balanced,,,162,0011U00000KuFZiQAN,
Brendan Solomon,,Experienced,Income,,,163,0011U00000KuFZjQAN,
Shelly Valenzuela,,Inexperienced,Aggressive Growth,,,164,0011U00000KuFZkQAN,
Abdul Pacheco,,Moderately Inexperienced,Income,,,165,0011U00000KuFZlQAN,
Vladimir Pittman,,Inexperienced,Aggressive Growth,,,166,0011U00000KuFZmQAN,
Nina Sparks,,Moderately Inexperienced,Income,,,167,0011U00000KuFZnQAN,
Reese Valentine,,Experienced,Income,,,168,0011U00000KuFZoQAN,
Zahir Scott,,Inexperienced,Conservative Income,,,169,0011U00000KuFZpQAN,
Charissa Huff,,Moderately Experienced,Income,,,170,0011U00000KuFZqQAN,
Hector Morton,,Moderately Inexperienced,Aggressive Growth,,,171,0011U00000KuFZrQAN,
Tatyana Moreno,,Experienced,Balanced,,,172,0011U00000KuFZsQAN,
Alvin Franco,,Moderately Experienced,Growth,,,173,0011U00000KuFZtQAN,
Xenos Burks,,Moderately Experienced,Conservative Income,,,174,0011U00000KuFZuQAN,
Eagan Avila,,Moderately Inexperienced,Balanced,,,175,0011U00000KuFZvQAN,
Rhoda Odom,,Inexperienced,Income,,,176,0011U00000KuFZwQAN,
Charissa Newton,,Moderately Experienced,Income,,,177,0011U00000KuFZxQAN,
Lucian Franklin,,Moderately Inexperienced,Conservative Income,,,178,0011U00000KuFZyQAN,
Barbara Whitfield,,Experienced,Growth,,,179,0011U00000KuFZzQAN,
Kelsie Byers,,Inexperienced,Conservative Income,,,180,0011U00000KuFa0QAF,
Kiayada Francis,,Inexperienced,Balanced,,,181,0011U00000KuFa1QAF,
Oliver Tanner,,Inexperienced,Income,,,182,0011U00000KuFa2QAF,
Zephr Harris,,Moderately Inexperienced,Conservative Income,,,183,0011U00000KuFa3QAF,
Wanda Harrell,,Inexperienced,Growth,,,184,0011U00000KuFa4QAF,
Delilah Cote,,Moderately Experienced,Growth,,,185,0011U00000KuFa5QAF,
Jason Blanchard,,Experienced,Conservative Income,,,186,0011U00000KuFa6QAF,
Carly Pennington,,Experienced,Income,,,187,0011U00000KuFa7QAF,
Brooke Lowe,,Inexperienced,Conservative Income,,,188,0011U00000KuFa8QAF,
Paki Johns,,Experienced,Aggressive Growth,,,189,0011U00000KuFa9QAF,
Dustin Sheppard,,Experienced,Balanced,,,190,0011U00000KuFaAQAV,
Hope Peck,,Moderately Inexperienced,Income,,,191,0011U00000KuFaBQAV,
Justine Fitzgerald,,Moderately Experienced,Growth,,,192,0011U00000KuFaCQAV,
Maxine Rivera,,Moderately Experienced,Growth,,,193,0011U00000KuFaDQAV,
Aidan Avila,,Experienced,Conservative Income,,,194,0011U00000KuFaEQAV,
Daphne Meadows,,Moderately Inexperienced,Balanced,,,195,0011U00000KuFaFQAV,
Noelani Phelps,,Experienced,Conservative Income,,,196,0011U00000KuFaGQAV,
Wing Daugherty,,Inexperienced,Growth,,,197,0011U00000KuFaHQAV,
Arden Jordan,,Inexperienced,Balanced,,,198,0011U00000KuFaIQAV,
Clinton Merrill,,Inexperienced,Balanced,,,199,0011U00000KuFaJQAV,
Paki Coleman,,Experienced,Aggressive Growth,,,200,0011U00000KuFaKQAV,
Christopher Leonard,,Moderately Experienced,Income,,,201,0011U00000KuFaLQAV,
Brent Casey,,Moderately Experienced,Conservative Income,,,202,0011U00000KuFaMQAV,
Justina Gutierrez,,Experienced,Aggressive Growth,,,203,0011U00000KuFaNQAV,
Zachery Hart,,Inexperienced,Balanced,,,204,0011U00000KuFaOQAV,
Magee Chapman,,Inexperienced,Income,,,205,0011U00000KuFaPQAV,
Jael Ortiz,,Moderately Experienced,Income,,,206,0011U00000KuFaQQAV,
Zoe Herring,,Experienced,Conservative Income,,,207,0011U00000KuFaRQAV,
Xander Howell,,Experienced,Income,,,208,0011U00000KuFaSQAV,
Leah Wolfe,,Moderately Experienced,Growth,,,209,0011U00000KuFaTQAV,
Hop Lindsey,,Inexperienced,Conservative Income,,,210,0011U00000KuFaUQAV,
Graham Salazar,,Moderately Inexperienced,Conservative Income,,,211,0011U00000KuFaVQAV,
Chastity Stevens,,Inexperienced,Balanced,,,212,0011U00000KuFaWQAV,
Asher Moore,,Experienced,Conservative Income,,,213,0011U00000KuFaXQAV,
Jael Hoffman,,Moderately Inexperienced,Aggressive Growth,,,214,0011U00000KuFaYQAV,
Savannah Kent,,Experienced,Growth,,,215,0011U00000KuFaZQAV,
Alana West,,Moderately Experienced,Growth,,,216,0011U00000KuFaaQAF,
Burke Macdonald,,Moderately Inexperienced,Balanced,,,217,0011U00000KuFabQAF,
Alexander Hayden,,Moderately Experienced,Conservative Income,,,218,0011U00000KuFacQAF,
Colton Hall,,Experienced,Income,,,219,0011U00000KuFadQAF,
Quin Hammond,,Inexperienced,Income,,,220,0011U00000KuFaeQAF,
Jelani Salas,,Experienced,Balanced,,,221,0011U00000KuFafQAF,
Ashton Fry,,Experienced,Balanced,,,222,0011U00000KuFagQAF,
Xavier Vance,,Moderately Experienced,Growth,,,223,0011U00000KuFahQAF,
Merritt Bishop,,Experienced,Growth,,,224,0011U00000KuFaiQAF,
Irma Cantu,,Moderately Experienced,Income,,,225,0011U00000KuFajQAF,
Hannah Perkins,,Inexperienced,Conservative Income,,,226,0011U00000KuFakQAF,
Eleanor Callahan,,Moderately Experienced,Growth,,,227,0011U00000KuFalQAF,
Maisie Kelly,,Experienced,Balanced,,,228,0011U00000KuFamQAF,
Glenna Bryan,,Moderately Experienced,Income,,,229,0011U00000KuFanQAF,
Calvin Morris,,Experienced,Conservative Income,,,230,0011U00000KuFaoQAF,
Georgia Chambers,,Inexperienced,Aggressive Growth,,,231,0011U00000KuFapQAF,
Tara Gould,,Experienced,Balanced,,,232,0011U00000KuFaqQAF,
Courtney Sweet,,Moderately Experienced,Balanced,,,233,0011U00000KuFarQAF,
Kim Payne,,Experienced,Conservative Income,,,234,0011U00000KuFasQAF,
Lance Tucker,,Experienced,Aggressive Growth,,,235,0011U00000KuFatQAF,
Cade Morse,,Inexperienced,Growth,,,236,0011U00000KuFauQAF,
Cyrus Valencia,,Experienced,Balanced,,,237,0011U00000KuFavQAF,
Louis Mcneil,,Moderately Inexperienced,Growth,,,238,0011U00000KuFawQAF,
Idola Osborne,,Inexperienced,Income,,,239,0011U00000KuFaxQAF,
Indigo Bass,,Experienced,Growth,,,240,0011U00000KuFayQAF,
Macy Dejesus,,Inexperienced,Aggressive Growth,,,241,0011U00000KuFazQAF,
Oprah Leonard,,Experienced,Growth,,,242,0011U00000KuFb0QAF,
Vernon Bowen,,Moderately Inexperienced,Balanced,,,243,0011U00000KuFb1QAF,
Emerson Kinney,,Inexperienced,Growth,,,244,0011U00000KuFb2QAF,
Erin Robertson,,Experienced,Balanced,,,245,0011U00000KuFb3QAF,
Dante Copeland,,Inexperienced,Aggressive Growth,,,246,0011U00000KuFb4QAF,
Tarik Jacobs,,Experienced,Income,,,247,0011U00000KuFb5QAF,
Mia Jordan,,Moderately Inexperienced,Income,,,248,0011U00000KuFb6QAF,
Fatima Klein,,Moderately Inexperienced,Balanced,,,249,0011U00000KuFb7QAF,
Lacey Rodgers,,Inexperienced,Aggressive Growth,,,250,0011U00000KuFb8QAF,
Curran Pollard,,Experienced,Conservative Income,,,251,0011U00000KuFb9QAF,
Travis Castro,,Experienced,Growth,,,252,0011U00000KuFbAQAV,
Vladimir Fleming,,Inexperienced,Conservative Income,,,253,0011U00000KuFbBQAV,
Theodore Small,,Moderately Experienced,Conservative Income,,,254,0011U00000KuFbCQAV,
Harlan Mccullough,,Moderately Inexperienced,Balanced,,,255,0011U00000KuFbDQAV,
Cora Winters,,Experienced,Growth,,,256,0011U00000KuFbEQAV,
Philip Noble,,Moderately Experienced,Growth,,,257,0011U00000KuFbFQAV,
Philip Bartlett,,Moderately Experienced,Growth,,,258,0011U00000KuFbGQAV,
Rogan Skinner,,Moderately Experienced,Conservative Income,,,259,0011U00000KuFbHQAV,
Gillian Irwin,,Inexperienced,Aggressive Growth,,,260,0011U00000KuFbIQAV,
Callum Zimmerman,,Experienced,Conservative Income,,,261,0011U00000KuFbJQAV,
Henry Chandler,,Moderately Inexperienced,Income,,,262,0011U00000KuFbKQAV,
Stacey Rasmussen,,Inexperienced,Conservative Income,,,263,0011U00000KuFbLQAV,
Avram Nielsen,,Inexperienced,Balanced,,,264,0011U00000KuFbMQAV,
Lewis Ramirez,,Experienced,Income,,,265,0011U00000KuFbNQAV,
Elaine Montoya,,Experienced,Aggressive Growth,,,266,0011U00000KuFbOQAV,
Giselle Caldwell,,Moderately Inexperienced,Aggressive Growth,,,267,0011U00000KuFbPQAV,
Nomlanga Valdez,,Inexperienced,Aggressive Growth,,,268,0011U00000KuFbQQAV,
Yael Avery,,Inexperienced,Income,,,269,0011U00000KuFbRQAV,
Elmo Gaines,,Moderately Inexperienced,Income,,,270,0011U00000KuFbSQAV,
Winter Todd,,Moderately Inexperienced,Income,,,271,0011U00000KuFbTQAV,
Darius Mann,,Experienced,Conservative Income,,,272,0011U00000KuFbUQAV,
Beverly Sykes,,Experienced,Aggressive Growth,,,273,0011U00000KuFbVQAV,
Ishmael Riley,,Experienced,Conservative Income,,,274,0011U00000KuFbWQAV,
Molly Sullivan,,Experienced,Balanced,,,275,0011U00000KuFbXQAV,
Kermit Fuentes,,Moderately Inexperienced,Conservative Income,,,276,0011U00000KuFbYQAV,
Jayme Stone,,Inexperienced,Aggressive Growth,,,277,0011U00000KuFbZQAV,
Jana Russo,,Inexperienced,Conservative Income,,,278,0011U00000KuFbaQAF,
Garrison Conley,,Experienced,Aggressive Growth,,,279,0011U00000KuFbbQAF,
Gage Mendez,,Moderately Experienced,Conservative Income,,,280,0011U00000KuFbcQAF,
Austin Johns,,Inexperienced,Income,,,281,0011U00000KuFbdQAF,
Lael Wilder,,Experienced,Conservative Income,,,282,0011U00000KuFbeQAF,
Nevada Buchanan,,Moderately Inexperienced,Income,,,283,0011U00000KuFbfQAF,
Shaeleigh Perry,,Moderately Inexperienced,Income,,,284,0011U00000KuFbgQAF,
Celeste Roberson,,Inexperienced,Growth,,,285,0011U00000KuFbhQAF,
Simone Ward,,Inexperienced,Income,,,286,0011U00000KuFbiQAF,
Chelsea Warren,,Moderately Inexperienced,Income,,,287,0011U00000KuFbjQAF,
Laith Dejesus,,Inexperienced,Conservative Income,,,288,0011U00000KuFbkQAF,
Nicholas Spears,,Moderately Inexperienced,Growth,,,289,0011U00000KuFblQAF,
Dalton Norton,,Experienced,Conservative Income,,,290,0011U00000KuFbmQAF,
Zephr Pace,,Moderately Inexperienced,Balanced,,,291,0011U00000KuFbnQAF,
Jonah Moss,,Experienced,Income,,,292,0011U00000KuFboQAF,
Tatiana Sexton,,Experienced,Growth,,,293,0011U00000KuFbpQAF,
Lucius Albert,,Moderately Inexperienced,Income,,,294,0011U00000KuFbqQAF,
Lucius Blevins,,Inexperienced,Balanced,,,295,0011U00000KuFbrQAF,
Wynter Reese,,Moderately Inexperienced,Conservative Income,,,296,0011U00000KuFbsQAF,
Destiny Patrick,,Experienced,Growth,,,297,0011U00000KuFbtQAF,
Byron Jefferson,,Experienced,Conservative Income,,,298,0011U00000KuFbuQAF,
Dawn Lowery,,Inexperienced,Aggressive Growth,,,299,0011U00000KuFbvQAF,
Stewart Lancaster,,Inexperienced,Conservative Income,,,300,0011U00000KuFbwQAF,
Noah Moran,,Moderately Experienced,Conservative Income,,,301,0011U00000KuFbxQAF,
Kristen Mason,,Moderately Inexperienced,Balanced,,,302,0011U00000KuFbyQAF,
Philip Mcguire,,Moderately Experienced,Balanced,,,303,0011U00000KuFbzQAF,
Ferdinand Farley,,Inexperienced,Aggressive Growth,,,304,0011U00000KuFc0QAF,
Judah Puckett,,Moderately Inexperienced,Aggressive Growth,,,305,0011U00000KuFc1QAF,
Philip Jennings,,Moderately Inexperienced,Conservative Income,,,306,0011U00000KuFc2QAF,
Garrett Benjamin,,Moderately Experienced,Income,,,307,0011U00000KuFc3QAF,
William Washington,,Experienced,Conservative Income,,,308,0011U00000KuFc4QAF,
Jessica Macias,,Moderately Inexperienced,Conservative Income,,,309,0011U00000KuFc5QAF,
Martin Price,,Inexperienced,Aggressive Growth,,,310,0011U00000KuFc6QAF,
Jolene Hyde,,Moderately Experienced,Balanced,,,311,0011U00000KuFc7QAF,
Bevis Spence,,Moderately Experienced,Aggressive Growth,,,312,0011U00000KuFc8QAF,
Hasad Hoffman,,Moderately Inexperienced,Conservative Income,,,313,0011U00000KuFc9QAF,
Mariko Huffman,,Moderately Inexperienced,Aggressive Growth,,,314,0011U00000KuFcAQAV,
Nigel Byrd,,Moderately Inexperienced,Aggressive Growth,,,315,0011U00000KuFcBQAV,
Calvin Powers,,Inexperienced,Aggressive Growth,,,316,0011U00000KuFcCQAV,
Avye Bond,,Moderately Inexperienced,Growth,,,317,0011U00000KuFcDQAV,
Lawrence Hill,,Inexperienced,Balanced,,,318,0011U00000KuFcEQAV,
Harrison Bolton,,Inexperienced,Income,,,319,0011U00000KuFcFQAV,
Hayfa Farrell,,Inexperienced,Balanced,,,320,0011U00000KuFcGQAV,
Allen Dejesus,,Inexperienced,Balanced,,,321,0011U00000KuFcHQAV,
Nathaniel Powell,,Inexperienced,Balanced,,,322,0011U00000KuFcIQAV,
Rachel Sharpe,,Moderately Inexperienced,Aggressive Growth,,,323,0011U00000KuFcJQAV,
Ann Hardin,,Inexperienced,Aggressive Growth,,,324,0011U00000KuFcKQAV,
Cole Byers,,Moderately Experienced,Income,,,325,0011U00000KuFcLQAV,
Clayton Shepard,,Experienced,Conservative Income,,,326,0011U00000KuFcMQAV,
Wylie Blackwell,,Moderately Inexperienced,Aggressive Growth,,,327,0011U00000KuFcNQAV,
Kamal Farmer,,Moderately Experienced,Income,,,328,0011U00000KuFcOQAV,
Amal Park,,Experienced,Growth,,,329,0011U00000KuFcPQAV,
Alika Sims,,Inexperienced,Income,,,330,0011U00000KuFcQQAV,
Eric Casey,,Experienced,Growth,,,331,0011U00000KuFcRQAV,
Claudia Davenport,,Inexperienced,Aggressive Growth,,,332,0011U00000KuFcSQAV,
Sophia Gibson,,Moderately Experienced,Income,,,333,0011U00000KuFcTQAV,
May Mercer,,Inexperienced,Income,,,334,0011U00000KuFcUQAV,
Bernard Brewer,,Inexperienced,Income,,,335,0011U00000KuFcVQAV,
Kato Nieves,,Inexperienced,Income,,,336,0011U00000KuFcWQAV,
Rae Norris,,Moderately Inexperienced,Aggressive Growth,,,337,0011U00000KuFcXQAV,
Beatrice Cantrell,,Experienced,Income,,,338,0011U00000KuFcYQAV,
Anjolie Bass,,Moderately Inexperienced,Growth,,,339,0011U00000KuFcZQAV,
Macy Avery,,Experienced,Income,,,340,0011U00000KuFcaQAF,
Bertha Ramos,,Experienced,Conservative Income,,,341,0011U00000KuFcbQAF,
Harlan Shelton,,Experienced,Balanced,,,342,0011U00000KuFccQAF,
Martina Barrera,,Moderately Experienced,Balanced,,,343,0011U00000KuFcdQAF,
Adena Guy,,Experienced,Aggressive Growth,,,344,0011U00000KuFceQAF,
Cheyenne Farmer,,Moderately Inexperienced,Growth,,,345,0011U00000KuFcfQAF,
Lillith Macdonald,,Inexperienced,Growth,,,346,0011U00000KuFcgQAF,
Tana Blackwell,,Moderately Experienced,Growth,,,347,0011U00000KuFchQAF,
Eve Gallagher,,Experienced,Conservative Income,,,348,0011U00000KuFciQAF,
Wanda Mack,,Experienced,Balanced,,,349,0011U00000KuFcjQAF,
Vaughan Marquez,,Moderately Inexperienced,Income,,,350,0011U00000KuFckQAF,
Oleg Dillon,,Moderately Inexperienced,Aggressive Growth,,,351,0011U00000KuFclQAF,
Beatrice Jensen,,Moderately Experienced,Aggressive Growth,,,352,0011U00000KuFcmQAF,
Nomlanga Delaney,,Inexperienced,Conservative Income,,,353,0011U00000KuFcnQAF,
Caesar Tran,,Moderately Inexperienced,Aggressive Growth,,,354,0011U00000KuFcoQAF,
Jada Cervantes,,Moderately Experienced,Income,,,355,0011U00000KuFcpQAF,
Hasad Roberson,,Inexperienced,Conservative Income,,,356,0011U00000KuFcqQAF,
Yuli Griffin,,Moderately Inexperienced,Aggressive Growth,,,357,0011U00000KuFcrQAF,
Ivory Jennings,,Moderately Experienced,Balanced,,,358,0011U00000KuFcsQAF,
Sacha Garner,,Moderately Experienced,Growth,,,359,0011U00000KuFctQAF,
Carissa Deleon,,Moderately Inexperienced,Growth,,,360,0011U00000KuFcuQAF,
Camden Le,,Moderately Inexperienced,Aggressive Growth,,,361,0011U00000KuFcvQAF,
Patience Bradley,,Experienced,Aggressive Growth,,,362,0011U00000KuFcwQAF,
Vance Burnett,,Moderately Experienced,Aggressive Growth,,,363,0011U00000KuFcxQAF,
William Gilbert,,Experienced,Income,,,364,0011U00000KuFcyQAF,
Erica Wilkins,,Experienced,Balanced,,,365,0011U00000KuFczQAF,
Farrah Holloway,,Inexperienced,Conservative Income,,,366,0011U00000KuFd0QAF,
Cailin Nieves,,Inexperienced,Income,,,367,0011U00000KuFd1QAF,
Alisa Farrell,,Inexperienced,Aggressive Growth,,,368,0011U00000KuFd2QAF,
Dominic Contreras,,Moderately Inexperienced,Aggressive Growth,,,369,0011U00000KuFd3QAF,
Margaret Burt,,Moderately Experienced,Aggressive Growth,,,370,0011U00000KuFd4QAF,
Bianca Cantu,,Moderately Experienced,Income,,,371,0011U00000KuFd5QAF,
Tallulah Elliott,,Moderately Experienced,Growth,,,372,0011U00000KuFd6QAF,
Kyra Davidson,,Moderately Experienced,Income,,,373,0011U00000KuFd7QAF,
Mari Boyd,,Inexperienced,Income,,,374,0011U00000KuFd8QAF,
Stella Booth,,Inexperienced,Conservative Income,,,375,0011U00000KuFd9QAF,
Lionel Watts,,Moderately Experienced,Aggressive Growth,,,376,0011U00000KuFdAQAV,
Renee Reyes,,Experienced,Growth,,,377,0011U00000KuFdBQAV,
Kennedy Medina,,Inexperienced,Aggressive Growth,,,378,0011U00000KuFdCQAV,
Eaton Ballard,,Experienced,Aggressive Growth,,,379,0011U00000KuFdDQAV,
Macon Bridges,,Moderately Inexperienced,Balanced,,,380,0011U00000KuFdEQAV,
Julie Good,,Experienced,Conservative Income,,,381,0011U00000KuFdFQAV,
Myles Cummings,,Moderately Inexperienced,Aggressive Growth,,,382,0011U00000KuFdGQAV,
Salvador Martinez,,Moderately Experienced,Income,,,383,0011U00000KuFdHQAV,
Nayda Emerson,,Moderately Inexperienced,Growth,,,384,0011U00000KuFdIQAV,
Cynthia Juarez,,Experienced,Income,,,385,0011U00000KuFdJQAV,
Aretha Bonner,,Moderately Inexperienced,Balanced,,,386,0011U00000KuFdKQAV,
Ryder Silva,,Moderately Experienced,Balanced,,,387,0011U00000KuFdLQAV,
Alexis Brennan,,Experienced,Conservative Income,,,388,0011U00000KuFdMQAV,
Yetta Cohen,,Moderately Inexperienced,Balanced,,,389,0011U00000KuFdNQAV,
Clementine Gentry,,Moderately Inexperienced,Aggressive Growth,,,390,0011U00000KuFdOQAV,
Hector Buchanan,,Inexperienced,Aggressive Growth,,,391,0011U00000KuFdPQAV,
Chantale Snider,,Moderately Inexperienced,Income,,,392,0011U00000KuFdQQAV,
Noble Erickson,,Moderately Experienced,Conservative Income,,,393,0011U00000KuFdRQAV,
Carol Key,,Inexperienced,Income,,,394,0011U00000KuFdSQAV,
Ivana Ramirez,,Moderately Experienced,Income,,,395,0011U00000KuFdTQAV,
Kasper Bryant,,Moderately Experienced,Balanced,,,396,0011U00000KuFdUQAV,
Frances Serrano,,Experienced,Growth,,,397,0011U00000KuFdVQAV,
Evan Molina,,Moderately Experienced,Growth,,,398,0011U00000KuFdWQAV,
Macy Moran,,Moderately Experienced,Balanced,,,399,0011U00000KuFdXQAV,
Darius Velasquez,,Experienced,Aggressive Growth,,,400,0011U00000KuFdYQAV,
Callum Orr,,Moderately Experienced,Balanced,,,401,0011U00000KuFdZQAV,
Aspen Cook,,Experienced,Conservative Income,,,402,0011U00000KuFdaQAF,
Lara Moses,,Inexperienced,Balanced,,,403,0011U00000KuFdbQAF,
Maya Pruitt,,Moderately Experienced,Income,,,404,0011U00000KuFdcQAF,
Ezra Reeves,,Moderately Experienced,Balanced,,,405,0011U00000KuFddQAF,
Judah Lyons,,Inexperienced,Balanced,,,406,0011U00000KuFdeQAF,
Virginia Mccarty,,Moderately Inexperienced,Aggressive Growth,,,407,0011U00000KuFdfQAF,
Catherine Sutton,,Inexperienced,Aggressive Growth,,,408,0011U00000KuFdgQAF,
Calvin Hays,,Experienced,Balanced,,,409,0011U00000KuFdmQAF,
Anthony Morrison,,Inexperienced,Conservative Income,,,410,0011U00000KuFdnQAF,
Zia Ashley,,Inexperienced,Conservative Income,,,411,0011U00000KuFdoQAF,
Gail Vance,,Moderately Inexperienced,Income,,,412,0011U00000KuFdpQAF,
Odette Bolton,,Moderately Experienced,Aggressive Growth,,,413,0011U00000KuFdqQAF,
Jillian Brock,,Inexperienced,Growth,,,414,0011U00000KuFdrQAF,
Yvonne Duncan,,Moderately Inexperienced,Balanced,,,415,0011U00000KuFdsQAF,
Sybill Ayala,,Inexperienced,Income,,,416,0011U00000KuFdtQAF,
Heather Mueller,,Inexperienced,Income,,,417,0011U00000KuFduQAF,
Lacota Kramer,,Inexperienced,Conservative Income,,,418,0011U00000KuFdvQAF,
Cailin Rodgers,,Experienced,Conservative Income,,,419,0011U00000KuFdwQAF,
Tatiana Crane,,Inexperienced,Aggressive Growth,,,420,0011U00000KuFdxQAF,
Ayanna Gilmore,,Experienced,Balanced,,,421,0011U00000KuFdyQAF,
Macy Clark,,Moderately Inexperienced,Conservative Income,,,422,0011U00000KuFdzQAF,
Amir Vargas,,Inexperienced,Balanced,,,423,0011U00000KuFe0QAF,
Dante Nash,,Inexperienced,Growth,,,424,0011U00000KuFe1QAF,
Nicholas Franco,,Inexperienced,Conservative Income,,,425,0011U00000KuFe2QAF,
Ima Mathews,,Inexperienced,Aggressive Growth,,,426,0011U00000KuFe3QAF,
Lavinia Reid,,Moderately Inexperienced,Income,,,427,0011U00000KuFe4QAF,
Cruz Nolan,,Moderately Inexperienced,Growth,,,428,0011U00000KuFe5QAF,
Evelyn Davidson,,Moderately Experienced,Growth,,,429,0011U00000KuFe6QAF,
Bradley Ashley,,Moderately Experienced,Conservative Income,,,430,0011U00000KuFe7QAF,
Walker Rivas,,Moderately Inexperienced,Growth,,,431,0011U00000KuFe8QAF,
Lars Coleman,,Inexperienced,Conservative Income,,,432,0011U00000KuFe9QAF,
Tashya Savage,,Experienced,Aggressive Growth,,,433,0011U00000KuFeAQAV,
Ezra Velazquez,,Moderately Experienced,Income,,,434,0011U00000KuFeBQAV,
Allegra Marks,,Inexperienced,Conservative Income,,,435,0011U00000KuFeCQAV,
Veronica Hughes,,Experienced,Income,,,436,0011U00000KuFeDQAV,
Dexter Mcconnell,,Inexperienced,Balanced,,,437,0011U00000KuFeEQAV,
Valentine Donaldson,,Inexperienced,Balanced,,,438,0011U00000KuFeFQAV,
Janna Fowler,,Inexperienced,Growth,,,439,0011U00000KuFeGQAV,
Alisa Hunt,,Moderately Inexperienced,Aggressive Growth,,,440,0011U00000KuFeHQAV,
Solomon Meyers,,Moderately Experienced,Growth,,,441,0011U00000KuFeIQAV,
Bryar Cameron,,Moderately Experienced,Conservative Income,,,442,0011U00000KuFeJQAV,
Signe Bradford,,Moderately Experienced,Income,,,443,0011U00000KuFeKQAV,
Chava Meyer,,Moderately Experienced,Growth,,,444,0011U00000KuFeLQAV,
Mason Grimes,,Moderately Inexperienced,Balanced,,,445,0011U00000KuFeMQAV,
Vance Ewing,,Moderately Experienced,Income,,,446,0011U00000KuFeNQAV,
Raja Bernard,,Moderately Inexperienced,Conservative Income,,,447,0011U00000KuFeOQAV,
Riley Nunez,,Moderately Inexperienced,Aggressive Growth,,,448,0011U00000KuFePQAV,
Ursa Moreno,,Moderately Inexperienced,Growth,,,449,0011U00000KuFeQQAV,
Francesca Walton,,Moderately Experienced,Conservative Income,,,450,0011U00000KuFeRQAV,
Hedy Barber,,Inexperienced,Conservative Income,,,451,0011U00000KuFeSQAV,
Keaton Alvarez,,Moderately Inexperienced,Balanced,,,452,0011U00000KuFeTQAV,
Troy Stanton,,Inexperienced,Aggressive Growth,,,453,0011U00000KuFeUQAV,
Oliver Doyle,,Moderately Experienced,Aggressive Growth,,,454,0011U00000KuFeVQAV,
Jonah Reid,,Inexperienced,Balanced,,,455,0011U00000KuFeWQAV,
Lance Lott,,Moderately Inexperienced,Growth,,,456,0011U00000KuFeXQAV,
Angelica Marsh,,Inexperienced,Conservative Income,,,457,0011U00000KuFeYQAV,
Deborah Dorsey,,Inexperienced,Balanced,,,458,0011U00000KuFeZQAV,
Tiger Mercer,,Moderately Inexperienced,Income,,,459,0011U00000KuFeaQAF,
Kenyon Romero,,Moderately Experienced,Income,,,460,0011U00000KuFebQAF,
Astra Rosales,,Moderately Experienced,Growth,,,461,0011U00000KuFecQAF,
Kirby Reyes,,Experienced,Growth,,,462,0011U00000KuFedQAF,
Heather Beach,,Inexperienced,Balanced,,,463,0011U00000KuFeeQAF,
Jaime Manning,,Moderately Inexperienced,Growth,,,464,0011U00000KuFefQAF,
Daquan Flynn,,Inexperienced,Balanced,,,465,0011U00000KuFegQAF,
Clio Floyd,,Moderately Inexperienced,Growth,,,466,0011U00000KuFehQAF,
Nora Kaufman,,Inexperienced,Growth,,,467,0011U00000KuFeiQAF,
Kimberley Mann,,Experienced,Aggressive Growth,,,468,0011U00000KuFejQAF,
Sylvia Mann,,Experienced,Conservative Income,,,469,0011U00000KuFekQAF,
Ashely Strong,,Experienced,Balanced,,,470,0011U00000KuFelQAF,
Stacey Jackson,,Moderately Inexperienced,Conservative Income,,,471,0011U00000KuFemQAF,
Vincent Noel,,Moderately Experienced,Growth,,,472,0011U00000KuFenQAF,
Benjamin Mckinney,,Inexperienced,Conservative Income,,,473,0011U00000KuFeoQAF,
Kevin Wyatt,,Moderately Experienced,Conservative Income,,,474,0011U00000KuFepQAF,
Alea White,,Experienced,Growth,,,475,0011U00000KuFeqQAF,
Hunter Harmon,,Moderately Inexperienced,Aggressive Growth,,,476,0011U00000KuFerQAF,
Kamal Cruz,,Inexperienced,Conservative Income,,,477,0011U00000KuFesQAF,
Xander Ballard,,Moderately Experienced,Aggressive Growth,,,478,0011U00000KuFetQAF,
Keegan Brady,,Inexperienced,Income,,,479,0011U00000KuFeuQAF,
Nichole Alexander,,Moderately Experienced,Income,,,480,0011U00000KuFevQAF,
Abdul Beard,,Moderately Experienced,Income,,,481,0011U00000KuFewQAF,
Hanae Harrell,,Inexperienced,Growth,,,482,0011U00000KuFexQAF,
Iliana Ortiz,,Moderately Inexperienced,Conservative Income,,,483,0011U00000KuFeyQAF,
Myra Horton,,Moderately Inexperienced,Balanced,,,484,0011U00000KuFezQAF,
Hop Reeves,,Experienced,Conservative Income,,,485,0011U00000KuFf0QAF,
Victor Merrill,,Moderately Inexperienced,Income,,,486,0011U00000KuFf1QAF,
Slade Fry,,Experienced,Growth,,,487,0011U00000KuFf2QAF,
Joseph Ramsey,,Inexperienced,Conservative Income,,,488,0011U00000KuFf3QAF,
Ahmed Dawson,,Moderately Experienced,Growth,,,489,0011U00000KuFf4QAF,
Tanner Nixon,,Moderately Inexperienced,Conservative Income,,,490,0011U00000KuFf5QAF,
Hilel Cantu,,Moderately Experienced,Growth,,,491,0011U00000KuFf6QAF,
Paula Woodard,,Inexperienced,Conservative Income,,,492,0011U00000KuFf7QAF,
Yetta Russo,,Experienced,Income,,,493,0011U00000KuFf8QAF,
Alma Booth,,Moderately Inexperienced,Income,,,494,0011U00000KuFf9QAF,
Plato Aguirre,,Moderately Inexperienced,Conservative Income,,,495,0011U00000KuFfAQAV,
Yael Frank,,Experienced,Aggressive Growth,,,496,0011U00000KuFfBQAV,
Rajah Sweeney,,Inexperienced,Balanced,,,497,0011U00000KuFfCQAV,
Tyler Hopkins,,Experienced,Aggressive Growth,,,498,0011U00000KuFfDQAV,
Emmanuel Gomez,,Moderately Inexperienced,Conservative Income,,,499,0011U00000KuFfEQAV,
MacKensie Schneider,,Experienced,Income,,,500,0011U00000KuFfFQAV,
Maryam Freeman,,Experienced,Growth,,,501,0011U00000KuFfGQAV,
Mannix Zamora,,Moderately Inexperienced,Conservative Income,,,502,0011U00000KuFfHQAV,
Kennedy Jarvis,,Moderately Experienced,Conservative Income,,,503,0011U00000KuFfIQAV,
Eve Lyons,,Moderately Experienced,Conservative Income,,,504,0011U00000KuFfJQAV,
Aladdin Torres,,Inexperienced,Aggressive Growth,,,505,0011U00000KuFfKQAV,
Alika Brewer,,Moderately Experienced,Growth,,,506,0011U00000KuFfLQAV,
Damon Thompson,,Inexperienced,Aggressive Growth,,,507,0011U00000KuFfMQAV,
Belle Adams,,Moderately Inexperienced,Growth,,,508,0011U00000KuFfNQAV,
Raphael Hernandez,,Moderately Experienced,Income,,,509,0011U00000KuFfOQAV,
Keiko Kerr,,Experienced,Income,,,510,0011U00000KuFfPQAV,
Alexander Page,,Inexperienced,Income,,,511,0011U00000KuFfQQAV,
Ocean Hayes,,Inexperienced,Conservative Income,,,512,0011U00000KuFfRQAV,
Simone Hays,,Inexperienced,Aggressive Growth,,,513,0011U00000KuFfSQAV,
Denise Nguyen,,Inexperienced,Aggressive Growth,,,514,0011U00000KuFfTQAV,
Kerry Baxter,,Inexperienced,Income,,,515,0011U00000KuFfUQAV,
Zephania Buchanan,,Moderately Experienced,Income,,,516,0011U00000KuFfVQAV,
Phyllis Matthews,,Inexperienced,Aggressive Growth,,,517,0011U00000KuFfWQAV,
Susan Mcdonald,,Inexperienced,Growth,,,518,0011U00000KuFfXQAV,
Leigh Boyd,,Inexperienced,Aggressive Growth,,,519,0011U00000KuFfYQAV,
Carter Cole,,Inexperienced,Conservative Income,,,520,0011U00000KuFfZQAV,
Elaine Morin,,Inexperienced,Growth,,,521,0011U00000KuFfaQAF,
Colorado Mercer,,Inexperienced,Balanced,,,522,0011U00000KuFfbQAF,
Geoffrey Kirkland,,Moderately Experienced,Conservative Income,,,523,0011U00000KuFfcQAF,
Igor Rivera,,Moderately Experienced,Balanced,,,524,0011U00000KuFfdQAF,
Brielle England,,Moderately Inexperienced,Balanced,,,525,0011U00000KuFfeQAF,
Mallory Pearson,,Inexperienced,Growth,,,526,0011U00000KuFffQAF,
Cedric Cannon,,Moderately Experienced,Conservative Income,,,527,0011U00000KuFfgQAF,
Britanni Snyder,,Inexperienced,Income,,,528,0011U00000KuFfhQAF,
Deirdre Frederick,,Moderately Inexperienced,Growth,,,529,0011U00000KuFfiQAF,
Jermaine Cross,,Inexperienced,Balanced,,,530,0011U00000KuFfjQAF,
Sydnee Gates,,Moderately Experienced,Conservative Income,,,531,0011U00000KuFfkQAF,
Rachel Lang,,Moderately Inexperienced,Conservative Income,,,532,0011U00000KuFflQAF,
Dante Good,,Inexperienced,Aggressive Growth,,,533,0011U00000KuFfmQAF,
Gray Ramirez,,Experienced,Income,,,534,0011U00000KuFfnQAF,
Coby Maddox,,Inexperienced,Growth,,,535,0011U00000KuFfoQAF,
Ebony Contreras,,Inexperienced,Balanced,,,536,0011U00000KuFfpQAF,
Alexandra West,,Experienced,Income,,,537,0011U00000KuFfqQAF,
Ishmael Castro,,Inexperienced,Aggressive Growth,,,538,0011U00000KuFfrQAF,
Alice Bauer,,Moderately Inexperienced,Income,,,539,0011U00000KuFfsQAF,
Cassidy Herrera,,Moderately Experienced,Conservative Income,,,540,0011U00000KuFftQAF,
Kamal Houston,,Moderately Experienced,Conservative Income,,,541,0011U00000KuFfuQAF,
Rylee Pittman,,Moderately Experienced,Conservative Income,,,542,0011U00000KuFfvQAF,
Abra Waters,,Experienced,Income,,,543,0011U00000KuFfwQAF,
Imogene Rodriquez,,Moderately Experienced,Conservative Income,,,544,0011U00000KuFfxQAF,
Griffin Gross,,Experienced,Aggressive Growth,,,545,0011U00000KuFfyQAF,
Otto Baird,,Inexperienced,Balanced,,,546,0011U00000KuFfzQAF,
James Malone,,Inexperienced,Growth,,,547,0011U00000KuFg0QAF,
Matthew Mooney,,Moderately Inexperienced,Income,,,548,0011U00000KuFg1QAF,
Deirdre West,,Inexperienced,Balanced,,,549,0011U00000KuFg2QAF,
Nola Ramirez,,Experienced,Aggressive Growth,,,550,0011U00000KuFg3QAF,
Otto Miller,,Experienced,Balanced,,,551,0011U00000KuFg4QAF,
Theodore Mcgowan,,Inexperienced,Aggressive Growth,,,552,0011U00000KuFg5QAF,
Anika Bright,,Experienced,Conservative Income,,,553,0011U00000KuFg6QAF,
Daquan Scott,,Moderately Inexperienced,Growth,,,554,0011U00000KuFg7QAF,
Denise Middleton,,Moderately Experienced,Balanced,,,555,0011U00000KuFg8QAF,
Dorothy Keith,,Moderately Inexperienced,Income,,,556,0011U00000KuFg9QAF,
Emery Johns,,Experienced,Income,,,557,0011U00000KuFgAQAV,
Daniel Mcdaniel,,Moderately Experienced,Conservative Income,,,558,0011U00000KuFgBQAV,
Macy Stephens,,Experienced,Balanced,,,559,0011U00000KuFgCQAV,
Kessie Moon,,Moderately Inexperienced,Aggressive Growth,,,560,0011U00000KuFgDQAV,
Duncan Farrell,,Inexperienced,Balanced,,,561,0011U00000KuFgEQAV,
Azalia Gill,,Experienced,Conservative Income,,,562,0011U00000KuFgFQAV,
Piper Gross,,Experienced,Growth,,,563,0011U00000KuFgGQAV,
Donovan Horn,,Moderately Experienced,Growth,,,564,0011U00000KuFgHQAV,
Vernon Hudson,,Moderately Experienced,Growth,,,565,0011U00000KuFgIQAV,
Perry Kirkland,,Experienced,Aggressive Growth,,,566,0011U00000KuFgJQAV,
Nehru Stokes,,Moderately Inexperienced,Balanced,,,567,0011U00000KuFgKQAV,
Sierra Ryan,,Moderately Inexperienced,Aggressive Growth,,,568,0011U00000KuFgLQAV,
Clinton Burks,,Inexperienced,Conservative Income,,,569,0011U00000KuFgMQAV,
Francis Haney,,Inexperienced,Conservative Income,,,570,0011U00000KuFgNQAV,
Carter Weber,,Inexperienced,Growth,,,571,0011U00000KuFgOQAV,
Chloe Roach,,Inexperienced,Balanced,,,572,0011U00000KuFgPQAV,
Noble Bowen,,Inexperienced,Balanced,,,573,0011U00000KuFgQQAV,
Pascale Dickson,,Moderately Inexperienced,Income,,,574,0011U00000KuFgRQAV,
Curran Figueroa,,Moderately Inexperienced,Aggressive Growth,,,575,0011U00000KuFgSQAV,
Keegan Chang,,Moderately Experienced,Balanced,,,576,0011U00000KuFgTQAV,
Orson Spencer,,Experienced,Income,,,577,0011U00000KuFgUQAV,
Lydia Barr,,Moderately Inexperienced,Balanced,,,578,0011U00000KuFgVQAV,
Madaline Blevins,,Moderately Experienced,Conservative Income,,,579,0011U00000KuFgWQAV,
Timothy Sargent,,Moderately Inexperienced,Balanced,,,580,0011U00000KuFgXQAV,
Shafira Mcguire,,Inexperienced,Income,,,581,0011U00000KuFgYQAV,
Justin Castaneda,,Experienced,Growth,,,582,0011U00000KuFgZQAV,
Alvin England,,Moderately Experienced,Growth,,,583,0011U00000KuFgaQAF,
Mercedes Wilcox,,Moderately Inexperienced,Conservative Income,,,584,0011U00000KuFgbQAF,
Pascale Grant,,Inexperienced,Growth,,,585,0011U00000KuFgcQAF,
Sybil Bush,,Experienced,Balanced,,,586,0011U00000KuFgdQAF,
Abbot Colon,,Inexperienced,Income,,,587,0011U00000KuFgeQAF,
Craig French,,Experienced,Conservative Income,,,588,0011U00000KuFgfQAF,
Vance Hinton,,Experienced,Conservative Income,,,589,0011U00000KuFggQAF,
Byron Day,,Moderately Experienced,Balanced,,,590,0011U00000KuFghQAF,
Adam Ingram,,Moderately Experienced,Income,,,591,0011U00000KuFgiQAF,
Wallace Warner,,Moderately Inexperienced,Growth,,,592,0011U00000KuFgjQAF,
Madaline Bentley,,Experienced,Balanced,,,593,0011U00000KuFgkQAF,
Libby Faulkner,,Moderately Experienced,Income,,,594,0011U00000KuFglQAF,
Leslie Moreno,,Experienced,Conservative Income,,,595,0011U00000KuFgmQAF,
Serina Fowler,,Experienced,Aggressive Growth,,,596,0011U00000KuFgnQAF,
Dale Rios,,Moderately Experienced,Growth,,,597,0011U00000KuFgoQAF,
Idona Holden,,Moderately Experienced,Aggressive Growth,,,598,0011U00000KuFgpQAF,
Carolyn French,,Moderately Experienced,Conservative Income,,,599,0011U00000KuFgqQAF,
Wyatt Swanson,,Moderately Experienced,Balanced,,,600,0011U00000KuFgrQAF,
Moana Allison,,Moderately Experienced,Balanced,,,601,0011U00000KuFgsQAF,
Hannah Francis,,Moderately Inexperienced,Balanced,,,602,0011U00000KuFgtQAF,
Hayden Daniel,,Moderately Experienced,Conservative Income,,,603,0011U00000KuFguQAF,
Dalton Nixon,,Experienced,Growth,,,604,0011U00000KuFgvQAF,
Gareth Williamson,,Experienced,Aggressive Growth,,,605,0011U00000KuFgwQAF,
Zelda Dillard,,Inexperienced,Conservative Income,,,606,0011U00000KuFgxQAF,
Regina Boone,,Moderately Inexperienced,Conservative Income,,,607,0011U00000KuFgyQAF,
Sheila English,,Moderately Inexperienced,Growth,,,608,0011U00000KuFgzQAF,
Dean Sears,,Moderately Experienced,Balanced,,,609,0011U00000KuFh0QAF,
Uriah Quinn,,Moderately Inexperienced,Conservative Income,,,610,0011U00000KuFh1QAF,
Dominic Houston,,Moderately Inexperienced,Balanced,,,611,0011U00000KuFh2QAF,
Cameron Edwards,,Moderately Experienced,Conservative Income,,,612,0011U00000KuFh3QAF,
Kelsey Alvarez,,Experienced,Aggressive Growth,,,613,0011U00000KuFh4QAF,
Carolyn Levy,,Experienced,Conservative Income,,,614,0011U00000KuFh5QAF,
Slade Reeves,,Moderately Inexperienced,Income,,,615,0011U00000KuFh6QAF,
Signe Wyatt,,Moderately Experienced,Growth,,,616,0011U00000KuFh7QAF,
Julian Ellison,,Moderately Inexperienced,Growth,,,617,0011U00000KuFh8QAF,
Haley Cotton,,Experienced,Balanced,,,618,0011U00000KuFh9QAF,
Lee Ayers,,Inexperienced,Conservative Income,,,619,0011U00000KuFhAQAV,
Leilani Crawford,,Moderately Inexperienced,Aggressive Growth,,,620,0011U00000KuFhBQAV,
Sydnee Farrell,,Moderately Experienced,Conservative Income,,,621,0011U00000KuFhCQAV,
Robert Rowland,,Moderately Inexperienced,Conservative Income,,,622,0011U00000KuFhDQAV,
Martena Herman,,Moderately Experienced,Aggressive Growth,,,623,0011U00000KuFhEQAV,
Victor Wheeler,,Moderately Experienced,Conservative Income,,,624,0011U00000KuFhFQAV,
Yolanda Donaldson,,Experienced,Conservative Income,,,625,0011U00000KuFhGQAV,
Hedy Sanders,,Inexperienced,Growth,,,626,0011U00000KuFhHQAV,
Abra Sosa,,Moderately Inexperienced,Income,,,627,0011U00000KuFhIQAV,
Audra Mason,,Moderately Inexperienced,Conservative Income,,,628,0011U00000KuFhJQAV,
Quinn Hampton,,Inexperienced,Growth,,,629,0011U00000KuFhKQAV,
Daniel Watkins,,Experienced,Conservative Income,,,630,0011U00000KuFhLQAV,
Christian Mays,,Inexperienced,Income,,,631,0011U00000KuFhMQAV,
Tate Ochoa,,Moderately Inexperienced,Aggressive Growth,,,632,0011U00000KuFhNQAV,
Alec Sears,,Moderately Experienced,Balanced,,,633,0011U00000KuFhOQAV,
Xavier Roberson,,Inexperienced,Aggressive Growth,,,634,0011U00000KuFhPQAV,
Baxter Rowe,,Moderately Experienced,Income,,,635,0011U00000KuFhQQAV,
Owen Morton,,Moderately Inexperienced,Conservative Income,,,636,0011U00000KuFhRQAV,
Jack Calhoun,,Moderately Experienced,Balanced,,,637,0011U00000KuFhSQAV,
Tyler Griffin,,Inexperienced,Growth,,,638,0011U00000KuFhTQAV,
Fletcher Becker,,Experienced,Aggressive Growth,,,639,0011U00000KuFhUQAV,
Jarrod Ellis,,Moderately Experienced,Balanced,,,640,0011U00000KuFhVQAV,
Karen Huffman,,Moderately Inexperienced,Growth,,,641,0011U00000KuFhWQAV,
Gloria Knight,,Inexperienced,Aggressive Growth,,,642,0011U00000KuFhXQAV,
Bruce Leblanc,,Inexperienced,Balanced,,,643,0011U00000KuFhYQAV,
Fiona Moss,,Inexperienced,Balanced,,,644,0011U00000KuFhZQAV,
Ann Kaufman,,Moderately Inexperienced,Aggressive Growth,,,645,0011U00000KuFhaQAF,
Shelby Wiley,,Inexperienced,Balanced,,,646,0011U00000KuFhbQAF,
Arsenio Wade,,Moderately Experienced,Aggressive Growth,,,647,0011U00000KuFhcQAF,
Xavier Vargas,,Moderately Inexperienced,Aggressive Growth,,,648,0011U00000KuFhdQAF,
Martena Franklin,,Experienced,Growth,,,649,0011U00000KuFheQAF,
Bell Dickerson,,Inexperienced,Growth,,,650,0011U00000KuFhfQAF,
Erica Gilmore,,Moderately Inexperienced,Conservative Income,,,651,0011U00000KuFhgQAF,
Forrest Conner,,Moderately Inexperienced,Income,,,652,0011U00000KuFhhQAF,
Ashton Lancaster,,Inexperienced,Conservative Income,,,653,0011U00000KuFhiQAF,
Alfreda Jacobson,,Inexperienced,Balanced,,,654,0011U00000KuFhjQAF,
Amal Riddle,,Moderately Experienced,Balanced,,,655,0011U00000KuFhkQAF,
Fay Allison,,Moderately Inexperienced,Conservative Income,,,656,0011U00000KuFhlQAF,
Murphy Nieves,,Experienced,Income,,,657,0011U00000KuFhmQAF,
Todd Donovan,,Inexperienced,Growth,,,658,0011U00000KuFhnQAF,
Amena Contreras,,Moderately Experienced,Income,,,659,0011U00000KuFhoQAF,
Alfreda Hoover,,Moderately Experienced,Balanced,,,660,0011U00000KuFhpQAF,
Hu Carver,,Moderately Inexperienced,Balanced,,,661,0011U00000KuFhqQAF,
Ross Bernard,,Moderately Experienced,Aggressive Growth,,,662,0011U00000KuFhrQAF,
Grant Mcgowan,,Experienced,Income,,,663,0011U00000KuFhsQAF,
Eden Petersen,,Moderately Inexperienced,Balanced,,,664,0011U00000KuFhtQAF,
Ryder Newman,,Moderately Experienced,Balanced,,,665,0011U00000KuFhuQAF,
Belle Humphrey,,Moderately Experienced,Aggressive Growth,,,666,0011U00000KuFhvQAF,
Russell Riggs,,Moderately Experienced,Aggressive Growth,,,667,0011U00000KuFhwQAF,
Britanney Craft,,Inexperienced,Aggressive Growth,,,668,0011U00000KuFhxQAF,
Flavia Chandler,,Moderately Inexperienced,Conservative Income,,,669,0011U00000KuFhyQAF,
Brian Barrera,,Experienced,Conservative Income,,,670,0011U00000KuFhzQAF,
Eagan Larsen,,Moderately Experienced,Growth,,,671,0011U00000KuFi0QAF,
Vielka Mathews,,Moderately Experienced,Growth,,,672,0011U00000KuFi1QAF,
Leah Hill,,Inexperienced,Conservative Income,,,673,0011U00000KuFi2QAF,
Jackson Petty,,Moderately Experienced,Income,,,674,0011U00000KuFi3QAF,
Caryn Herman,,Moderately Experienced,Growth,,,675,0011U00000KuFi4QAF,
Illana Jennings,,Moderately Inexperienced,Income,,,676,0011U00000KuFi5QAF,
Candice Roy,,Moderately Inexperienced,Growth,,,677,0011U00000KuFi6QAF,
Kelsey Black,,Moderately Experienced,Aggressive Growth,,,678,0011U00000KuFi7QAF,
Ferris Leon,,Moderately Experienced,Conservative Income,,,679,0011U00000KuFi8QAF,
Gabriel Fisher,,Experienced,Income,,,680,0011U00000KuFi9QAF,
Calvin Anderson,,Moderately Experienced,Income,,,681,0011U00000KuFiAQAV,
Eliana Boyle,,Moderately Experienced,Balanced,,,682,0011U00000KuFiBQAV,
Kennan Hubbard,,Moderately Experienced,Conservative Income,,,683,0011U00000KuFiCQAV,
Chloe Hoffman,,Experienced,Conservative Income,,,684,0011U00000KuFiDQAV,
Jermaine Holden,,Experienced,Growth,,,685,0011U00000KuFiEQAV,
Katell Bernard,,Moderately Inexperienced,Income,,,686,0011U00000KuFiFQAV,
Blythe Roy,,Inexperienced,Aggressive Growth,,,687,0011U00000KuFiGQAV,
Catherine Fowler,,Experienced,Income,,,688,0011U00000KuFiHQAV,
Blythe Buckner,,Moderately Inexperienced,Aggressive Growth,,,689,0011U00000KuFiIQAV,
Aurelia Torres,,Moderately Inexperienced,Balanced,,,690,0011U00000KuFiJQAV,
Raymond Barnes,,Moderately Experienced,Aggressive Growth,,,691,0011U00000KuFiKQAV,
Alden Medina,,Moderately Inexperienced,Balanced,,,692,0011U00000KuFiLQAV,
Vanna Drake,,Inexperienced,Aggressive Growth,,,693,0011U00000KuFiMQAV,
Elizabeth Salinas,,Moderately Inexperienced,Conservative Income,,,694,0011U00000KuFiNQAV,
Patricia Marsh,,Moderately Inexperienced,Conservative Income,,,695,0011U00000KuFiOQAV,
Jeanette Case,,Experienced,Growth,,,696,0011U00000KuFiPQAV,
Zenaida Shepard,,Inexperienced,Aggressive Growth,,,697,0011U00000KuFiQQAV,
Cruz Blankenship,,Inexperienced,Income,,,698,0011U00000KuFiRQAV,
Uta Callahan,,Moderately Experienced,Growth,,,699,0011U00000KuFiSQAV,
Randall Mayo,,Experienced,Income,,,700,0011U00000KuFiTQAV,
Angelica Perry,,Experienced,Conservative Income,,,701,0011U00000KuFiUQAV,
Jermaine Benson,,Moderately Experienced,Balanced,,,702,0011U00000KuFiVQAV,
Aspen Hahn,,Experienced,Conservative Income,,,703,0011U00000KuFiWQAV,
Iliana Alvarado,,Experienced,Income,,,704,0011U00000KuFiXQAV,
Wesley Weaver,,Moderately Experienced,Growth,,,705,0011U00000KuFiYQAV,
Jolene Higgins,,Experienced,Aggressive Growth,,,706,0011U00000KuFiZQAV,
Kathleen Baldwin,,Inexperienced,Aggressive Growth,,,707,0011U00000KuFiaQAF,
Vance Conner,,Moderately Inexperienced,Conservative Income,,,708,0011U00000KuFibQAF,
Chase Melton,,Experienced,Aggressive Growth,,,709,0011U00000KuFicQAF,
Amos Hobbs,,Moderately Inexperienced,Balanced,,,710,0011U00000KuFidQAF,
Alma Johnson,,Moderately Inexperienced,Aggressive Growth,,,711,0011U00000KuFieQAF,
Moana Dennis,,Moderately Experienced,Income,,,712,0011U00000KuFifQAF,
Herrod Gilmore,,Experienced,Balanced,,,713,0011U00000KuFigQAF,
Darius Fernandez,,Experienced,Conservative Income,,,714,0011U00000KuFihQAF,
Justina Fowler,,Experienced,Income,,,715,0011U00000KuFiiQAF,
Raya Fernandez,,Moderately Inexperienced,Balanced,,,716,0011U00000KuFijQAF,
Leonard Donovan,,Moderately Experienced,Income,,,717,0011U00000KuFikQAF,
Brody Mcknight,,Inexperienced,Aggressive Growth,,,718,0011U00000KuFilQAF,
Valentine Miranda,,Inexperienced,Growth,,,719,0011U00000KuFimQAF,
Kibo Berg,,Inexperienced,Income,,,720,0011U00000KuFinQAF,
Edan Kirk,,Experienced,Aggressive Growth,,,721,0011U00000KuFioQAF,
Blair Chambers,,Moderately Inexperienced,Income,,,722,0011U00000KuFipQAF,
Jesse Bauer,,Experienced,Balanced,,,723,0011U00000KuFiqQAF,
Kyla Jefferson,,Inexperienced,Aggressive Growth,,,724,0011U00000KuFirQAF,
Sylvester Solis,,Moderately Inexperienced,Aggressive Growth,,,725,0011U00000KuFisQAF,
Tasha Gray,,Moderately Inexperienced,Aggressive Growth,,,726,0011U00000KuFitQAF,
Sonia Keith,,Moderately Inexperienced,Balanced,,,727,0011U00000KuFiuQAF,
Evan White,,Moderately Experienced,Conservative Income,,,728,0011U00000KuFivQAF,
Caryn Livingston,,Inexperienced,Conservative Income,,,729,0011U00000KuFiwQAF,
Owen Hayes,,Inexperienced,Income,,,730,0011U00000KuFixQAF,
Noble Curtis,,Experienced,Conservative Income,,,731,0011U00000KuFiyQAF,
Chaim Haney,,Moderately Inexperienced,Balanced,,,732,0011U00000KuFizQAF,
Allegra Sloan,,Inexperienced,Growth,,,733,0011U00000KuFj0QAF,
Josiah Whitaker,,Inexperienced,Income,,,734,0011U00000KuFj1QAF,
Harding Mcconnell,,Experienced,Income,,,735,0011U00000KuFj2QAF,
Lucy Savage,,Inexperienced,Growth,,,736,0011U00000KuFj3QAF,
Chester Tate,,Moderately Experienced,Balanced,,,737,0011U00000KuFj4QAF,
Malachi Garner,,Inexperienced,Conservative Income,,,738,0011U00000KuFj5QAF,
Moses Fletcher,,Moderately Experienced,Conservative Income,,,739,0011U00000KuFj6QAF,
Anastasia Bray,,Moderately Inexperienced,Aggressive Growth,,,740,0011U00000KuFj7QAF,
Kaden Brady,,Moderately Inexperienced,Growth,,,741,0011U00000KuFj8QAF,
Sylvester Burch,,Moderately Inexperienced,Income,,,742,0011U00000KuFj9QAF,
Amery Landry,,Inexperienced,Income,,,743,0011U00000KuFjAQAV,
Rachel Porter,,Moderately Inexperienced,Conservative Income,,,744,0011U00000KuFjBQAV,
Alden Noble,,Inexperienced,Growth,,,745,0011U00000KuFjCQAV,
Xavier Randolph,,Moderately Inexperienced,Income,,,746,0011U00000KuFjDQAV,
Kelsie Padilla,,Moderately Experienced,Growth,,,747,0011U00000KuFjEQAV,
Madonna Buckner,,Experienced,Balanced,,,748,0011U00000KuFjFQAV,
Blaine Larsen,,Moderately Inexperienced,Conservative Income,,,749,0011U00000KuFjGQAV,
Calista Mccray,,Moderately Experienced,Aggressive Growth,,,750,0011U00000KuFjHQAV,
Marshall Camacho,,Moderately Inexperienced,Income,,,751,0011U00000KuFjIQAV,
Jaime Contreras,,Moderately Inexperienced,Income,,,752,0011U00000KuFjJQAV,
Xerxes Pace,,Inexperienced,Conservative Income,,,753,0011U00000KuFjKQAV,
Kiayada Fisher,,Inexperienced,Balanced,,,754,0011U00000KuFjLQAV,
Hedwig Figueroa,,Moderately Experienced,Conservative Income,,,755,0011U00000KuFjMQAV,
Callum Mccullough,,Experienced,Income,,,756,0011U00000KuFjNQAV,
Ora Snider,,Moderately Experienced,Balanced,,,757,0011U00000KuFjOQAV,
Solomon Santos,,Moderately Experienced,Aggressive Growth,,,758,0011U00000KuFjPQAV,
Janna Black,,Moderately Experienced,Growth,,,759,0011U00000KuFjQQAV,
Abel Hicks,,Moderately Inexperienced,Growth,,,760,0011U00000KuFjRQAV,
Sage Gamble,,Moderately Inexperienced,Balanced,,,761,0011U00000KuFjSQAV,
Uriah Huffman,,Inexperienced,Growth,,,762,0011U00000KuFjTQAV,
Fay Bright,,Experienced,Income,,,763,0011U00000KuFjUQAV,
Xenos Sharpe,,Moderately Experienced,Growth,,,764,0011U00000KuFjVQAV,
Belle Valentine,,Moderately Experienced,Income,,,765,0011U00000KuFjWQAV,
Reese Wynn,,Moderately Inexperienced,Aggressive Growth,,,766,0011U00000KuFjXQAV,
Larissa Albert,,Moderately Inexperienced,Aggressive Growth,,,767,0011U00000KuFjYQAV,
Mufutau Charles,,Moderately Inexperienced,Aggressive Growth,,,768,0011U00000KuFjZQAV,
Jordan Pope,,Moderately Inexperienced,Income,,,769,0011U00000KuFjaQAF,
Allegra Kennedy,,Experienced,Balanced,,,770,0011U00000KuFjbQAF,
Quintessa Spence,,Moderately Inexperienced,Balanced,,,771,0011U00000KuFjcQAF,
Latifah Riggs,,Experienced,Income,,,772,0011U00000KuFjdQAF,
Zachery Le,,Inexperienced,Income,,,773,0011U00000KuFjeQAF,
Rafael Green,,Experienced,Conservative Income,,,774,0011U00000KuFjfQAF,
Xyla Brennan,,Moderately Experienced,Growth,,,775,0011U00000KuFjgQAF,
Kameko Bass,,Inexperienced,Growth,,,776,0011U00000KuFjhQAF,
Imani Owen,,Moderately Experienced,Conservative Income,,,777,0011U00000KuFjiQAF,
Tiger Smith,,Inexperienced,Growth,,,778,0011U00000KuFjjQAF,
Vera Hooper,,Moderately Inexperienced,Aggressive Growth,,,779,0011U00000KuFjkQAF,
Tara Cox,,Moderately Experienced,Balanced,,,780,0011U00000KuFjlQAF,
Leah Wood,,Experienced,Balanced,,,781,0011U00000KuFjmQAF,
Zena Nguyen,,Experienced,Income,,,782,0011U00000KuFjnQAF,
Rina Tillman,,Experienced,Aggressive Growth,,,783,0011U00000KuFjoQAF,
Suki Sanford,,Moderately Inexperienced,Aggressive Growth,,,784,0011U00000KuFjpQAF,
Angelica Gaines,,Moderately Experienced,Aggressive Growth,,,785,0011U00000KuFjqQAF,
Jared Blevins,,Moderately Experienced,Balanced,,,786,0011U00000KuFjrQAF,
Vera Chan,,Moderately Inexperienced,Growth,,,787,0011U00000KuFjsQAF,
Dorothy Kaufman,,Moderately Experienced,Income,,,788,0011U00000KuFjtQAF,
Edan Franks,,Moderately Experienced,Conservative Income,,,789,0011U00000KuFjuQAF,
Camden Palmer,,Moderately Experienced,Conservative Income,,,790,0011U00000KuFjvQAF,
Xandra Woods,,Experienced,Conservative Income,,,791,0011U00000KuFjwQAF,
Deacon Sheppard,,Inexperienced,Aggressive Growth,,,792,0011U00000KuFjxQAF,
Mona Shaffer,,Experienced,Growth,,,793,0011U00000KuFjyQAF,
David Mcdaniel,,Inexperienced,Balanced,,,794,0011U00000KuFjzQAF,
Walter Oneal,,Moderately Experienced,Income,,,795,0011U00000KuFk0QAF,
Sybill Warren,,Experienced,Aggressive Growth,,,796,0011U00000KuFk1QAF,
Rinah Todd,,Moderately Experienced,Income,,,797,0011U00000KuFk2QAF,
Myra Elliott,,Experienced,Balanced,,,798,0011U00000KuFk3QAF,
Joy Gutierrez,,Moderately Experienced,Balanced,,,799,0011U00000KuFk4QAF,
Nathaniel Garrett,,Experienced,Aggressive Growth,,,800,0011U00000KuFk5QAF,
Hall Stephenson,,Inexperienced,Aggressive Growth,,,801,0011U00000KuFk6QAF,
Noah Whitfield,,Moderately Experienced,Balanced,,,802,0011U00000KuFk7QAF,
Chanda Bruce,,Inexperienced,Balanced,,,803,0011U00000KuFk8QAF,
Brenden Lamb,,Experienced,Growth,,,804,0011U00000KuFk9QAF,
Jane Estes,,Inexperienced,Balanced,,,805,0011U00000KuFkAQAV,
Clayton Griffith,,Inexperienced,Balanced,,,806,0011U00000KuFkBQAV,
Connor Hardin,,Moderately Experienced,Conservative Income,,,807,0011U00000KuFkCQAV,
Jared Ray,,Experienced,Growth,,,808,0011U00000KuFkDQAV,
Brennan Mccoy,,Moderately Experienced,Income,,,809,0011U00000KuFkEQAV,
Fritz Parsons,,Moderately Experienced,Balanced,,,810,0011U00000KuFkFQAV,
Emi Bush,,Experienced,Aggressive Growth,,,811,0011U00000KuFkGQAV,
Jameson Mosley,,Inexperienced,Conservative Income,,,812,0011U00000KuFkHQAV,
Sasha Hardin,,Experienced,Balanced,,,813,0011U00000KuFkIQAV,
James Lane,,Moderately Inexperienced,Conservative Income,,,814,0011U00000KuFkJQAV,
Darius Everett,,Moderately Inexperienced,Balanced,,,815,0011U00000KuFkKQAV,
Robert Osborn,,Inexperienced,Aggressive Growth,,,816,0011U00000KuFkLQAV,
Ivana Anderson,,Moderately Inexperienced,Growth,,,817,0011U00000KuFkMQAV,
Kylie Pratt,,Moderately Inexperienced,Conservative Income,,,818,0011U00000KuFkNQAV,
Wade Francis,,Moderately Inexperienced,Growth,,,819,0011U00000KuFkOQAV,
Justina Harding,,Moderately Experienced,Growth,,,820,0011U00000KuFkPQAV,
Blossom Underwood,,Moderately Experienced,Growth,,,821,0011U00000KuFkQQAV,
Marah Raymond,,Experienced,Conservative Income,,,822,0011U00000KuFkRQAV,
Susan Gross,,Inexperienced,Income,,,823,0011U00000KuFkSQAV,
Harper Ashley,,Moderately Experienced,Balanced,,,824,0011U00000KuFkTQAV,
Ahmed Lamb,,Inexperienced,Balanced,,,825,0011U00000KuFkUQAV,
Elaine Charles,,Experienced,Conservative Income,,,826,0011U00000KuFkVQAV,
Ignacia Ayala,,Experienced,Balanced,,,827,0011U00000KuFkWQAV,
Preston Watts,,Moderately Inexperienced,Conservative Income,,,828,0011U00000KuFkXQAV,
Felix Christian,,Inexperienced,Aggressive Growth,,,829,0011U00000KuFkYQAV,
Ali Ayala,,Experienced,Conservative Income,,,830,0011U00000KuFkZQAV,
Roth Cunningham,,Inexperienced,Growth,,,831,0011U00000KuFkaQAF,
Cassandra Perkins,,Experienced,Growth,,,832,0011U00000KuFkbQAF,
Jason Wiley,,Moderately Experienced,Income,,,833,0011U00000KuFkcQAF,
Reese Small,,Experienced,Aggressive Growth,,,834,0011U00000KuFkdQAF,
Kevyn Farmer,,Moderately Inexperienced,Conservative Income,,,835,0011U00000KuFkeQAF,
Eric Sweeney,,Inexperienced,Income,,,836,0011U00000KuFkfQAF,
Marah Middleton,,Moderately Experienced,Growth,,,837,0011U00000KuFkgQAF,
Len Robbins,,Moderately Experienced,Income,,,838,0011U00000KuFkhQAF,
Britanney Fuentes,,Moderately Inexperienced,Income,,,839,0011U00000KuFkiQAF,
Quynn Mccormick,,Moderately Inexperienced,Aggressive Growth,,,840,0011U00000KuFkjQAF,
Heather Koch,,Moderately Experienced,Aggressive Growth,,,841,0011U00000KuFkkQAF,
Ulric Koch,,Moderately Inexperienced,Balanced,,,842,0011U00000KuFklQAF,
Wylie Bridges,,Experienced,Balanced,,,843,0011U00000KuFkmQAF,
Jane Shelton,,Moderately Experienced,Income,,,844,0011U00000KuFknQAF,
Macy Moore,,Moderately Inexperienced,Aggressive Growth,,,845,0011U00000KuFkoQAF,
Jemima Donovan,,Moderately Experienced,Conservative Income,,,846,0011U00000KuFkpQAF,
Vielka Norton,,Moderately Inexperienced,Income,,,847,0011U00000KuFkqQAF,
Adrian Wallace,,Moderately Experienced,Income,,,848,0011U00000KuFkrQAF,
Amethyst Santos,,Moderately Inexperienced,Income,,,849,0011U00000KuFksQAF,
Penelope York,,Experienced,Conservative Income,,,850,0011U00000KuFktQAF,
Brenden Perry,,Experienced,Conservative Income,,,851,0011U00000KuFkuQAF,
Wilma Stanton,,Moderately Experienced,Conservative Income,,,852,0011U00000KuFkvQAF,
Jenette Morris,,Moderately Experienced,Income,,,853,0011U00000KuFkwQAF,
Martha Wiggins,,Experienced,Balanced,,,854,0011U00000KuFkxQAF,
Grant Zamora,,Moderately Experienced,Income,,,855,0011U00000KuFkyQAF,
Jolene Levy,,Inexperienced,Aggressive Growth,,,856,0011U00000KuFkzQAF,
Gil Tran,,Experienced,Conservative Income,,,857,0011U00000KuFl0QAF,
Quinn Roach,,Moderately Inexperienced,Aggressive Growth,,,858,0011U00000KuFl1QAF,
Aline Anthony,,Moderately Inexperienced,Growth,,,859,0011U00000KuFl2QAF,
May Castillo,,Moderately Experienced,Aggressive Growth,,,860,0011U00000KuFl3QAF,
Beau Sweet,,Inexperienced,Growth,,,861,0011U00000KuFl4QAF,
Chanda Shields,,Moderately Experienced,Growth,,,862,0011U00000KuFl5QAF,
Illiana Hansen,,Moderately Inexperienced,Growth,,,863,0011U00000KuFl6QAF,
Skyler Russell,,Moderately Experienced,Balanced,,,864,0011U00000KuFl7QAF,
Otto Whitley,,Experienced,Growth,,,865,0011U00000KuFl8QAF,
Mohammad Watts,,Moderately Experienced,Aggressive Growth,,,866,0011U00000KuFl9QAF,
Hakeem Winters,,Moderately Inexperienced,Growth,,,867,0011U00000KuFlAQAV,
Marsden Harrison,,Moderately Inexperienced,Growth,,,868,0011U00000KuFlBQAV,
Tatiana Walsh,,Experienced,Growth,,,869,0011U00000KuFlCQAV,
Samson Humphrey,,Moderately Inexperienced,Income,,,870,0011U00000KuFlDQAV,
Leonard Gill,,Experienced,Balanced,,,871,0011U00000KuFlEQAV,
Norman Noel,,Inexperienced,Conservative Income,,,872,0011U00000KuFlFQAV,
Castor Woodward,,Moderately Experienced,Income,,,873,0011U00000KuFlGQAV,
Yuri Miranda,,Moderately Inexperienced,Aggressive Growth,,,874,0011U00000KuFlHQAV,
Elton Lowe,,Experienced,Balanced,,,875,0011U00000KuFlIQAV,
Brynne Chaney,,Experienced,Growth,,,876,0011U00000KuFlJQAV,
Piper Rogers,,Moderately Experienced,Growth,,,877,0011U00000KuFlKQAV,
Barrett Horne,,Moderately Experienced,Balanced,,,878,0011U00000KuFlLQAV,
Maggie Hinton,,Inexperienced,Aggressive Growth,,,879,0011U00000KuFlMQAV,
Amal Kane,,Inexperienced,Growth,,,880,0011U00000KuFlNQAV,
Declan Nunez,,Moderately Experienced,Income,,,881,0011U00000KuFlOQAV,
Remedios Wiley,,Inexperienced,Aggressive Growth,,,882,0011U00000KuFlPQAV,
Vance Davis,,Inexperienced,Conservative Income,,,883,0011U00000KuFlQQAV,
Olympia Fleming,,Moderately Inexperienced,Income,,,884,0011U00000KuFlRQAV,
Anika Wong,,Moderately Experienced,Growth,,,885,0011U00000KuFlSQAV,
Timon Shannon,,Moderately Inexperienced,Balanced,,,886,0011U00000KuFlTQAV,
Cassady Fischer,,Inexperienced,Aggressive Growth,,,887,0011U00000KuFlUQAV,
Tara Melton,,Moderately Inexperienced,Aggressive Growth,,,888,0011U00000KuFlVQAV,
Scarlet Sanchez,,Experienced,Balanced,,,889,0011U00000KuFlWQAV,
Basil Harper,,Moderately Experienced,Balanced,,,890,0011U00000KuFlXQAV,
Boris Woodard,,Experienced,Balanced,,,891,0011U00000KuFlYQAV,
Cameron Page,,Inexperienced,Conservative Income,,,892,0011U00000KuFlZQAV,
Kaseem Guthrie,,Experienced,Income,,,893,0011U00000KuFlaQAF,
Lester Green,,Moderately Inexperienced,Aggressive Growth,,,894,0011U00000KuFlbQAF,
Maggy Rojas,,Inexperienced,Balanced,,,895,0011U00000KuFlcQAF,
Jacqueline Clarke,,Moderately Experienced,Growth,,,896,0011U00000KuFldQAF,
Claudia Levy,,Inexperienced,Aggressive Growth,,,897,0011U00000KuFleQAF,
Morgan Horne,,Experienced,Conservative Income,,,898,0011U00000KuFlfQAF,
Macon Henson,,Inexperienced,Balanced,,,899,0011U00000KuFlgQAF,
Raja Leach,,Moderately Inexperienced,Conservative Income,,,900,0011U00000KuFlhQAF,
Rigel Clarke,,Moderately Inexperienced,Growth,,,901,0011U00000KuFliQAF,
Davis Bray,,Experienced,Growth,,,902,0011U00000KuFljQAF,
Tatum Monroe,,Moderately Inexperienced,Balanced,,,903,0011U00000KuFlkQAF,
Zephr Holmes,,Moderately Experienced,Balanced,,,904,0011U00000KuFllQAF,
Hiram Serrano,,Moderately Experienced,Growth,,,905,0011U00000KuFlmQAF,
Wallace Dejesus,,Moderately Experienced,Income,,,906,0011U00000KuFlnQAF,
Mikayla Burch,,Moderately Inexperienced,Growth,,,907,0011U00000KuFloQAF,
Mark Frost,,Experienced,Income,,,908,0011U00000KuFlpQAF,
Wendy Vinson,,Inexperienced,Conservative Income,,,909,0011U00000KuFlqQAF,
Nell Wallace,,Inexperienced,Balanced,,,910,0011U00000KuFlrQAF,
Aurelia Kelly,,Moderately Inexperienced,Growth,,,911,0011U00000KuFlsQAF,
Karina Dickson,,Experienced,Balanced,,,912,0011U00000KuFltQAF,
Jemima Callahan,,Moderately Experienced,Income,,,913,0011U00000KuFluQAF,
Shannon Mcpherson,,Moderately Inexperienced,Aggressive Growth,,,914,0011U00000KuFlvQAF,
Rae Morales,,Moderately Experienced,Conservative Income,,,915,0011U00000KuFlwQAF,
Noble Schroeder,,Inexperienced,Income,,,916,0011U00000KuFlxQAF,
Kessie Wong,,Moderately Inexperienced,Aggressive Growth,,,917,0011U00000KuFlyQAF,
Celeste Whitfield,,Moderately Inexperienced,Conservative Income,,,918,0011U00000KuFlzQAF,
Dean Griffith,,Inexperienced,Growth,,,919,0011U00000KuFm0QAF,
Fritz Cherry,,Moderately Inexperienced,Income,,,920,0011U00000KuFm1QAF,
Salvador Gonzalez,,Moderately Experienced,Aggressive Growth,,,921,0011U00000KuFm2QAF,
Emma Schultz,,Inexperienced,Conservative Income,,,922,0011U00000KuFm3QAF,
Kennedy Cotton,,Moderately Experienced,Growth,,,923,0011U00000KuFm4QAF,
George Woods,,Inexperienced,Income,,,924,0011U00000KuFm5QAF,
Leigh Webster,,Moderately Experienced,Aggressive Growth,,,925,0011U00000KuFm6QAF,
Medge Livingston,,Experienced,Conservative Income,,,926,0011U00000KuFm7QAF,
Donna Oneil,,Experienced,Aggressive Growth,,,927,0011U00000KuFm8QAF,
Sonya Gross,,Moderately Inexperienced,Aggressive Growth,,,928,0011U00000KuFm9QAF,
Yolanda Tate,,Moderately Experienced,Income,,,929,0011U00000KuFmAQAV,
Tiger Stout,,Moderately Inexperienced,Growth,,,930,0011U00000KuFmBQAV,
Derek Coffey,,Experienced,Balanced,,,931,0011U00000KuFmCQAV,
Elaine Barton,,Moderately Inexperienced,Growth,,,932,0011U00000KuFmDQAV,
Harlan Humphrey,,Experienced,Balanced,,,933,0011U00000KuFmEQAV,
Arden Green,,Moderately Experienced,Income,,,934,0011U00000KuFmFQAV,
Hyacinth Avery,,Inexperienced,Growth,,,935,0011U00000KuFmGQAV,
Robert Case,,Moderately Experienced,Aggressive Growth,,,936,0011U00000KuFmHQAV,
Cally Slater,,Moderately Inexperienced,Conservative Income,,,937,0011U00000KuFmIQAV,
Blossom Cole,,Experienced,Aggressive Growth,,,938,0011U00000KuFmJQAV,
Dacey Riley,,Moderately Experienced,Aggressive Growth,,,939,0011U00000KuFmKQAV,
Mari Bright,,Experienced,Income,,,940,0011U00000KuFmLQAV,
Eagan Mejia,,Experienced,Income,,,941,0011U00000KuFmMQAV,
Aphrodite Stevens,,Experienced,Income,,,942,0011U00000KuFmNQAV,
Berk Hart,,Moderately Inexperienced,Aggressive Growth,,,943,0011U00000KuFmOQAV,
Morgan French,,Moderately Inexperienced,Growth,,,944,0011U00000KuFmPQAV,
Zephania Bishop,,Experienced,Conservative Income,,,945,0011U00000KuFmQQAV,
Nash Dickerson,,Inexperienced,Income,,,946,0011U00000KuFmRQAV,
Dante Haney,,Moderately Experienced,Balanced,,,947,0011U00000KuFmSQAV,
Lynn Jacobson,,Moderately Experienced,Conservative Income,,,948,0011U00000KuFmTQAV,
Patience Hutchinson,,Moderately Experienced,Income,,,949,0011U00000KuFmUQAV,
Hamish Kirby,,Inexperienced,Income,,,950,0011U00000KuFmVQAV,
Sopoline Shepherd,,Moderately Experienced,Growth,,,951,0011U00000KuFmWQAV,
Jeanette Vincent,,Moderately Inexperienced,Balanced,,,952,0011U00000KuFmXQAV,
Amelia Harding,,Moderately Experienced,Conservative Income,,,953,0011U00000KuFmYQAV,
Hedley Parrish,,Experienced,Income,,,954,0011U00000KuFmZQAV,
Phillip Curry,,Moderately Inexperienced,Aggressive Growth,,,955,0011U00000KuFmaQAF,
Tiger Clay,,Inexperienced,Growth,,,956,0011U00000KuFmbQAF,
Xandra Ferguson,,Experienced,Balanced,,,957,0011U00000KuFmcQAF,
Leilani Evans,,Moderately Experienced,Income,,,958,0011U00000KuFmdQAF,
Xena Ewing,,Experienced,Balanced,,,959,0011U00000KuFmeQAF,
Cade Keller,,Inexperienced,Conservative Income,,,960,0011U00000KuFmfQAF,
Asher Davidson,,Inexperienced,Income,,,961,0011U00000KuFmgQAF,
Upton Reed,,Moderately Inexperienced,Balanced,,,962,0011U00000KuFmhQAF,
Christian Grant,,Experienced,Income,,,963,0011U00000KuFmiQAF,
April Garza,,Moderately Inexperienced,Aggressive Growth,,,964,0011U00000KuFmjQAF,
Hyacinth Hammond,,Moderately Inexperienced,Growth,,,965,0011U00000KuFmkQAF,
Fitzgerald Obrien,,Moderately Inexperienced,Income,,,966,0011U00000KuFmlQAF,
Cullen Ferrell,,Inexperienced,Aggressive Growth,,,967,0011U00000KuFmmQAF,
Eagan Reese,,Inexperienced,Growth,,,968,0011U00000KuFmnQAF,
Florence Clements,,Moderately Inexperienced,Aggressive Growth,,,969,0011U00000KuFmoQAF,
Howard Shannon,,Inexperienced,Balanced,,,970,0011U00000KuFmpQAF,
Sigourney Vargas,,Moderately Experienced,Conservative Income,,,971,0011U00000KuFmqQAF,
Cullen Johnson,,Moderately Inexperienced,Balanced,,,972,0011U00000KuFmrQAF,
Aidan Duffy,,Moderately Experienced,Income,,,973,0011U00000KuFmsQAF,
Gil Reid,,Moderately Inexperienced,Aggressive Growth,,,974,0011U00000KuFmtQAF,
Britanni Mcdowell,,Experienced,Conservative Income,,,975,0011U00000KuFmuQAF,
Leo Walters,,Moderately Experienced,Balanced,,,976,0011U00000KuFmvQAF,
Maxine Cantrell,,Moderately Experienced,Growth,,,977,0011U00000KuFmwQAF,
Roary Atkins,,Moderately Experienced,Income,,,978,0011U00000KuFmxQAF,
Ryan Mcmillan,,Moderately Inexperienced,Conservative Income,,,979,0011U00000KuFmyQAF,
Sarah Wilkinson,,Experienced,Growth,,,980,0011U00000KuFmzQAF,
Felix Nixon,,Inexperienced,Growth,,,981,0011U00000KuFn0QAF,
Hamilton Dickerson,,Experienced,Balanced,,,982,0011U00000KuFn1QAF,
Cole Odonnell,,Inexperienced,Growth,,,983,0011U00000KuFn2QAF,
Howard Chambers,,Moderately Inexperienced,Balanced,,,984,0011U00000KuFn3QAF,
Ivan Maxwell,,Moderately Experienced,Conservative Income,,,985,0011U00000KuFn4QAF,
Kane Byrd,,Experienced,Conservative Income,,,986,0011U00000KuFn5QAF,
Madonna Anderson,,Moderately Inexperienced,Income,,,987,0011U00000KuFn6QAF,
Madison Mejia,,Experienced,Balanced,,,988,0011U00000KuFn7QAF,
Basia Mullen,,Moderately Inexperienced,Conservative Income,,,989,0011U00000KuFn8QAF,
Avram Sweet,,Inexperienced,Conservative Income,,,990,0011U00000KuFn9QAF,
Chelsea Dorsey,,Moderately Inexperienced,Income,,,991,0011U00000KuFnAQAV,
Otto Baker,,Inexperienced,Income,,,992,0011U00000KuFnBQAV,
Isaac Stafford,,Experienced,Balanced,,,993,0011U00000KuFnCQAV,
Ross Buchanan,,Moderately Inexperienced,Aggressive Growth,,,994,0011U00000KuFnDQAV,
Nigel Campos,,Experienced,Growth,,,995,0011U00000KuFnEQAV,
Davis Blackwell,,Inexperienced,Conservative Income,,,996,0011U00000KuFnFQAV,
Jasper Johnston,,Moderately Experienced,Aggressive Growth,,,997,0011U00000KuFnGQAV,
Brenna Porter,,Moderately Inexperienced,Income,,,998,0011U00000KuFnHQAV,
Griffin Thompson,,Inexperienced,Conservative Income,,,999,0011U00000KuFnIQAV,
Raven Clark,,Moderately Experienced,Conservative Income,,,1000,0011U00000KuFnJQAV,